SettlementDate,SettlementPeriod,StartTime,CreatedDateTime,SystemSellPrice,SystemBuyPrice,BsadDefaulted,PriceDerivationCode,ReserveScarcityPrice,NetImbalanceVolume,SellPriceAdjustment,BuyPriceAdjustment,ReplacementPrice,ReplacementPriceReferenceVolume,TotalAcceptedOfferVolume,TotalAcceptedBidVolume,TotalAdjustmentSellVolume,TotalAdjustmentBuyVolume,TotalSystemTaggedAcceptedOfferVolume,TotalSystemTaggedAcceptedBidVolume,TotalSystemTaggedAdjustmentSellVolume,TotalSystemTaggedAdjustmentBuyVolume
2026-04-01,1,2026-03-31T23:00:00Z,2026-04-01T23:44:41Z,103.920000000000001705,103.920000000000001705,False,N,0.000000000000000000,-17.056945806657846987,0.00,0.00,103.920000000000001705,0.000000000000000000,1368.451387526675489426,-1434.725661633818390328,-0.005000000000000000,49.000000000000000000,1368.451387526675489426,-1433.725661633818390328,-0.005000000000000000,49.000000000000000000
2026-04-01,2,2026-03-31T23:30:00Z,2026-04-02T00:14:45Z,101.359999999999999432,101.359999999999999432,False,N,0.000000000000000000,-105.477613336167806324,0.00,0.00,101.359999999999999432,0.000000000000000000,1329.943442219387861769,-1435.333638542139169658,0.000000000000000000,0.000000000000000000,1329.943442219387861769,-1434.333638542139169658,,
2026-04-01,3,2026-04-01T00:00:00Z,2026-04-02T00:44:41Z,92.879999999999995453,92.879999999999995453,False,N,0.000000000000000000,-171.930731666666673618,0.00,0.00,92.879999999999995453,0.000000000000000000,1168.360934999999926731,-1340.133749999999963620,0.000000000000000000,0.000000000000000000,1168.360934999999926731,-1339.133749999999963620,,
2026-04-01,4,2026-04-01T00:30:00Z,2026-04-02T01:14:44Z,118.129999999999995453,118.129999999999995453,False,P,0.000000000000000000,46.511554214616403158,0.00,0.00,,,1408.486554214616489844,-1361.900655252976093834,0.000000000000000000,0.000000000000000000,1407.486554214616489844,-1361.900655252976093834,,
2026-04-01,5,2026-04-01T01:00:00Z,2026-04-02T01:44:46Z,119.189999999999997726,119.189999999999997726,False,P,0.000000000000000000,102.768855152116401541,0.00,0.00,,,1576.491132929894092740,-1502.609110370370444798,-0.005000000000000000,28.932999999999999829,1575.491132929894092740,-1502.609110370370444798,-0.005000000000000000,28.932999999999999829
2026-04-01,6,2026-04-01T01:30:00Z,2026-04-02T02:16:50Z,95.230000000000003979,95.230000000000003979,False,N,0.000000000000000000,-175.559519938141932016,0.00,0.00,95.230000000000003979,0.000000000000000000,1337.377980061858124827,-1512.590100522875900424,-0.014999999999999999,0.000000000000000000,1337.377980061858124827,-1511.590100522875900424,-0.014999999999999999,
2026-04-01,7,2026-04-01T02:00:00Z,2026-04-02T02:44:43Z,90.700000000000002842,90.700000000000002842,False,N,0.000000000000000000,-231.616666342592594674,0.00,0.00,90.700000000000002842,0.000000000000000000,1319.516666990740759502,-1551.033333425926002747,-0.014999999999999999,0.000000000000000000,1319.516666990740759502,-1550.033333425926002747,-0.014999999999999999,
2026-04-01,8,2026-04-01T02:30:00Z,2026-04-02T03:14:39Z,89.370000000000004547,89.370000000000004547,False,N,0.000000000000000000,-60.537172123015871250,0.00,0.00,89.370000000000004547,0.000000000000000000,1488.866161210317386576,-1549.402829861111058563,-0.025000000000000001,0.000000000000000000,1488.866161210317386576,-1548.402829861111058563,-0.025000000000000001,
2026-04-01,9,2026-04-01T03:00:00Z,2026-04-02T03:44:39Z,119.000000000000000000,119.000000000000000000,False,P,0.000000000000000000,53.472227731481481783,0.00,0.00,,,1591.422227731481370938,-1538.000000000000000000,-0.029999999999999999,0.000000000000000000,1590.422227731481370938,-1538.000000000000000000,-0.029999999999999999,
2026-04-01,10,2026-04-01T03:30:00Z,2026-04-02T04:14:36Z,59.600000000000001421,59.600000000000001421,False,N,0.000000000000000000,-118.137484242424235958,0.00,0.00,59.600000000000001421,1.000000000000000000,1455.512515757575783937,-1573.466808686868716904,-0.044999999999999998,0.000000000000000000,1455.512515757575783937,-1572.466808686868716904,-0.044999999999999998,
2026-04-01,11,2026-04-01T04:00:00Z,2026-04-02T04:44:35Z,96.000000000000000000,96.000000000000000000,False,N,0.000000000000000000,-11.334248968253968215,0.00,0.00,96.000000000000000000,0.000000000000000000,1498.723417698412731625,-1534.483333333333348492,-0.059999999999999998,24.434000000000001052,1498.723417698412731625,-1533.483333333333348492,-0.059999999999999998,24.434000000000001052
2026-04-01,12,2026-04-01T04:30:00Z,2026-04-02T05:14:32Z,93.939999999999997726,93.939999999999997726,False,N,0.000000000000000000,-69.058246460922617871,0.00,0.00,93.939999999999997726,0.000000000000000000,1458.408420215057731184,-1527.481235737179531498,-0.040000000000000001,0.000000000000000000,1458.408420215057731184,-1526.481235737179531498,-0.040000000000000001,
2026-04-01,13,2026-04-01T05:00:00Z,2026-04-02T05:44:33Z,132.000000000000000000,132.000000000000000000,False,P,0.000000000000000000,304.171242492395208501,0.00,0.00,,,1834.994288973876564341,-1571.625724871367083324,-0.044999999999999998,41.106999999999999318,1833.994288973876564341,-1571.625724871367083324,-0.044999999999999998,41.106999999999999318
2026-04-01,14,2026-04-01T05:30:00Z,2026-04-02T06:14:39Z,139.900000000000005684,139.900000000000005684,False,P,0.000000000000000000,318.435287552131967459,0.00,0.00,,,1844.043176441020932543,-1604.500727754629679112,-0.055000000000000000,79.066000000000002501,1843.043176441020932543,-1604.500727754629679112,-0.055000000000000000,79.066000000000002501
2026-04-01,15,2026-04-01T06:00:00Z,2026-04-02T06:44:36Z,154.900000000000005684,154.900000000000005684,False,P,0.000000000000000000,627.194739967951363724,0.00,0.00,,,1383.624119532152690226,-1709.140011143159654239,0.000000000000000000,952.977999999999951797,1382.624119532152690226,-1709.140011143159654239,,952.977999999999951797
2026-04-01,16,2026-04-01T06:30:00Z,2026-04-02T07:14:22Z,163.000000000000000000,163.000000000000000000,False,P,0.000000000000000000,829.491903333333311821,0.00,0.00,,,1332.126561249999895153,-1452.634416171875045620,0.000000000000000000,950.000000000000000000,1331.126561249999895153,-1452.634416171875045620,,950.000000000000000000
2026-04-01,17,2026-04-01T07:00:00Z,2026-04-02T07:44:28Z,132.000000000000000000,132.000000000000000000,False,P,0.000000000000000000,141.944510119003012960,0.00,0.00,,,1455.564555398434322342,-1319.532817782687061481,0.000000000000000000,5.894999999999999574,1454.564555398434322342,-1319.532817782687061481,,5.894999999999999574
2026-04-01,18,2026-04-01T07:30:00Z,2026-04-02T08:14:25Z,149.900000000000005684,149.900000000000005684,False,P,0.000000000000000000,437.320248472938544637,0.00,0.00,,,1689.070005834049652549,-1278.826683826793441767,0.000000000000000000,27.000000000000000000,1688.070005834049652549,-1278.826683826793441767,,27.000000000000000000
2026-04-01,19,2026-04-01T08:00:00Z,2026-04-02T08:44:33Z,127.400000000000005684,127.400000000000005684,False,P,0.000000000000000000,214.495218851010093886,0.00,0.00,,,1459.270220934343342378,-1255.049999999999954525,0.000000000000000000,10.800000000000000711,1458.270220934343342378,-1255.049999999999954525,,10.800000000000000711
2026-04-01,20,2026-04-01T08:30:00Z,2026-04-02T09:14:30Z,132.020000000000010232,132.020000000000010232,False,P,0.000000000000000000,320.369763745335035310,0.00,0.00,,,1627.944917442059022505,-1334.559146636503328409,0.000000000000000000,27.000000000000000000,1626.944917442059022505,-1334.559146636503328409,,27.000000000000000000
2026-04-01,21,2026-04-01T09:00:00Z,2026-04-02T09:44:27Z,119.950000000000002842,119.950000000000002842,False,P,0.000000000000000000,422.306087262544792793,0.00,0.00,,,1776.869108929211506620,-1369.849590640681071818,0.000000000000000000,14.804999999999999716,1775.869108929211506620,-1369.849590640681071818,,14.804999999999999716
2026-04-01,22,2026-04-01T09:30:00Z,2026-04-02T10:14:30Z,114.900000000000005684,114.900000000000005684,False,P,0.000000000000000000,526.152976864373499666,0.00,0.00,,,1879.043478392151428125,-1352.648022378050654879,0.000000000000000000,0.000000000000000000,1878.043478392151428125,-1352.648022378050654879,,
2026-04-01,23,2026-04-01T10:00:00Z,2026-04-02T10:44:26Z,114.900000000000005684,114.900000000000005684,False,P,0.000000000000000000,398.290462284313719010,0.00,0.00,,,1719.943607642500865040,-1321.946761399731485653,0.000000000000000000,0.000000000000000000,1718.943607642500865040,-1321.946761399731485653,,
2026-04-01,24,2026-04-01T10:30:00Z,2026-04-02T11:14:25Z,114.900000000000005684,114.900000000000005684,False,P,0.000000000000000000,132.756197960648137268,0.00,0.00,,,1609.631267405092557965,-1477.048839267182984258,0.000000000000000000,0.000000000000000000,1608.631267405092557965,-1477.048839267182984258,,
2026-04-01,25,2026-04-01T11:00:00Z,2026-04-02T11:44:29Z,114.900000000000005684,114.900000000000005684,False,P,0.000000000000000000,184.678762870370377414,0.00,0.00,,,1676.928761481481387818,-1492.010540214646425738,0.000000000000000000,0.000000000000000000,1675.928761481481387818,-1492.010540214646425738,,
2026-04-01,26,2026-04-01T11:30:00Z,2026-04-02T12:14:34Z,114.900000000000005684,114.900000000000005684,False,P,0.000000000000000000,31.803436240842490434,0.00,0.00,,,1548.014668046398128354,-1515.941681448412737154,0.000000000000000000,0.000000000000000000,1547.014668046398128354,-1515.941681448412737154,,
2026-04-01,27,2026-04-01T12:00:00Z,2026-04-02T12:46:23Z,114.900000000000005684,114.900000000000005684,False,P,0.000000000000000000,447.499166780303028190,0.00,0.00,,,1867.887755391414202677,-1420.252159444444487235,0.000000000000000000,0.000000000000000000,1866.887755391414202677,-1420.252159444444487235,,
2026-04-01,28,2026-04-01T12:30:00Z,2026-04-02T13:14:54Z,114.900000000000005684,114.900000000000005684,False,P,0.000000000000000000,301.169975377268087868,0.00,0.00,,,1824.781293124573721798,-1523.906476051683057449,0.000000000000000000,0.000000000000000000,1823.781293124573721798,-1523.906476051683057449,,
2026-04-01,29,2026-04-01T13:00:00Z,2026-04-02T13:44:41Z,114.900000000000005684,114.900000000000005684,False,P,0.000000000000000000,513.275295664983218558,0.00,0.00,,,2115.134019692760830367,-1602.181441666666614765,0.000000000000000000,0.000000000000000000,2114.134019692760830367,-1602.181441666666614765,,
2026-04-01,30,2026-04-01T13:30:00Z,2026-04-02T14:14:49Z,114.900000000000005684,114.900000000000005684,False,P,0.000000000000000000,547.944870165193606226,0.00,0.00,,,2015.155187109638063703,-1467.049988532196948654,0.000000000000000000,0.000000000000000000,2014.155187109638063703,-1467.049988532196948654,,
2026-04-01,31,2026-04-01T14:00:00Z,2026-04-02T14:44:40Z,114.900000000000005684,114.900000000000005684,False,P,0.000000000000000000,474.608112954695741337,0.00,0.00,,,1756.333446288029108473,-1303.434144936037910156,0.000000000000000000,21.632999999999999119,1755.333446288029108473,-1303.434144936037910156,,21.632999999999999119
2026-04-01,32,2026-04-01T14:30:00Z,2026-04-02T15:14:36Z,114.900000000000005684,114.900000000000005684,False,P,0.000000000000000000,708.692649563492068410,0.00,0.00,,,1978.637094007936411799,-1269.758666666666613310,0.000000000000000000,0.000000000000000000,1977.637094007936411799,-1269.758666666666613310,,
2026-04-01,33,2026-04-01T15:00:00Z,2026-04-02T15:45:18Z,114.900000000000005684,114.900000000000005684,False,P,0.000000000000000000,430.928283627754524332,0.00,0.00,,,1949.941714363356368267,-1519.260524060087618636,0.000000000000000000,0.000000000000000000,1948.941714363356368267,-1519.260524060087618636,,
2026-04-01,34,2026-04-01T15:30:00Z,2026-04-02T16:14:34Z,114.900000000000005684,114.900000000000005684,False,P,0.000000000000000000,157.942219831477586922,0.00,0.00,,,1760.188883132759656291,-1602.054850312500093423,0.000000000000000000,0.000000000000000000,1759.188883132759656291,-1602.054850312500093423,,
2026-04-01,35,2026-04-01T16:00:00Z,2026-04-02T16:44:36Z,115.459999999999993747,115.459999999999993747,False,N,0.000000000000000000,-272.068111341640076262,0.00,0.00,115.459999999999993747,0.000000000000000000,1637.925511705788721883,-1909.913128883432818839,0.000000000000000000,0.000000000000000000,1637.925511705788721883,-1908.913128883432818839,,
2026-04-01,36,2026-04-01T16:30:00Z,2026-04-02T17:14:35Z,116.590000000000003411,116.590000000000003411,False,N,0.000000000000000000,-174.391625963829369539,0.00,0.00,116.590000000000003411,0.000000000000000000,1753.097325637994345016,-1930.482599919998847326,0.000000000000000000,3.016999999999999904,1753.097325637994345016,-1929.482599919998847326,,3.016999999999999904
2026-04-01,37,2026-04-01T17:00:00Z,2026-04-02T17:44:35Z,154.189999999999997726,154.189999999999997726,False,P,0.000000000000000000,725.328265560643103527,0.00,0.00,,,2248.255713502238450019,-1817.356158404558300390,0.000000000000000000,294.632999999999981355,2247.255713502238450019,-1817.356158404558300390,,294.632999999999981355
2026-04-01,38,2026-04-01T17:30:00Z,2026-04-02T18:15:11Z,135.490000000000009095,135.490000000000009095,False,P,0.000000000000000000,47.908080838596447393,0.00,0.00,,,1806.513486204753917264,-2103.515015133653378143,0.000000000000000000,345.372000000000014097,1805.513486204753917264,-2103.515015133653378143,,345.372000000000014097
2026-04-01,39,2026-04-01T18:00:00Z,2026-04-02T18:44:51Z,147.950670645618487242,147.950670645618487242,False,P,0.000000000000000000,295.401958750000005693,0.00,0.00,,,1778.985697222222142955,-1769.784030555555546016,0.000000000000000000,286.410000000000025011,1778.602405138888798319,-1769.784030555555546016,,285.793292083333312803
2026-04-01,40,2026-04-01T18:30:00Z,2026-04-02T19:15:29Z,161.759999999999990905,161.759999999999990905,False,P,0.000000000000000000,632.553799193548343283,0.00,0.00,,,1828.194659089381730155,-1535.690635582437380435,0.000000000000000000,340.197000000000002728,1827.194659089381730155,-1535.690635582437380435,,340.197000000000002728
2026-04-01,41,2026-04-01T19:00:00Z,2026-04-02T19:44:46Z,164.900000000000005684,164.900000000000005684,False,P,0.000000000000000000,628.014128888888876645,0.00,0.00,,,1639.920795555555514511,-1359.412182361111035789,0.000000000000000000,347.500000000000000000,1638.920795555555514511,-1359.412182361111035789,,347.500000000000000000
2026-04-01,42,2026-04-01T19:30:00Z,2026-04-02T20:14:38Z,161.000000000000000000,161.000000000000000000,False,P,0.000000000000000000,543.532132638888924703,0.00,0.00,,,1513.918910416666676610,-1204.301687361111135033,0.000000000000000000,233.920999999999992269,1512.918910416666676610,-1204.301687361111135033,,233.920999999999992269
2026-04-01,43,2026-04-01T20:00:00Z,2026-04-02T20:45:11Z,168.449999999999988631,168.449999999999988631,False,P,0.000000000000000000,771.541104665471948465,0.00,0.00,,,1553.928433693249644421,-785.350884583333368028,0.000000000000000000,3.083000000000000185,1552.928433693249644421,-785.350884583333368028,,3.083000000000000185
2026-04-01,44,2026-04-01T20:30:00Z,2026-04-02T21:14:37Z,168.449999999999988631,168.449999999999988631,False,P,0.000000000000000000,536.552449223416942914,0.00,0.00,,,1038.319115890083594422,-501.883333333333325754,0.000000000000000000,0.000000000000000000,1037.319115890083594422,-501.883333333333325754,,
2026-04-01,45,2026-04-01T21:00:00Z,2026-04-02T21:44:35Z,139.990000000000009095,139.990000000000009095,False,P,0.000000000000000000,316.011111111111119953,0.00,0.00,,,735.783333333333303017,-420.080555555555577030,0.000000000000000000,0.000000000000000000,734.783333333333303017,-420.080555555555577030,,
2026-04-01,46,2026-04-01T21:30:00Z,2026-04-02T22:14:35Z,107.120000000000004547,107.120000000000004547,False,N,0.000000000000000000,-14.074999999999999289,0.00,0.00,,,281.483333333333348492,-295.800000000000011369,0.000000000000000000,0.000000000000000000,281.483333333333348492,-294.800000000000011369,,
2026-04-01,47,2026-04-01T22:00:00Z,2026-04-02T22:44:37Z,87.159999999999996589,87.159999999999996589,False,N,0.000000000000000000,-96.023611111111108585,0.00,0.00,,,201.058333333333337123,-297.448611111111119953,0.000000000000000000,0.000000000000000000,201.058333333333337123,-296.448611111111119953,,
2026-04-01,48,2026-04-01T22:30:00Z,2026-04-02T23:14:53Z,116.900000000000005684,116.900000000000005684,False,P,0.000000000000000000,211.669444444444451392,0.00,0.00,116.900000000000005684,1.000000000000000000,241.208333333333342807,-29.538888888888887863,0.000000000000000000,0.000000000000000000,240.208333333333342807,-29.538888888888887863,,
2026-04-02,1,2026-04-01T23:00:00Z,2026-04-02T23:44:46Z,116.900000000000005684,116.900000000000005684,False,P,0.000000000000000000,216.191666666666662877,0.00,0.00,116.900000000000005684,1.000000000000000000,240.041666666666657193,-23.850000000000001421,0.000000000000000000,0.000000000000000000,239.041666666666657193,-23.850000000000001421,,
2026-04-02,2,2026-04-01T23:30:00Z,2026-04-03T00:14:33Z,108.310000000000002274,108.310000000000002274,False,P,0.000000000000000000,88.216666666666668561,0.00,0.00,108.310000000000002274,0.000000000000000000,120.000000000000000000,-31.783333333333334991,0.000000000000000000,0.000000000000000000,119.000000000000000000,-31.783333333333334991,,
2026-04-02,3,2026-04-02T00:00:00Z,2026-04-03T00:44:35Z,100.090000000000003411,100.090000000000003411,False,N,0.000000000000000000,-0.746228632478632470,0.00,0.00,,,120.000000000000000000,-120.867061965811970481,0.000000000000000000,0.000000000000000000,120.000000000000000000,-120.120833333333337123,,
2026-04-02,4,2026-04-02T00:30:00Z,2026-04-03T01:14:38Z,124.000000000000000000,124.000000000000000000,False,P,0.000000000000000000,40.717222222222218875,0.00,0.00,,,183.375000000000000000,-143.141111111111115406,0.000000000000000000,0.000000000000000000,182.375000000000000000,-143.141111111111115406,,
2026-04-02,5,2026-04-02T01:00:00Z,2026-04-03T01:44:37Z,115.000000000000000000,115.000000000000000000,False,P,0.000000000000000000,91.042396645299149327,0.00,0.00,115.000000000000000000,1.000000000000000000,156.417396645299135116,-65.033421314102568545,0.000000000000000000,0.000000000000000000,155.417396645299135116,-65.033421314102568545,,
2026-04-02,6,2026-04-02T01:30:00Z,2026-04-03T02:15:19Z,87.109999999999999432,87.109999999999999432,False,N,0.000000000000000000,-149.860296388888883712,0.00,0.00,,,120.001885555555560359,-269.969856478209635497,0.000000000000000000,0.000000000000000000,120.001885555555560359,-268.969856478209635497,,
2026-04-02,7,2026-04-02T02:00:00Z,2026-04-03T02:44:39Z,86.599999999999994316,86.599999999999994316,False,N,0.000000000000000000,-677.730320512820526346,0.00,0.00,,,120.000000000000000000,-797.746987179487177855,0.000000000000000000,0.000000000000000000,120.000000000000000000,-796.746987179487177855,,
2026-04-02,8,2026-04-02T02:30:00Z,2026-04-03T03:14:45Z,86.599999999999994316,86.599999999999994316,False,N,0.000000000000000000,-479.472282998806747401,0.00,0.00,,,163.634135038780669902,-643.279489239591384830,0.000000000000000000,0.000000000000000000,163.634135038780669902,-642.279489239591384830,,
2026-04-02,9,2026-04-02T03:00:00Z,2026-04-03T03:44:38Z,87.109999999999999432,87.109999999999999432,False,N,0.000000000000000000,-450.753402126623370805,0.00,0.00,,,158.152570214646459590,-609.345826369047586013,0.000000000000000000,0.000000000000000000,158.152570214646459590,-608.345826369047586013,,
2026-04-02,10,2026-04-02T03:30:00Z,2026-04-03T04:14:45Z,87.140000000000000568,87.140000000000000568,False,N,0.000000000000000000,-328.121769619408382823,0.00,0.00,,,185.174242424242436300,-513.396012043650785017,0.000000000000000000,0.000000000000000000,185.174242424242436300,-512.396012043650785017,,
2026-04-02,11,2026-04-02T04:00:00Z,2026-04-03T04:44:40Z,87.150000000000005684,87.150000000000005684,False,N,0.000000000000000000,-162.437962962962956226,0.00,0.00,,,274.316666666666662877,-436.887962962962944857,0.000000000000000000,0.000000000000000000,274.316666666666662877,-435.887962962962944857,,
2026-04-02,12,2026-04-02T04:30:00Z,2026-04-03T05:14:36Z,87.150000000000005684,87.150000000000005684,False,N,0.000000000000000000,-148.751666666666665151,0.00,0.00,,,320.406667098765410628,-469.550000000000011369,0.000000000000000000,0.000000000000000000,320.406667098765410628,-468.550000000000011369,,
2026-04-02,13,2026-04-02T05:00:00Z,2026-04-03T05:44:36Z,136.900000000000005684,136.900000000000005684,False,P,0.000000000000000000,25.577623611111111046,0.00,0.00,,,281.984090277777795563,-256.482225000000028103,0.000000000000000000,0.000000000000000000,280.984090277777795563,-256.482225000000028103,,
2026-04-02,14,2026-04-02T05:30:00Z,2026-04-03T06:14:36Z,141.099999999999994316,141.099999999999994316,False,P,0.000000000000000000,209.449999999999988631,0.00,0.00,,,230.322597259259254088,-36.672591370370369646,0.000000000000000000,16.250000000000000000,229.322597259259254088,-36.672591370370369646,,16.250000000000000000
2026-04-02,15,2026-04-02T06:00:00Z,2026-04-03T06:44:34Z,97.510000000000005116,97.510000000000005116,False,N,0.000000000000000000,-70.004517777777778065,0.00,0.00,,,163.760687310450236964,-233.494012777777783185,0.000000000000000000,0.000000000000000000,163.760687310450236964,-232.494012777777783185,,
2026-04-02,16,2026-04-02T06:30:00Z,2026-04-03T07:14:41Z,136.900000000000005684,136.900000000000005684,False,P,0.000000000000000000,133.753722500000009177,0.00,0.00,,,252.018749348839577351,-127.121538290049329589,0.000000000000000000,8.800000000000000711,251.018749348839577351,-127.121538290049329589,,8.800000000000000711
2026-04-02,17,2026-04-02T07:00:00Z,2026-04-03T07:44:37Z,87.250000000000000000,87.250000000000000000,False,N,0.000000000000000000,-2.013648763565218491,0.00,0.00,,,442.395368815971266940,-507.121913888673589099,0.000000000000000000,63.432999999999999829,442.395368815971266940,-506.121913888673589099,,63.432999999999999829
2026-04-02,18,2026-04-02T07:30:00Z,2026-04-03T08:14:46Z,87.500000000000000000,87.500000000000000000,False,N,0.000000000000000000,-30.517722222222221973,0.00,0.00,,,200.262499999999988631,-278.805555555555542924,0.000000000000000000,48.116999999999997328,200.262499999999988631,-277.805555555555542924,,48.116999999999997328
2026-04-02,19,2026-04-02T08:00:00Z,2026-04-03T08:44:40Z,136.900000000000005684,136.900000000000005684,False,P,0.000000000000000000,119.579282407407404776,0.00,0.00,,,422.570833333333325754,-303.230276416122023875,0.000000000000000000,0.000000000000000000,421.570833333333325754,-303.230276416122023875,,
2026-04-02,20,2026-04-02T08:30:00Z,2026-04-03T09:14:39Z,90.530000000000001137,90.530000000000001137,False,N,0.000000000000000000,-16.595709499748618754,0.00,0.00,,,404.728359828431393908,-421.581912522624406847,0.000000000000000000,0.000000000000000000,404.728359828431393908,-420.581912522624406847,,
2026-04-02,21,2026-04-02T09:00:00Z,2026-04-03T09:44:36Z,87.510000000000005116,87.510000000000005116,False,N,0.000000000000000000,-83.555834166666670626,0.00,0.00,,,343.875000000000000000,-427.254167499999994106,0.000000000000000000,0.000000000000000000,343.875000000000000000,-426.254167499999994106,,
2026-04-02,22,2026-04-02T09:30:00Z,2026-04-03T10:14:43Z,121.150000000000005684,121.150000000000005684,False,P,0.000000000000000000,17.165684999999999860,0.00,0.00,,,309.641668596491228982,-292.475973472222221972,0.000000000000000000,0.000000000000000000,308.641668596491228982,-292.475973472222221972,,
2026-04-02,23,2026-04-02T10:00:00Z,2026-04-03T10:44:48Z,87.500000000000000000,87.500000000000000000,False,N,0.000000000000000000,-51.073294823232323836,0.00,0.00,,,279.708334583333339651,-330.905870934343454337,0.000000000000000000,0.000000000000000000,279.708334583333339651,-329.905870934343454337,,
2026-04-02,24,2026-04-02T10:30:00Z,2026-04-03T11:14:38Z,87.400000000000005684,87.400000000000005684,False,N,0.000000000000000000,-254.186111111111102900,0.00,0.00,,,238.000000000000000000,-492.186111111111131322,0.000000000000000000,0.000000000000000000,238.000000000000000000,-491.186111111111131322,,
2026-04-02,25,2026-04-02T11:00:00Z,2026-04-03T11:44:42Z,87.400000000000005684,87.400000000000005684,False,N,0.000000000000000000,-237.613169276094282623,0.00,0.00,,,243.039273148148140535,-480.796502609427591324,0.000000000000000000,0.000000000000000000,243.039273148148140535,-479.796502609427591324,,
2026-04-02,26,2026-04-02T11:30:00Z,2026-04-03T12:14:36Z,87.424247905323028363,87.424247905323028363,False,N,0.000000000000000000,-208.758660732780299440,0.00,0.00,,,238.000000000000000000,-446.779254115133255709,0.000000000000000000,0.000000000000000000,238.000000000000000000,-445.779254115133255709,,
2026-04-02,27,2026-04-02T12:00:00Z,2026-04-03T12:44:37Z,87.400000000000005684,87.400000000000005684,False,N,0.000000000000000000,-231.925384615384615472,0.00,0.00,,,238.000000000000000000,-470.092051282051272665,0.000000000000000000,0.000000000000000000,238.000000000000000000,-469.092051282051272665,,
2026-04-02,28,2026-04-02T12:30:00Z,2026-04-03T13:14:42Z,87.349999999999994316,87.349999999999994316,False,N,0.000000000000000000,-475.900795833333347673,0.00,0.00,,,238.323191388888886877,-714.841538333333346600,0.000000000000000000,0.000000000000000000,238.323191388888886877,-713.841538333333346600,,
2026-04-02,29,2026-04-02T13:00:00Z,2026-04-03T13:44:37Z,87.349999999999994316,87.349999999999994316,False,N,0.000000000000000000,-430.828177631606934028,0.00,0.00,,,239.099519282540057930,-670.895530251421860157,0.000000000000000000,0.000000000000000000,239.099519282540057930,-669.895530251421860157,,
2026-04-02,30,2026-04-02T13:30:00Z,2026-04-03T14:14:40Z,87.349999999999994316,87.349999999999994316,False,N,0.000000000000000000,-379.552700555555531992,0.00,0.00,,,272.034343649025743161,-652.112149722222170567,0.000000000000000000,0.000000000000000000,272.034343649025743161,-651.112149722222170567,,
2026-04-02,31,2026-04-02T14:00:00Z,2026-04-03T14:44:42Z,87.349999999999994316,87.349999999999994316,False,N,0.000000000000000000,-340.328882445054944128,0.00,0.00,,,351.967591805555571227,-692.120979667277197223,0.000000000000000000,0.000000000000000000,351.967591805555571227,-691.120979667277197223,,
2026-04-02,32,2026-04-02T14:30:00Z,2026-04-03T15:14:39Z,20.000000000000000000,20.000000000000000000,False,N,0.000000000000000000,-1088.087225211265376856,0.00,0.00,,,407.846256472587924691,-1496.039894267340059741,0.000000000000000000,0.000000000000000000,407.846256472587924691,-1495.039894267340059741,,
2026-04-02,33,2026-04-02T15:00:00Z,2026-04-03T15:44:40Z,10.000000000000000000,10.000000000000000000,False,N,0.000000000000000000,-1356.900873015873003169,0.00,0.00,,,428.918730769230762689,-1786.374539682539761998,0.000000000000000000,0.000000000000000000,428.918730769230762689,-1785.374539682539761998,,
2026-04-02,34,2026-04-02T15:30:00Z,2026-04-03T16:14:50Z,78.858556021201408726,78.858556021201408726,False,N,0.000000000000000000,-1046.185776385420240331,0.00,0.00,,,570.899999999999977263,-1617.436534024308912194,0.000000000000000000,0.000000000000000000,570.899999999999977263,-1616.436534024308912194,,
2026-04-02,35,2026-04-02T16:00:00Z,2026-04-03T16:44:38Z,87.349999999999994316,87.349999999999994316,False,N,0.000000000000000000,-144.637595247252733088,0.00,0.00,,,728.484259844771258940,-873.675303580586046337,0.000000000000000000,0.000000000000000000,728.484259844771258940,-872.675303580586046337,,
2026-04-02,36,2026-04-02T16:30:00Z,2026-04-03T17:15:25Z,87.500000000000000000,87.500000000000000000,False,N,0.000000000000000000,-112.436707182539677774,0.00,0.00,,,987.789583333333325754,-1100.724068293650816486,0.000000000000000000,0.000000000000000000,987.789583333333325754,-1099.724068293650816486,,
2026-04-02,37,2026-04-02T17:00:00Z,2026-04-03T17:45:00Z,85.000000000000000000,85.000000000000000000,False,N,0.000000000000000000,-190.081477361111097935,0.00,0.00,,,1243.741321527777699885,-1639.433541527777833835,0.000000000000000000,204.933999999999997499,1243.741321527777699885,-1638.433541527777833835,,204.933999999999997499
2026-04-02,38,2026-04-02T17:30:00Z,2026-04-03T18:15:03Z,69.900000000000005684,69.900000000000005684,False,N,0.000000000000000000,-424.161119490051021330,0.00,0.00,69.900000000000005684,1.000000000000000000,1545.464421089830238998,-2331.737632905982991360,0.000000000000000000,362.500000000000000000,1545.464421089830238998,-2330.737632905982991360,,362.500000000000000000
2026-04-02,39,2026-04-02T18:00:00Z,2026-04-03T18:44:45Z,90.686988294691389001,90.686988294691389001,False,N,0.000000000000000000,-178.061788733241172622,0.00,0.00,91.647416666666671858,1.000000000000000000,2052.691137377869836200,-2590.195111515307871741,0.000000000000000000,359.709000000000003183,2052.691137377869836200,-2589.195111515307871741,,359.709000000000003183
2026-04-02,40,2026-04-02T18:30:00Z,2026-04-03T19:14:39Z,98.159999999999996589,98.159999999999996589,False,N,0.000000000000000000,-2.458565265313390480,0.00,0.00,,,2387.613648559598459542,-2467.846982728176044475,0.000000000000000000,77.906000000000005912,2387.613648559598459542,-2466.846982728176044475,,77.906000000000005912
2026-04-02,41,2026-04-02T19:00:00Z,2026-04-03T19:45:24Z,122.170000000000001705,122.170000000000001705,False,P,0.000000000000000000,24.976675026869212815,0.00,0.00,,,2539.941059042019787739,-2755.993437097575224470,0.000000000000000000,240.876000000000004775,2538.941059042019787739,-2755.993437097575224470,,240.876000000000004775
2026-04-02,42,2026-04-02T19:30:00Z,2026-04-03T20:15:01Z,111.359999999999999432,111.359999999999999432,False,N,0.000000000000000000,-305.770279060903135360,0.00,0.00,111.359999999999999432,0.177923888888888881,2573.233126368648299831,-3075.517919480465479865,0.000000000000000000,196.838999999999998636,2573.233126368648299831,-3074.517919480465479865,,196.838999999999998636
2026-04-02,43,2026-04-02T20:00:00Z,2026-04-03T20:44:45Z,107.030000000000001137,107.030000000000001137,False,N,0.000000000000000000,-74.191220017551898991,0.00,0.00,107.030000000000001137,0.000000000000000000,2817.508520260225850507,-2981.574129166666807578,0.000000000000000000,89.828000000000002956,2817.508520260225850507,-2980.574129166666807578,,89.828000000000002956
2026-04-02,44,2026-04-02T20:30:00Z,2026-04-03T21:15:18Z,120.230000000000003979,120.230000000000003979,False,P,0.000000000000000000,122.167478630884815516,0.00,0.00,,,3059.933350956451704405,-2987.659613462927154615,0.000000000000000000,49.182999999999999829,3058.933350956451704405,-2987.659613462927154615,,49.182999999999999829
2026-04-02,45,2026-04-02T21:00:00Z,2026-04-03T21:45:12Z,124.000000000000000000,124.000000000000000000,False,P,0.000000000000000000,52.668049577726847588,0.00,0.00,,,3270.956712409577448852,-3336.357885646179511241,0.000000000000000000,118.632999999999995566,3269.956712409577448852,-3336.357885646179511241,,118.632999999999995566
2026-04-02,46,2026-04-02T21:30:00Z,2026-04-03T22:14:41Z,101.459999999999993747,101.459999999999993747,False,N,0.000000000000000000,-29.108377041577600863,0.00,0.00,101.459999999999993747,0.000000000000000000,3177.328523925018544105,-3206.011853502151097928,0.000000000000000000,0.000000000000000000,3177.328523925018544105,-3205.011853502151097928,,
2026-04-02,47,2026-04-02T22:00:00Z,2026-04-03T22:44:37Z,80.000000000000000000,80.000000000000000000,False,N,0.000000000000000000,-249.266116102124129839,0.00,0.00,80.000000000000000000,0.450000000000000011,3009.650585109483927226,-3259.052666271874841186,0.000000000000000000,0.000000000000000000,3009.650585109483927226,-3258.052666271874841186,,
2026-04-02,48,2026-04-02T22:30:00Z,2026-04-03T23:14:41Z,107.000000000000000000,107.000000000000000000,False,P,0.000000000000000000,8.238131233618233296,0.00,0.00,,,3158.479803994034682546,-3150.244751408564752637,0.000000000000000000,0.000000000000000000,3157.479803994034682546,-3150.244751408564752637,,
2026-04-03,1,2026-04-02T23:00:00Z,2026-04-03T23:44:40Z,84.859999999999999432,84.859999999999999432,False,N,0.000000000000000000,-174.146826651848158463,0.00,0.00,84.859999999999999432,1.000000000000000000,3093.469632681485109060,-3267.847230472227693099,0.000000000000000000,0.000000000000000000,3093.469632681485109060,-3266.847230472227693099,,
2026-04-03,2,2026-04-02T23:30:00Z,2026-04-04T00:14:43Z,76.492872312760994191,76.492872312760994191,False,N,0.000000000000000000,-65.405097655723906769,0.00,0.00,77.879904844444439505,1.000000000000000000,3071.554348922240478714,-3136.959863726268395112,0.000000000000000000,0.000000000000000000,3071.554348922240478714,-3135.959863726268395112,,
2026-04-03,3,2026-04-03T00:00:00Z,2026-04-04T00:44:41Z,74.000000000000000000,74.000000000000000000,False,N,0.000000000000000000,-115.444217297800236111,0.00,0.00,74.000000000000000000,1.000000000000000000,2904.735782702199685446,-3020.222911521093465126,0.000000000000000000,0.000000000000000000,2904.735782702199685446,-3019.222911521093465126,,
2026-04-03,4,2026-04-03T00:30:00Z,2026-04-04T01:14:37Z,105.000000000000000000,105.000000000000000000,False,N,0.000000000000000000,-274.164440423382188783,0.00,0.00,105.000000000000000000,0.086691666666666667,2728.386973465506798675,-3002.399383416666751145,0.000000000000000000,0.000000000000000000,2728.386973465506798675,-3001.399383416666751145,,
2026-04-03,5,2026-04-03T01:00:00Z,2026-04-04T01:44:37Z,90.719999999999998863,90.719999999999998863,False,N,0.000000000000000000,-173.610859553541331479,0.00,0.00,90.719999999999998863,0.000000000000000000,2778.668219301369390450,-2952.228393412668538076,0.000000000000000000,0.000000000000000000,2778.668219301369390450,-2951.228393412668538076,,
2026-04-03,6,2026-04-03T01:30:00Z,2026-04-04T02:15:31Z,111.909999999999996589,111.909999999999996589,False,P,0.000000000000000000,91.035906239316233268,0.00,0.00,,,2885.279794294871862803,-2793.948394027777794690,0.000000000000000000,0.000000000000000000,2884.279794294871862803,-2793.948394027777794690,,
2026-04-03,7,2026-04-03T02:00:00Z,2026-04-04T02:44:42Z,108.719999999999998863,108.719999999999998863,False,P,0.000000000000000000,17.795557500000001028,0.00,0.00,,,2768.928890833333298360,-2751.042222166666761041,0.000000000000000000,0.000000000000000000,2767.928890833333298360,-2751.042222166666761041,,
2026-04-03,8,2026-04-03T02:30:00Z,2026-04-04T03:14:40Z,107.879999999999995453,107.879999999999995453,False,P,0.000000000000000000,0.529383929248861906,0.00,0.00,,,2773.804383917970426410,-2773.111050570751103805,0.000000000000000000,0.000000000000000000,2773.274999988721447153,-2773.111050570751103805,,
2026-04-03,9,2026-04-03T03:00:00Z,2026-04-04T03:44:43Z,86.873076542793157273,86.873076542793157273,False,N,0.000000000000000000,-229.319124903008201954,0.00,0.00,87.062916666666666288,1.000000000000000000,2445.258652874769722985,-2674.878250662602567900,0.000000000000000000,0.000000000000000000,2445.258652874769722985,-2673.878250662602567900,,
2026-04-03,10,2026-04-03T03:30:00Z,2026-04-04T04:14:46Z,70.000000000000000000,70.000000000000000000,False,N,0.000000000000000000,-472.439973083411132393,0.00,0.00,70.000000000000000000,1.000000000000000000,2248.968410944366496551,-2721.601450517199737078,0.000000000000000000,0.000000000000000000,2248.968410944366496551,-2720.601450517199737078,,
2026-04-03,11,2026-04-03T04:00:00Z,2026-04-04T04:44:48Z,60.000000000000000000,60.000000000000000000,False,N,0.000000000000000000,-694.594754485771886721,0.00,0.00,60.000000000000000000,1.000000000000000000,2049.543299866018060129,-2744.251813450551708229,0.000000000000000000,0.000000000000000000,2049.543299866018060129,-2743.251813450551708229,,
2026-04-03,12,2026-04-03T04:30:00Z,2026-04-04T05:14:32Z,98.340000000000003411,98.340000000000003411,False,N,0.000000000000000000,-701.425270295815494137,0.00,0.00,98.340000000000003411,0.000000000000000000,1989.949729099306296121,-2691.428023767282411427,0.000000000000000000,0.000000000000000000,1989.949729099306296121,-2690.428023767282411427,,
2026-04-03,13,2026-04-03T05:00:00Z,2026-04-04T05:44:33Z,100.620000000000004547,100.620000000000004547,False,N,0.000000000000000000,-114.333888888888893121,0.00,0.00,100.620000000000004547,0.000000000000000000,2035.190000000000054570,-2649.424305555555747560,0.000000000000000000,500.000000000000000000,2035.190000000000054570,-2648.424305555555747560,,500.000000000000000000
2026-04-03,14,2026-04-03T05:30:00Z,2026-04-04T06:14:41Z,119.250000000000000000,119.250000000000000000,False,P,0.000000000000000000,314.791473004201691310,0.00,0.00,,,2245.125223004201870936,-2430.331182777777939918,0.000000000000000000,500.000000000000000000,2244.125223004201870936,-2430.331182777777939918,,500.000000000000000000
2026-04-03,15,2026-04-03T06:00:00Z,2026-04-04T06:44:30Z,119.349999999999994316,119.349999999999994316,False,P,0.000000000000000000,17.383898815699367901,0.00,0.00,,,1439.527780923836189686,-2191.874998774726464035,0.000000000000000000,770.100000000000022737,1438.527780923836189686,-2191.874998774726464035,,770.100000000000022737
2026-04-03,16,2026-04-03T06:30:00Z,2026-04-04T07:15:27Z,120.000000000000000000,120.000000000000000000,False,P,0.000000000000000000,130.005501099896491723,0.00,0.00,,,1402.888888888888914153,-2039.300276677881356591,0.000000000000000000,766.072999999999979082,1401.888888888888914153,-2039.300276677881356591,,766.072999999999979082
2026-04-03,17,2026-04-03T07:00:00Z,2026-04-04T07:44:25Z,59.759999999999998010,59.759999999999998010,False,N,0.000000000000000000,-120.585209451447241236,0.00,0.00,59.759999999999998010,1.000000000000000000,1558.606660229507497206,-1790.556865237680312930,0.000000000000000000,110.980999999999994543,1558.606660229507497206,-1789.556865237680312930,,110.980999999999994543
2026-04-03,18,2026-04-03T07:30:00Z,2026-04-04T08:14:26Z,116.488197673076925298,116.488197673076925298,False,P,0.000000000000000000,35.655499861111110249,0.00,0.00,,,1551.129700416666764795,-1574.772762083333418559,0.000000000000000000,59.168999999999996930,1551.129700416666764795,-1574.772762083333418559,,58.168999999999996930
2026-04-03,19,2026-04-03T08:00:00Z,2026-04-04T08:44:25Z,84.250000000000000000,84.250000000000000000,False,N,0.000000000000000000,-130.886012010249999094,0.00,0.00,84.250000000000000000,0.000000000000000000,1277.626321323083402604,-1433.565490833333342380,0.000000000000000000,25.045999999999999375,1277.626321323083402604,-1432.565490833333342380,,25.045999999999999375
2026-04-03,20,2026-04-03T08:30:00Z,2026-04-04T09:14:34Z,112.522674819230033449,112.522674819230033449,False,P,0.000000000000000000,101.140183472222219052,0.00,0.00,,,1385.956850138888967194,-1284.756143205128182672,0.000000000000000000,0.000000000000000000,1384.956850138888967194,-1284.756143205128182672,,
2026-04-03,21,2026-04-03T09:00:00Z,2026-04-04T09:44:27Z,118.989999999999994884,118.989999999999994884,False,P,0.000000000000000000,275.377709999999979118,0.00,0.00,,,1452.105209999999942738,-1176.607709999999997308,0.000000000000000000,0.000000000000000000,1451.105209999999942738,-1176.607709999999997308,,
2026-04-03,22,2026-04-03T09:30:00Z,2026-04-04T10:14:33Z,118.989999999999994884,118.989999999999994884,False,P,0.000000000000000000,447.911678333333327373,0.00,0.00,,,1573.983345000000099390,-1126.029999999999972715,0.000000000000000000,0.000000000000000000,1572.983345000000099390,-1126.029999999999972715,,
2026-04-03,23,2026-04-03T10:00:00Z,2026-04-04T10:44:28Z,118.989999999999994884,118.989999999999994884,False,P,0.000000000000000000,343.159065865740899426,0.00,0.00,,,1329.508788087963239377,-986.150181337778462876,0.000000000000000000,0.000000000000000000,1328.508788087963239377,-986.150181337778462876,,
2026-04-03,24,2026-04-03T10:30:00Z,2026-04-04T11:14:26Z,118.969999999999998863,118.969999999999998863,False,P,0.000000000000000000,250.458330555555562569,0.00,0.00,,,1184.791663888888933798,-934.216666666666696983,0.000000000000000000,0.000000000000000000,1183.791663888888933798,-934.216666666666696983,,
2026-04-03,25,2026-04-03T11:00:00Z,2026-04-04T11:44:27Z,41.000000000000000000,41.000000000000000000,False,N,0.000000000000000000,-17.008359027777778749,0.00,0.00,,,947.924999999999954525,-964.933359027777783012,0.000000000000000000,0.000000000000000000,947.924999999999954525,-963.933359027777783012,,
2026-04-03,26,2026-04-03T11:30:00Z,2026-04-04T12:14:30Z,78.609999999999999432,78.609999999999999432,False,P,0.000000000000000000,38.208337222222219509,0.00,0.00,,,886.616670555555515421,-848.941666666666719721,0.000000000000000000,0.000000000000000000,885.616670555555515421,-848.941666666666719721,,
2026-04-03,27,2026-04-03T12:00:00Z,2026-04-04T12:44:24Z,26.208480040995993932,26.208480040995993932,False,N,0.000000000000000000,-215.822640000000006921,0.00,0.00,,,871.366666249999980209,-937.748334027777787014,-150.000000000000000000,0.000000000000000000,871.366666249999980209,-936.796667777777770425,-149.951666249999988167,
2026-04-03,28,2026-04-03T12:30:00Z,2026-04-04T13:15:05Z,11.480000000000000426,11.480000000000000426,False,N,0.000000000000000000,-454.550104042829275386,0.00,0.00,,,674.995323624782258776,-979.714606404985147492,-150.000000000000000000,0.000000000000000000,674.995323624782258776,-978.714606404985147492,-150.000000000000000000,
2026-04-03,29,2026-04-03T13:00:00Z,2026-04-04T13:44:31Z,-13.250000000000000000,-13.250000000000000000,False,N,0.000000000000000000,-451.246010996815982708,0.00,0.00,,,617.743851728909362464,-1069.280372357560963792,0.000000000000000000,0.000000000000000000,617.743851728909362464,-1068.280372357560963792,,
2026-04-03,30,2026-04-03T13:30:00Z,2026-04-04T14:14:23Z,-27.500000000000000000,-27.500000000000000000,False,N,0.000000000000000000,-466.766646230158755770,0.00,0.00,,,625.937350416666618003,-1093.157512480158629842,0.000000000000000000,0.000000000000000000,625.937350416666618003,-1092.157512480158629842,,
2026-04-03,31,2026-04-03T14:00:00Z,2026-04-04T14:44:29Z,-81.079999999999998295,-81.079999999999998295,False,N,0.000000000000000000,-1315.788631773851648177,0.00,0.00,,,621.030723453240966592,-1936.845987203144659361,0.000000000000000000,0.000000000000000000,621.030723453240966592,-1935.845987203144659361,,
2026-04-03,32,2026-04-03T14:30:00Z,2026-04-04T15:14:29Z,-81.079999999999998295,-81.079999999999998295,False,N,0.000000000000000000,-1370.203042574222308758,0.00,0.00,,,617.525052737578675988,-1988.290596046444534295,0.000000000000000000,0.000000000000000000,617.525052737578675988,-1987.290596046444534295,,
2026-04-03,33,2026-04-03T15:00:00Z,2026-04-04T15:44:27Z,-51.299999999999997158,-51.299999999999997158,False,N,0.000000000000000000,-1208.808288333333393894,0.00,0.00,,,771.506473194444424735,-1993.439927083333259361,0.000000000000000000,12.986000000000000654,771.506473194444424735,-1992.439927083333259361,,12.986000000000000654
2026-04-03,34,2026-04-03T15:30:00Z,2026-04-04T16:14:51Z,-40.000000000000000000,-40.000000000000000000,False,N,0.000000000000000000,-892.571266144179844559,0.00,0.00,,,968.516063333333363516,-1885.828996144179882322,0.000000000000000000,25.000000000000000000,968.516063333333363516,-1884.828996144179882322,,25.000000000000000000
2026-04-03,35,2026-04-03T16:00:00Z,2026-04-04T16:44:35Z,5.320000000000000284,5.320000000000000284,False,N,0.000000000000000000,-295.984615354182835745,0.00,0.00,5.320000000000000284,0.000000000000000000,1596.532720491776672134,-1913.529534166666735473,0.000000000000000000,21.230000000000000426,1596.532720491776672134,-1912.529534166666735473,,21.230000000000000426
2026-04-03,36,2026-04-03T16:30:00Z,2026-04-04T17:14:33Z,34.248558442577511585,34.248558442577511585,False,N,0.000000000000000000,-556.602725132275168107,0.00,0.00,34.601466666666667038,1.000000000000000000,1625.705867645502621599,-2247.020127817460434017,0.000000000000000000,64.822999999999993292,1625.705867645502621599,-2246.020127817460434017,,64.822999999999993292
2026-04-03,37,2026-04-03T17:00:00Z,2026-04-04T17:44:38Z,32.990000000000001990,32.990000000000001990,False,N,0.000000000000000000,-340.858610600304132277,0.00,0.00,32.990000000000001990,0.101025138888888893,2048.646493983029358787,-2453.722462144655764860,0.000000000000000000,64.171000000000006480,2048.646493983029358787,-2452.722462144655764860,,64.171000000000006480
2026-04-03,38,2026-04-03T17:30:00Z,2026-04-04T18:14:34Z,35.912394582983658609,35.912394582983658609,False,N,0.000000000000000000,-511.117485273148133729,0.00,0.00,37.375162972222220503,1.000000000000000000,1825.492363032968796688,-2628.982684002497080655,0.000000000000000000,293.048999999999978172,1825.492363032968796688,-2627.982684002497080655,,293.048999999999978172
2026-04-03,39,2026-04-03T18:00:00Z,2026-04-04T18:45:11Z,-6.564292080041771449,-6.564292080041771449,False,N,0.000000000000000000,-733.384698891112861929,0.00,0.00,-5.508021399999999623,1.000000000000000000,1810.390665388453271589,-2597.496320609037866234,0.000000000000000000,53.442999999999997840,1810.390665388453271589,-2596.496320609037866234,,53.442999999999997840
2026-04-03,40,2026-04-03T18:30:00Z,2026-04-04T19:14:32Z,13.143196741950291084,13.143196741950291084,False,N,0.000000000000000000,-724.804611446680610243,0.00,0.00,15.754833333333333911,1.000000000000000000,1797.228999763636693388,-2603.243558499378650595,0.000000000000000000,81.259000000000000341,1797.228999763636693388,-2602.243558499378650595,,81.259000000000000341
2026-04-03,41,2026-04-03T19:00:00Z,2026-04-04T19:44:37Z,17.906629624554092572,17.906629624554092572,False,N,0.000000000000000000,-857.777161448412698519,0.00,0.00,18.341666666666665009,1.000000000000000000,1724.472148551587224574,-2835.156115555555516039,0.000000000000000000,252.832999999999998408,1724.472148551587224574,-2834.156115555555516039,,252.832999999999998408
2026-04-03,42,2026-04-03T19:30:00Z,2026-04-04T20:14:34Z,-7.750000000000000000,-7.750000000000000000,False,N,0.000000000000000000,-351.182106844035615723,0.00,0.00,,,1967.625530378186567759,-2579.488247678383686434,0.000000000000000000,260.713999999999998636,1967.625530378186567759,-2578.488247678383686434,,260.713999999999998636
2026-04-03,43,2026-04-03T20:00:00Z,2026-04-04T20:44:39Z,9.679999999999999716,9.679999999999999716,False,N,0.000000000000000000,-262.332184560410041740,0.00,0.00,9.679999999999999716,0.000000000000000000,1826.250720201494686989,-2260.933021306360842573,0.000000000000000000,172.193999999999988404,1826.250720201494686989,-2259.933021306360842573,,172.193999999999988404
2026-04-03,44,2026-04-03T20:30:00Z,2026-04-04T21:14:28Z,7.540000000000000036,7.540000000000000036,False,N,0.000000000000000000,-336.722103530991773823,0.00,0.00,7.540000000000000036,0.000000000000000000,2012.680305595992422241,-2356.208403109677874454,0.000000000000000000,7.065999999999999837,2012.680305595992422241,-2355.208403109677874454,,7.065999999999999837
2026-04-03,45,2026-04-03T21:00:00Z,2026-04-04T21:44:33Z,54.359999999999999432,54.359999999999999432,False,P,0.000000000000000000,84.002757763043916839,0.00,0.00,,,2177.705924429710648837,-2227.123736566223215050,0.000000000000000000,133.126000000000004775,2176.705924429710648837,-2227.123736566223215050,,133.126000000000004775
2026-04-03,46,2026-04-03T21:30:00Z,2026-04-04T22:15:23Z,7.400000000000000355,7.400000000000000355,False,N,0.000000000000000000,-67.447699619167067908,0.00,0.00,7.400000000000000355,0.000000000000000000,2017.124559408610821265,-2136.848928799636269105,0.000000000000000000,52.540999999999996817,2017.124559408610821265,-2135.848928799636269105,,52.540999999999996817
2026-04-03,47,2026-04-03T22:00:00Z,2026-04-04T22:44:37Z,7.009999999999999787,7.009999999999999787,False,N,0.000000000000000000,-404.447529613875929044,0.00,0.00,7.009999999999999787,0.000000000000000000,1717.243352747235121569,-2121.733577804490778362,0.000000000000000000,0.000000000000000000,1717.243352747235121569,-2120.733577804490778362,,
2026-04-03,48,2026-04-03T22:30:00Z,2026-04-04T23:14:30Z,28.000000000000000000,28.000000000000000000,False,N,0.000000000000000000,-245.190605791184339068,0.00,0.00,28.000000000000000000,1.000000000000000000,1520.223511102732345535,-1765.702678412925024531,0.000000000000000000,0.000000000000000000,1520.223511102732345535,-1764.702678412925024531,,
2026-04-04,1,2026-04-03T23:00:00Z,2026-04-04T23:44:25Z,-8.789999999999999147,-8.789999999999999147,False,N,0.000000000000000000,-606.795560833333297523,0.00,0.00,-8.789999999999999147,1.000000000000000000,926.908333749999997053,-1606.365418611111181235,0.000000000000000000,72.841999999999998749,926.908333749999997053,-1605.365418611111181235,,72.841999999999998749
2026-04-04,2,2026-04-03T23:30:00Z,2026-04-05T00:14:33Z,4.769999999999999574,4.769999999999999574,False,N,0.000000000000000000,-453.737217638888864712,0.00,0.00,4.769999999999999574,0.000000000000000000,927.941671250000013060,-1506.145555555555574756,0.000000000000000000,124.500000000000000000,927.941671250000013060,-1505.145555555555574756,,124.500000000000000000
2026-04-04,3,2026-04-04T00:00:00Z,2026-04-05T00:44:32Z,3.970000000000000195,3.970000000000000195,False,N,0.000000000000000000,-503.526332222222208657,0.00,0.00,3.970000000000000195,0.000000000000000000,1139.316667777777865922,-1686.625000000000000000,0.000000000000000000,43.906999999999996476,1139.316667777777865922,-1685.625000000000000000,,43.906999999999996476
2026-04-04,4,2026-04-04T00:30:00Z,2026-04-05T01:14:29Z,9.199999999999999289,9.199999999999999289,False,N,0.000000000000000000,-140.109027073170722133,0.00,0.00,9.199999999999999289,0.000000000000000000,1437.910420016756006589,-1577.777085962059572921,0.000000000000000000,0.000000000000000000,1437.910420016756006589,-1576.777085962059572921,,
2026-04-04,5,2026-04-04T01:00:00Z,2026-04-05T01:44:37Z,39.000000000000000000,39.000000000000000000,False,N,0.000000000000000000,-246.787895880230877310,0.00,0.00,39.000000000000000000,0.199628333333333324,1283.267414573402675160,-1530.025750328572485159,0.000000000000000000,0.000000000000000000,1283.267414573402675160,-1529.025750328572485159,,
2026-04-04,6,2026-04-04T01:30:00Z,2026-04-05T02:15:03Z,-15.269999999999999574,-15.269999999999999574,False,N,0.000000000000000000,-426.652577083333312657,0.00,0.00,,,1067.708366249999926367,-1495.241710000000011860,0.000000000000000000,0.000000000000000000,1067.708366249999926367,-1494.241710000000011860,,
2026-04-04,7,2026-04-04T02:00:00Z,2026-04-05T02:44:38Z,26.709786273105375898,26.709786273105375898,False,N,0.000000000000000000,-785.131183194444474793,0.00,0.00,26.925999999999998380,1.000000000000000000,914.083333333333371229,-1700.058340555555560059,0.000000000000000000,0.000000000000000000,914.083333333333371229,-1699.058340555555560059,,
2026-04-04,8,2026-04-04T02:30:00Z,2026-04-05T03:14:35Z,-10.380000000000000782,-10.380000000000000782,False,N,0.000000000000000000,-512.325288611111091086,0.00,0.00,-10.380000000000000782,1.000000000000000000,924.675283611111126447,-1438.041952777777851225,0.000000000000000000,0.000000000000000000,924.675283611111126447,-1437.041952777777851225,,
2026-04-04,9,2026-04-04T03:00:00Z,2026-04-05T03:44:30Z,-10.000000000000000000,-10.000000000000000000,False,N,0.000000000000000000,-238.268287606209156593,0.00,0.00,-10.000000000000000000,1.000000000000000000,1061.208323504901954948,-1375.293620800653570768,0.000000000000000000,75.941999999999993065,1061.208323504901954948,-1374.293620800653570768,,75.941999999999993065
2026-04-04,10,2026-04-04T03:30:00Z,2026-04-05T04:15:13Z,50.090000000000003411,50.090000000000003411,False,N,0.000000000000000000,-192.681111111111107448,0.00,0.00,50.090000000000003411,0.000000000000000000,1019.899999999999977263,-1337.272777777777719166,0.000000000000000000,124.500000000000000000,1019.899999999999977263,-1336.272777777777719166,,124.500000000000000000
2026-04-04,11,2026-04-04T04:00:00Z,2026-04-05T04:44:26Z,112.000000000000000000,112.000000000000000000,False,P,0.000000000000000000,186.844594444444453529,0.00,0.00,,,1305.797927777777886149,-1229.681250000000090949,0.000000000000000000,110.879999999999995453,1304.797927777777886149,-1229.681250000000090949,,110.879999999999995453
2026-04-04,12,2026-04-04T04:30:00Z,2026-04-05T05:14:30Z,129.900000000000005684,129.900000000000005684,False,P,0.000000000000000000,450.111236229598489444,0.00,0.00,,,1428.709406368487407235,-983.833399824369735143,0.000000000000000000,5.227000000000000313,1427.709406368487407235,-983.833399824369735143,,5.227000000000000313
2026-04-04,13,2026-04-04T05:00:00Z,2026-04-05T05:44:52Z,129.000000000000000000,129.000000000000000000,False,P,0.000000000000000000,243.398523443419264822,0.00,0.00,,,1199.254139483686913081,-1037.441063716666576511,0.000000000000000000,81.733000000000004093,1199.254139483686913081,-1037.441063716666576511,,80.733000000000004093
2026-04-04,14,2026-04-04T05:30:00Z,2026-04-05T06:14:35Z,129.800000000000011369,129.800000000000011369,False,P,0.000000000000000000,276.604769495612970331,0.00,0.00,,,1261.611208245612942846,-985.002032352941228055,0.000000000000000000,0.000000000000000000,1260.611208245612942846,-985.002032352941228055,,
2026-04-04,15,2026-04-04T06:00:00Z,2026-04-05T06:44:29Z,129.750000000000000000,129.750000000000000000,False,P,0.000000000000000000,449.422677248250806770,0.00,0.00,,,1298.640518498250912671,-895.976982267968764972,-0.997999999999999998,48.023000000000003240,1297.640518498250912671,-895.976982267968764972,-0.997999999999999998,48.023000000000003240
2026-04-04,16,2026-04-04T06:30:00Z,2026-04-05T07:14:32Z,129.699999999999988631,129.699999999999988631,False,P,0.000000000000000000,191.449258908730172379,0.00,0.00,,,1037.777170806855110641,-971.671221944444482688,-0.997999999999999998,126.653000000000005798,1036.777170806855110641,-971.671221944444482688,-0.997999999999999998,126.653000000000005798
2026-04-04,17,2026-04-04T07:00:00Z,2026-04-05T07:44:31Z,134.449999999999988631,134.449999999999988631,False,P,0.000000000000000000,714.632926152222239580,0.00,0.00,,,1401.792426152222333258,-957.077458235555582178,-0.997999999999999998,271.261000000000024102,1400.792426152222333258,-957.077458235555582178,-0.997999999999999998,271.261000000000024102
2026-04-04,18,2026-04-04T07:30:00Z,2026-04-05T08:14:33Z,134.500000000000000000,134.500000000000000000,False,P,0.000000000000000000,1060.781755277777847368,0.00,0.00,,,1688.357267154648070573,-906.821118194444466099,-0.997999999999999998,281.139999999999986358,1687.357267154648070573,-906.821118194444466099,-0.997999999999999998,281.139999999999986358
2026-04-04,19,2026-04-04T08:00:00Z,2026-04-05T08:44:30Z,134.500000000000000000,134.500000000000000000,False,P,0.000000000000000000,697.074480300925870324,0.00,0.00,,,1466.591934189814764977,-861.616134884259281534,-0.997999999999999998,93.039000000000001478,1465.591934189814764977,-861.616134884259281534,-0.997999999999999998,93.039000000000001478
2026-04-04,20,2026-04-04T08:30:00Z,2026-04-05T09:14:32Z,142.460000000000007958,142.460000000000007958,False,P,0.000000000000000000,935.488372283472244817,0.00,0.00,,,1552.235434783472328490,-724.699051805555541250,-0.997999999999999998,108.885999999999995680,1551.235434783472328490,-724.699051805555541250,-0.997999999999999998,108.885999999999995680
2026-04-04,21,2026-04-04T09:00:00Z,2026-04-05T09:44:53Z,145.000000000000000000,145.000000000000000000,False,P,0.000000000000000000,1171.716334027777747906,0.00,0.00,,,1627.162301944444379842,-544.462296805555524770,-0.997999999999999998,90.182000000000002160,1626.162301944444379842,-544.462296805555524770,-0.997999999999999998,90.182000000000002160
2026-04-04,22,2026-04-04T09:30:00Z,2026-04-05T10:14:30Z,145.000000000000000000,145.000000000000000000,False,P,0.000000000000000000,1196.063100831127030688,0.00,0.00,,,1625.378600831127187121,-427.913285184662470328,-0.997999999999999998,0.000000000000000000,1624.378600831127187121,-427.913285184662470328,-0.997999999999999998,
2026-04-04,23,2026-04-04T10:00:00Z,2026-04-05T10:44:31Z,145.000000000000000000,145.000000000000000000,False,P,0.000000000000000000,1373.199422251683472496,0.00,0.00,,,1643.691970638780276204,-269.793557238106870955,-0.998999999999999999,0.000000000000000000,1642.691970638780276204,-269.793557238106870955,-0.998999999999999999,
2026-04-04,24,2026-04-04T10:30:00Z,2026-04-05T11:14:30Z,164.000000000000000000,164.000000000000000000,False,P,0.000000000000000000,1100.318261574074085729,0.00,0.00,164.000000000000000000,1.000000000000000000,1203.366261574074087548,-102.083333333333328596,-0.997999999999999998,0.000000000000000000,1202.366261574074087548,-102.083333333333328596,-0.997999999999999998,
2026-04-04,25,2026-04-04T11:00:00Z,2026-04-05T11:44:28Z,131.889999999999986358,131.889999999999986358,False,P,0.000000000000000000,1053.963956926472974374,0.00,0.00,131.889999999999986358,1.000000000000000000,1099.764172717729252327,-44.852234894570514712,-0.997999999999999998,0.000000000000000000,1098.764172717729252327,-44.852234894570514712,-0.997999999999999998,
2026-04-04,26,2026-04-04T11:30:00Z,2026-04-05T12:14:59Z,128.000000000000000000,128.000000000000000000,False,P,0.000000000000000000,755.538660144545019648,0.00,0.00,128.000000000000000000,1.000000000000000000,783.163660144545019648,-27.708333333333332149,0.000000000000000000,0.000000000000000000,782.163660144545019648,-27.708333333333332149,,
2026-04-04,27,2026-04-04T12:00:00Z,2026-04-05T12:44:31Z,119.599999999999994316,119.599999999999994316,False,P,0.000000000000000000,347.452462976190474819,0.00,0.00,119.599999999999994316,1.000000000000000000,727.700000000000045475,-379.333333412698436860,-0.997999999999999998,0.000000000000000000,726.700000000000045475,-379.333333412698436860,-0.997999999999999998,
2026-04-04,28,2026-04-04T12:30:00Z,2026-04-05T13:14:28Z,119.599999999999994316,119.599999999999994316,False,P,0.000000000000000000,727.332417003968203062,0.00,0.00,119.599999999999994316,1.000000000000000000,1002.721648670634976952,-275.681729391018507158,0.000000000000000000,0.000000000000000000,1001.721648670634976952,-275.681729391018507158,,
2026-04-04,29,2026-04-04T13:00:00Z,2026-04-05T13:45:34Z,119.599999999999994316,119.599999999999994316,False,P,0.000000000000000000,271.500446666666675810,0.00,0.00,119.599999999999994316,1.000000000000000000,728.566684861111070859,-457.499994583333318587,0.000000000000000000,0.000000000000000000,727.566684861111070859,-457.499994583333318587,,
2026-04-04,30,2026-04-04T13:30:00Z,2026-04-05T14:15:00Z,119.599999999999994316,119.599999999999994316,False,P,0.000000000000000000,208.620600069444435576,0.00,0.00,119.599999999999994316,1.000000000000000000,728.062794097222194978,-520.268635312219089428,0.000000000000000000,0.000000000000000000,727.062794097222194978,-520.268635312219089428,,
2026-04-04,31,2026-04-04T14:00:00Z,2026-04-05T14:44:46Z,121.879999999999995453,121.879999999999995453,False,P,0.000000000000000000,215.229417624458875480,0.00,0.00,,,755.546744274975253575,-540.678958075396849381,0.000000000000000000,0.000000000000000000,754.546744274975253575,-540.678958075396849381,,
2026-04-04,32,2026-04-04T14:30:00Z,2026-04-05T15:14:30Z,-1.000000000000000000,-1.000000000000000000,False,N,0.000000000000000000,-47.260940422401809258,0.00,0.00,,,936.845343074192101085,-984.451763980431906020,0.000000000000000000,0.000000000000000000,936.845343074192101085,-983.451763980431906020,,
2026-04-04,33,2026-04-04T15:00:00Z,2026-04-05T15:45:07Z,154.449999999999988631,154.449999999999988631,False,P,0.000000000000000000,668.185428383188991575,0.00,0.00,,,1201.608244502330535397,-535.075403364235171466,0.000000000000000000,0.000000000000000000,1200.608244502330535397,-535.075403364235171466,,
2026-04-04,34,2026-04-04T15:30:00Z,2026-04-05T16:14:30Z,154.449999999999988631,154.449999999999988631,False,P,0.000000000000000000,501.348824857685031020,0.00,0.00,,,1413.349377635462815306,-911.553330555555589854,0.000000000000000000,0.000000000000000000,1412.349377635462815306,-911.553330555555589854,,
2026-04-04,35,2026-04-04T16:00:00Z,2026-04-05T16:44:31Z,143.500000000000000000,143.500000000000000000,False,P,0.000000000000000000,1053.891662190860188275,0.00,0.00,,,2415.672089609145132272,-1438.146113472222168639,0.000000000000000000,76.674999999999997158,2414.672089609145132272,-1438.146113472222168639,,76.674999999999997158
2026-04-04,36,2026-04-04T16:30:00Z,2026-04-05T17:14:30Z,142.000000000000000000,142.000000000000000000,False,P,0.000000000000000000,671.237565592452597230,0.00,0.00,,,2421.061798944659130939,-1895.306742956349125961,0.000000000000000000,146.431000000000011596,2420.061798944659130939,-1895.306742956349125961,,146.431000000000011596
2026-04-04,37,2026-04-04T17:00:00Z,2026-04-05T17:44:28Z,152.000000000000000000,152.000000000000000000,False,P,0.000000000000000000,661.853147025495331945,0.00,0.00,,,2777.067826469939973322,-2115.842279685003632039,0.000000000000000000,0.650000000000000022,2776.067826469939973322,-2115.842279685003632039,,0.650000000000000022
2026-04-04,38,2026-04-04T17:30:00Z,2026-04-05T18:14:32Z,143.500000000000000000,143.500000000000000000,False,P,0.000000000000000000,325.460040798615864333,0.00,0.00,,,2920.813355190198763012,-2612.172846265133557608,0.000000000000000000,16.934000000000001052,2919.813355190198763012,-2612.172846265133557608,,16.934000000000001052
2026-04-04,39,2026-04-04T18:00:00Z,2026-04-05T18:44:37Z,142.000000000000000000,142.000000000000000000,False,P,0.000000000000000000,359.900577609021354419,0.00,0.00,,,3020.593815525688114576,-2660.872656758451739734,0.000000000000000000,0.000000000000000000,3019.593815525688114576,-2660.872656758451739734,,
2026-04-04,40,2026-04-04T18:30:00Z,2026-04-05T19:14:34Z,142.000000000000000000,142.000000000000000000,False,P,0.000000000000000000,607.743767871310183182,0.00,0.00,,,3124.673500258643343841,-2520.327642526222007291,0.000000000000000000,3.333000000000000185,3123.673500258643343841,-2520.327642526222007291,,3.333000000000000185
2026-04-04,41,2026-04-04T19:00:00Z,2026-04-05T19:44:59Z,127.939999999999997726,127.939999999999997726,False,P,0.000000000000000000,38.111189372094763428,0.00,0.00,,,3021.585872762595954555,-2982.765282398437648226,-0.997999999999999998,0.000000000000000000,3020.585872762595954555,-2982.765282398437648226,-0.997999999999999998,
2026-04-04,42,2026-04-04T19:30:00Z,2026-04-05T20:14:41Z,120.000000000000000000,120.000000000000000000,False,P,0.000000000000000000,194.739221651234572619,0.00,0.00,,,2857.935437762345827650,-2662.204623858024660876,-0.997999999999999998,0.000000000000000000,2856.935437762345827650,-2662.204623858024660876,-0.997999999999999998,
2026-04-04,43,2026-04-04T20:00:00Z,2026-04-05T20:44:38Z,32.000000000000000000,32.000000000000000000,False,N,0.000000000000000000,-4.237552345679012511,0.00,0.00,,,2566.997677376543379069,-2570.151945663580136170,-0.997999999999999998,0.000000000000000000,2566.997677376543379069,-2569.151945663580136170,-0.997999999999999998,
2026-04-04,44,2026-04-04T20:30:00Z,2026-04-05T21:14:37Z,47.689999999999997726,47.689999999999997726,False,N,0.000000000000000000,-458.773669802737515511,0.00,0.00,47.689999999999997726,0.000000000000000000,2200.577417129629793635,-2658.158179432366978290,-0.997999999999999998,0.000000000000000000,2200.577417129629793635,-2657.158179432366978290,-0.997999999999999998,
2026-04-04,45,2026-04-04T21:00:00Z,2026-04-05T21:44:36Z,-15.269999999999999574,-15.269999999999999574,False,N,0.000000000000000000,-520.435595289855086776,0.00,0.00,,,2016.551823460144987621,-2535.955688888888744259,-0.997999999999999998,0.000000000000000000,2016.551823460144987621,-2534.955688888888744259,-0.997999999999999998,
2026-04-04,46,2026-04-04T21:30:00Z,2026-04-05T22:14:34Z,21.100000000000001421,21.100000000000001421,False,N,0.000000000000000000,-268.554902499106674441,0.00,0.00,21.100000000000001421,0.000000000000000000,2230.499714007821694395,-2498.249716416150477016,-0.997999999999999998,0.000000000000000000,2230.499714007821694395,-2497.249716416150477016,-0.997999999999999998,
2026-04-04,47,2026-04-04T22:00:00Z,2026-04-05T22:44:39Z,-0.536704981830971373,-0.536704981830971373,False,N,0.000000000000000000,-493.524140539413508577,0.00,0.00,0.871602777777777726,1.000000000000000000,1958.816950809792842847,-2552.622222444175349665,-0.997999999999999998,101.272999999999996135,1958.816950809792842847,-2551.622222444175349665,-0.997999999999999998,101.272999999999996135
2026-04-04,48,2026-04-04T22:30:00Z,2026-04-05T23:14:40Z,45.000000000000000000,45.000000000000000000,False,P,0.000000000000000000,459.437754690504903010,0.00,0.00,,,2653.304421223054760048,-2422.780497991257561807,-0.997999999999999998,229.807999999999992724,2652.304421223054760048,-2422.780497991257561807,-0.997999999999999998,229.807999999999992724
2026-04-05,1,2026-04-04T23:00:00Z,2026-04-05T23:44:33Z,85.000000000000000000,85.000000000000000000,False,P,0.000000000000000000,704.357009821128599469,0.00,0.00,,,2546.598523434561684553,-2042.703550704387680526,0.000000000000000000,201.003999999999990678,2545.598523434561684553,-2042.703550704387680526,,201.003999999999990678
2026-04-05,2,2026-04-04T23:30:00Z,2026-04-06T00:14:31Z,90.000000000000000000,90.000000000000000000,False,P,0.000000000000000000,916.956672307106487096,0.00,0.00,,,2666.647552024660399184,-1749.272428876484809734,0.000000000000000000,0.000000000000000000,2665.647552024660399184,-1749.272428876484809734,,
2026-04-05,3,2026-04-05T00:00:00Z,2026-04-06T00:44:32Z,84.915151064838241268,84.915151064838241268,False,P,0.000000000000000000,581.835557349147734385,0.00,0.00,,,2275.208449525073774566,-1712.799662363104289398,0.000000000000000000,19.550000000000000711,2274.208449525073774566,-1712.799662363104289398,,19.550000000000000711
2026-04-05,4,2026-04-05T00:30:00Z,2026-04-06T01:14:30Z,80.000000000000000000,80.000000000000000000,False,P,0.000000000000000000,328.346759259259272312,0.00,0.00,,,2094.599999999999909051,-1765.786574074073996599,0.000000000000000000,0.000000000000000000,2093.599999999999909051,-1765.786574074073996599,,
2026-04-05,5,2026-04-05T01:00:00Z,2026-04-06T01:44:30Z,68.640000000000000568,68.640000000000000568,False,P,0.000000000000000000,57.301431487659215236,0.00,0.00,,,1854.816413410714858401,-1797.233142002748991217,0.000000000000000000,0.000000000000000000,1853.816413410714858401,-1797.233142002748991217,,
2026-04-05,6,2026-04-05T01:30:00Z,2026-04-06T02:19:34Z,37.310000000000002274,37.310000000000002274,False,N,0.000000000000000000,-156.779861111111102900,0.00,0.00,37.310000000000002274,0.000000000000000000,1752.940972222222171695,-1909.524305555555656611,0.000000000000000000,0.000000000000000000,1752.940972222222171695,-1908.524305555555656611,,
2026-04-05,7,2026-04-05T02:00:00Z,2026-04-06T02:44:40Z,55.039999999999999147,55.039999999999999147,False,N,0.000000000000000000,-587.466684999999984029,0.00,0.00,55.039999999999999147,1.000000000000000000,1422.016648333333250775,-2009.483333333333348492,0.000000000000000000,0.000000000000000000,1422.016648333333250775,-2008.483333333333348492,,
2026-04-05,8,2026-04-05T02:30:00Z,2026-04-06T03:14:41Z,21.019999999999999574,21.019999999999999574,False,N,0.000000000000000000,-822.066666666666719721,0.00,0.00,21.019999999999999574,0.000000000000000000,1115.400000000000090949,-1937.466666666666696983,0.000000000000000000,0.000000000000000000,1115.400000000000090949,-1936.466666666666696983,,
2026-04-05,9,2026-04-05T03:00:00Z,2026-04-06T03:44:48Z,20.210000000000000853,20.210000000000000853,False,N,0.000000000000000000,-896.540027222222192904,0.00,0.00,20.210000000000000853,0.000000000000000000,1179.401639444444526816,-2075.834965277777882875,0.000000000000000000,0.000000000000000000,1179.401639444444526816,-2074.834965277777882875,,
2026-04-05,10,2026-04-05T03:30:00Z,2026-04-06T04:14:41Z,17.260000000000001563,17.260000000000001563,False,N,0.000000000000000000,-664.259304747499982113,0.00,0.00,17.260000000000001563,0.000000000000000000,1500.075417474722144107,-2164.108755113611096021,0.000000000000000000,0.000000000000000000,1500.075417474722144107,-2163.108755113611096021,,
2026-04-05,11,2026-04-05T04:00:00Z,2026-04-06T04:44:42Z,9.939999999999999503,9.939999999999999503,False,N,0.000000000000000000,-423.211943399062477056,0.00,0.00,9.939999999999999503,0.000000000000000000,1718.817223267604276771,-2141.802229729652935930,0.000000000000000000,0.000000000000000000,1718.817223267604276771,-2140.802229729652935930,,
2026-04-05,12,2026-04-05T04:30:00Z,2026-04-06T05:14:48Z,-14.619999999999999218,-14.619999999999999218,False,N,0.000000000000000000,-198.891557222222218115,0.00,0.00,,,1870.846096944444525434,-2069.379151666666530218,0.000000000000000000,0.000000000000000000,1870.846096944444525434,-2068.379151666666530218,,
2026-04-05,13,2026-04-05T05:00:00Z,2026-04-06T05:44:42Z,11.710000000000000853,11.710000000000000853,False,N,0.000000000000000000,-376.874462857142873418,0.00,0.00,11.710000000000000853,0.167522777777777770,1567.129972222222249911,-1943.337108829364979101,0.000000000000000000,0.000000000000000000,1567.129972222222249911,-1942.337108829364979101,,
2026-04-05,14,2026-04-05T05:30:00Z,2026-04-06T06:14:41Z,0.000000000000000000,0.000000000000000000,False,N,0.000000000000000000,-439.252989449789083665,0.00,0.00,0.000000000000000000,0.966668917237839320,1810.141120569901886483,-2249.045396405000701634,0.000000000000000000,0.000000000000000000,1810.141120569901886483,-2248.045396405000701634,,
2026-04-05,15,2026-04-05T06:00:00Z,2026-04-06T06:44:39Z,4.190000000000000391,4.190000000000000391,False,N,0.000000000000000000,-108.019872097542503298,0.00,0.00,4.190000000000000391,0.000000000000000000,1533.646370426920157115,-1640.781702835331998358,0.000000000000000000,0.000000000000000000,1533.646370426920157115,-1639.781702835331998358,,
2026-04-05,16,2026-04-05T06:30:00Z,2026-04-06T07:14:39Z,-3.950000000000000178,-3.950000000000000178,False,N,0.000000000000000000,-128.189118055555553610,0.00,0.00,-3.950000000000000178,0.156666666666666676,1274.237975777777819530,-1402.395760500000051252,0.000000000000000000,0.000000000000000000,1274.237975777777819530,-1401.395760500000051252,,
2026-04-05,17,2026-04-05T07:00:00Z,2026-04-06T07:44:41Z,7.040000000000000036,7.040000000000000036,False,N,0.000000000000000000,-138.660421282005330568,0.00,0.00,7.040000000000000036,0.000000000000000000,1105.477423717994724939,-1244.012581240815961792,0.000000000000000000,0.000000000000000000,1105.477423717994724939,-1243.012581240815961792,,
2026-04-05,18,2026-04-05T07:30:00Z,2026-04-06T08:14:39Z,15.599999999999999645,15.599999999999999645,False,N,0.000000000000000000,-13.462494444444445207,0.00,0.00,15.599999999999999645,0.000000000000000000,1125.172863657332300136,-1138.435358101776728290,0.000000000000000000,0.000000000000000000,1125.172863657332300136,-1137.435358101776728290,,
2026-04-05,19,2026-04-05T08:00:00Z,2026-04-06T08:44:41Z,-9.300000000000000711,-9.300000000000000711,False,N,0.000000000000000000,-51.468833333333336100,0.00,0.00,,,1007.491666666666674246,-1064.402499999999918145,0.000000000000000000,5.227000000000000313,1007.491666666666674246,-1063.402499999999918145,,5.227000000000000313
2026-04-05,20,2026-04-05T08:30:00Z,2026-04-06T09:14:38Z,-15.269999999999999574,-15.269999999999999574,False,N,0.000000000000000000,-352.867263280169311201,0.00,0.00,,,786.716668416466973213,-1139.816666752391483897,0.000000000000000000,0.000000000000000000,786.716668416466973213,-1138.816666752391483897,,
2026-04-05,21,2026-04-05T09:00:00Z,2026-04-06T09:44:42Z,-14.619999999999999218,-14.619999999999999218,False,N,0.000000000000000000,-269.136325380411847163,0.00,0.00,,,641.838333418373053973,-911.340014340849620567,0.000000000000000000,0.000000000000000000,641.838333418373053973,-910.340014340849620567,,
2026-04-05,22,2026-04-05T09:30:00Z,2026-04-06T10:14:39Z,-36.130000000000002558,-36.130000000000002558,False,N,0.000000000000000000,-637.453613333333350965,0.00,0.00,,,642.218835833333287155,-1279.946056111111147402,0.000000000000000000,0.000000000000000000,642.218835833333287155,-1278.946056111111147402,,
2026-04-05,23,2026-04-05T10:00:00Z,2026-04-06T10:44:46Z,-40.000000000000000000,-40.000000000000000000,False,N,0.000000000000000000,-768.299311106841969377,0.00,0.00,,,641.082662333333360039,-1410.042089717953103900,0.000000000000000000,0.000000000000000000,641.082662333333360039,-1409.042089717953103900,,
2026-04-05,24,2026-04-05T10:30:00Z,2026-04-06T11:14:38Z,-50.000000000000000000,-50.000000000000000000,False,N,0.000000000000000000,-934.883445253090485494,0.00,0.00,,,642.473602341984019404,-1689.560252858499325157,0.000000000000000000,111.941999999999993065,642.473602341984019404,-1688.560252858499325157,,111.941999999999993065
2026-04-05,25,2026-04-05T11:00:00Z,2026-04-06T11:44:55Z,-49.000000000000000000,-49.000000000000000000,False,N,0.000000000000000000,-576.528370329430003949,0.00,0.00,,,641.854170813492032721,-1090.522796000252128579,-250.000000000000000000,121.109999999999999432,641.854170813492032721,-1089.522796000252128579,-250.000000000000000000,121.109999999999999432
2026-04-05,26,2026-04-05T11:30:00Z,2026-04-06T12:14:39Z,-54.166956007600958856,-54.166956007600958856,False,N,0.000000000000000000,-879.097281467580501157,0.00,0.00,,,644.616144898632342120,-1285.945302199546176780,-250.000000000000000000,11.763999999999999346,644.616144898632342120,-1285.640434838435112397,-249.304867361111121227,11.763999999999999346
2026-04-05,27,2026-04-05T12:00:00Z,2026-04-06T12:44:38Z,-62.000000000000000000,-62.000000000000000000,False,N,0.000000000000000000,-973.606033344017077980,0.00,0.00,,,642.576674722222264791,-1379.758630427350453829,-236.500000000000000000,0.000000000000000000,642.576674722222264791,-1378.758630427350453829,-236.500000000000000000,
2026-04-05,28,2026-04-05T12:30:00Z,2026-04-06T13:14:46Z,-80.189999999999997726,-80.189999999999997726,False,N,0.000000000000000000,-1149.140652977984700556,0.00,0.00,,,646.693775293860539932,-1559.228496327694301726,-236.500000000000000000,0.000000000000000000,646.693775293860539932,-1558.228496327694301726,-236.500000000000000000,
2026-04-05,29,2026-04-05T13:00:00Z,2026-04-06T13:44:51Z,-80.500000000000000000,-80.500000000000000000,False,N,0.000000000000000000,-1404.561130040777243266,0.00,0.00,,,642.553976672641510959,-1797.060629207443980704,-250.000000000000000000,0.000000000000000000,642.553976672641510959,-1796.060629207443980704,-250.000000000000000000,
2026-04-05,30,2026-04-05T13:30:00Z,2026-04-06T14:14:30Z,-83.900000000000005684,-83.900000000000005684,False,N,0.000000000000000000,-1326.333641558218459977,0.00,0.00,,,673.778825963728877468,-1750.459688081657077419,-250.000000000000000000,0.000000000000000000,673.778825963728877468,-1749.459688081657077419,-250.000000000000000000,
2026-04-05,31,2026-04-05T14:00:00Z,2026-04-06T14:44:37Z,-80.000000000000000000,-80.000000000000000000,False,N,0.000000000000000000,-971.458024305555568390,0.00,0.00,,,723.958771250000040709,-1695.829872083333384580,0.000000000000000000,0.000000000000000000,723.958771250000040709,-1694.829872083333384580,,
2026-04-05,32,2026-04-05T14:30:00Z,2026-04-06T15:22:21Z,-76.000000000000000000,-76.000000000000000000,False,N,0.000000000000000000,-1087.639924866557748828,0.00,0.00,,,770.866385046296272776,-1858.666383199891015465,0.000000000000000000,0.000000000000000000,770.866385046296272776,-1857.666383199891015465,,
2026-04-05,33,2026-04-05T15:00:00Z,2026-04-06T15:44:35Z,-48.789999999999999147,-48.789999999999999147,False,N,0.000000000000000000,-1167.087555762138890714,0.00,0.00,,,963.211006676138936200,-2130.413668062863507657,0.000000000000000000,0.000000000000000000,963.211006676138936200,-2129.413668062863507657,,
2026-04-05,34,2026-04-05T15:30:00Z,2026-04-06T16:14:33Z,-40.000000000000000000,-40.000000000000000000,False,N,0.000000000000000000,-1159.548638438578336718,0.00,0.00,,,1099.884277950310661254,-2259.466249722222073615,0.000000000000000000,0.000000000000000000,1099.884277950310661254,-2258.466249722222073615,,
2026-04-05,35,2026-04-05T16:00:00Z,2026-04-06T16:44:45Z,-40.000000000000000000,-40.000000000000000000,False,N,0.000000000000000000,-1296.555547281745930377,0.00,0.00,,,1232.362977718253887360,-2529.799162499999965803,0.000000000000000000,0.000000000000000000,1232.362977718253887360,-2528.799162499999965803,,
2026-04-05,36,2026-04-05T16:30:00Z,2026-04-06T17:14:40Z,-32.539999999999999147,-32.539999999999999147,False,N,0.000000000000000000,-1252.715617399425354961,0.00,0.00,,,1394.557298850574625249,-2673.716666249999889260,0.000000000000000000,26.300000000000000711,1394.557298850574625249,-2672.716666249999889260,,26.300000000000000711
2026-04-05,37,2026-04-05T17:00:00Z,2026-04-06T17:44:31Z,-40.000000000000000000,-40.000000000000000000,False,N,0.000000000000000000,-1568.830091736111171485,0.00,0.00,,,1429.750558790204649995,-3004.918061279239736905,0.000000000000000000,5.908999999999999808,1429.750558790204649995,-3003.918061279239736905,,5.908999999999999808
2026-04-05,38,2026-04-05T17:30:00Z,2026-04-06T18:14:33Z,-26.480000000000000426,-26.480000000000000426,False,N,0.000000000000000000,-981.528847916666677520,0.00,0.00,,,1520.100021388888990259,-2634.213330555555330648,0.000000000000000000,131.500000000000000000,1520.100021388888990259,-2633.213330555555330648,,131.500000000000000000
2026-04-05,39,2026-04-05T18:00:00Z,2026-04-06T18:45:12Z,67.069999999999993179,67.069999999999993179,False,N,0.000000000000000000,-693.045854625382162340,0.00,0.00,67.069999999999993179,0.000000000000000000,1737.192339850264488632,-2558.533176760228343483,0.000000000000000000,128.514000000000010004,1737.192339850264488632,-2557.533176760228343483,,128.514000000000010004
2026-04-05,40,2026-04-05T18:30:00Z,2026-04-06T19:14:33Z,112.120000000000004547,112.120000000000004547,False,P,0.000000000000000000,43.744768612914860739,0.00,0.00,,,2317.702822448040478776,-2356.986603471198577608,0.000000000000000000,83.109999999999999432,2316.702822448040478776,-2356.986603471198577608,,83.109999999999999432
2026-04-05,41,2026-04-05T19:00:00Z,2026-04-06T19:44:34Z,119.189999999999997726,119.189999999999997726,False,P,0.000000000000000000,138.263619350971453059,0.00,0.00,,,2303.417082163080067403,-2164.680223487676357763,0.000000000000000000,0.000000000000000000,2302.417082163080067403,-2164.680223487676357763,,
2026-04-05,42,2026-04-05T19:30:00Z,2026-04-06T20:14:36Z,128.120000000000004547,128.120000000000004547,False,P,0.000000000000000000,109.730304911345442065,0.00,0.00,,,2307.936736994678994961,-2197.981208154762043705,0.000000000000000000,0.000000000000000000,2306.936736994678994961,-2197.981208154762043705,,
2026-04-05,43,2026-04-05T20:00:00Z,2026-04-06T20:44:35Z,109.040000000000006253,109.040000000000006253,False,N,0.000000000000000000,-426.551281888961796085,0.00,0.00,109.040000000000006253,0.000000000000000000,1508.957704222149232010,-2062.301591133432339120,0.000000000000000000,127.459000000000003183,1508.957704222149232010,-2061.301591133432339120,,127.459000000000003183
2026-04-05,44,2026-04-05T20:30:00Z,2026-04-06T21:14:34Z,122.000000000000000000,122.000000000000000000,False,P,0.000000000000000000,12.483717517921146367,0.00,0.00,,,1702.330068906810083718,-1835.448688055555521714,0.000000000000000000,145.757000000000005002,1701.330068906810083718,-1835.448688055555521714,,145.757000000000005002
2026-04-05,45,2026-04-05T21:00:00Z,2026-04-06T21:44:32Z,119.599999999999994316,119.599999999999994316,False,P,0.000000000000000000,137.687191544117638387,0.00,0.00,,,1833.956636544117600351,-1696.216669166666633828,0.000000000000000000,0.000000000000000000,1832.956636544117600351,-1696.216669166666633828,,
2026-04-05,46,2026-04-05T21:30:00Z,2026-04-06T22:14:39Z,112.480000000000003979,112.480000000000003979,False,N,0.000000000000000000,-8.210531669153922962,0.00,0.00,112.480000000000003979,0.000000000000000000,1715.943746816166822100,-1724.163268175124358095,0.000000000000000000,0.000000000000000000,1715.943746816166822100,-1723.163268175124358095,,
2026-04-05,47,2026-04-05T22:00:00Z,2026-04-06T22:44:32Z,113.980000000000003979,113.980000000000003979,False,N,0.000000000000000000,-17.917490745384881734,0.00,0.00,113.980000000000003979,0.000000000000000000,1670.382509254615115424,-1688.100086891762430241,0.000000000000000000,0.000000000000000000,1670.382509254615115424,-1687.100086891762430241,,
2026-04-05,48,2026-04-05T22:30:00Z,2026-04-06T23:14:34Z,110.129999999999995453,110.129999999999995453,False,N,0.000000000000000000,-44.448672651207459694,0.00,0.00,110.129999999999995453,0.000000000000000000,1463.902327348792596240,-1653.143428828263040486,0.000000000000000000,144.859000000000008868,1463.902327348792596240,-1652.143428828263040486,,144.859000000000008868
2026-04-06,1,2026-04-05T23:00:00Z,2026-04-06T23:44:48Z,106.310000000000002274,106.310000000000002274,False,N,0.000000000000000000,-8.019582277715558760,0.00,0.00,106.310000000000002274,0.000000000000000000,1529.879195500062223800,-1579.472807305619198814,0.000000000000000000,41.573999999999998067,1529.879195500062223800,-1578.472807305619198814,,41.573999999999998067
2026-04-06,2,2026-04-05T23:30:00Z,2026-04-07T00:14:31Z,116.900000000000005684,116.900000000000005684,False,P,0.000000000000000000,55.291667083333329913,0.00,0.00,,,1547.425000416666762248,-1492.133333333333439441,0.000000000000000000,0.000000000000000000,1546.425000416666762248,-1492.133333333333439441,,
2026-04-06,3,2026-04-06T00:00:00Z,2026-04-07T00:44:28Z,127.900000000000005684,127.900000000000005684,False,P,0.000000000000000000,124.804764126984125028,0.00,0.00,,,1548.185716507936604103,-1423.380952380952294334,0.000000000000000000,0.000000000000000000,1547.185716507936604103,-1423.380952380952294334,,
2026-04-06,4,2026-04-06T00:30:00Z,2026-04-07T01:14:35Z,127.900000000000005684,127.900000000000005684,False,P,0.000000000000000000,361.745395390211626818,0.00,0.00,,,1735.043617612433763497,-1373.089888888888935981,0.000000000000000000,0.000000000000000000,1734.043617612433763497,-1373.089888888888935981,,
2026-04-06,5,2026-04-06T01:00:00Z,2026-04-07T01:44:44Z,127.900000000000005684,127.900000000000005684,False,P,0.000000000000000000,291.857869805017799081,0.00,0.00,,,1626.799203138351231246,-1368.983338676180665061,0.000000000000000000,34.167000000000001592,1625.799203138351231246,-1368.983338676180665061,,34.167000000000001592
2026-04-06,6,2026-04-06T01:30:00Z,2026-04-07T02:15:58Z,116.900000000000005684,116.900000000000005684,False,P,0.000000000000000000,126.650198412698415495,0.00,0.00,,,1479.725198412698318862,-1353.075000000000045475,0.000000000000000000,0.000000000000000000,1478.725198412698318862,-1353.075000000000045475,,
2026-04-06,7,2026-04-06T02:00:00Z,2026-04-07T02:44:40Z,111.730000000000003979,111.730000000000003979,False,N,0.000000000000000000,-56.555129040449344302,0.00,0.00,111.730000000000003979,0.000000000000000000,1260.703204292884038296,-1317.317793893132375160,0.000000000000000000,0.000000000000000000,1260.703204292884038296,-1316.317793893132375160,,
2026-04-06,8,2026-04-06T02:30:00Z,2026-04-07T03:14:39Z,105.250000000000000000,105.250000000000000000,False,N,0.000000000000000000,-242.638000000000005230,0.00,0.00,105.250000000000000000,0.000000000000000000,1034.366666666666560559,-1319.541666666666742458,0.000000000000000000,42.536999999999999034,1034.366666666666560559,-1318.541666666666742458,,42.536999999999999034
2026-04-06,9,2026-04-06T03:00:00Z,2026-04-07T03:44:37Z,116.900000000000005684,116.900000000000005684,False,P,0.000000000000000000,22.286972916666666578,0.00,0.00,,,1112.598972916666753008,-1225.458333333333257542,0.000000000000000000,135.263000000000005230,1111.598972916666753008,-1225.458333333333257542,,135.263000000000005230
2026-04-06,10,2026-04-06T03:30:00Z,2026-04-07T04:14:37Z,127.900000000000005684,127.900000000000005684,False,P,0.000000000000000000,340.261080526556781933,0.00,0.00,,,1428.814136082112327131,-1113.736388888888996007,0.000000000000000000,24.850000000000001421,1427.814136082112327131,-1113.736388888888996007,,24.850000000000001421
2026-04-06,11,2026-04-06T04:00:00Z,2026-04-07T04:44:35Z,86.788773128189717454,86.788773128189717454,False,N,0.000000000000000000,-19.114102301587301724,0.00,0.00,88.663303763888890785,1.000000000000000000,1008.732740595238055903,-1034.810712480158827020,0.000000000000000000,6.602999999999999758,1008.732740595238055903,-1033.810712480158827020,,6.602999999999999758
2026-04-06,12,2026-04-06T04:30:00Z,2026-04-07T05:14:38Z,116.900000000000005684,116.900000000000005684,False,P,0.000000000000000000,120.379999166666664223,0.00,0.00,,,1140.699999166666657402,-1034.200000000000045475,0.000000000000000000,13.929999999999999716,1139.699999166666657402,-1034.200000000000045475,,13.929999999999999716
2026-04-06,13,2026-04-06T05:00:00Z,2026-04-07T05:44:35Z,136.830000000000012506,136.830000000000012506,False,P,0.000000000000000000,326.649267500000007658,0.00,0.00,,,1255.715934166666556848,-928.724270277777804949,0.000000000000000000,0.000000000000000000,1254.715934166666556848,-928.724270277777804949,,
2026-04-06,14,2026-04-06T05:30:00Z,2026-04-07T06:14:34Z,116.900000000000005684,116.900000000000005684,False,P,0.000000000000000000,119.945898730158731382,0.00,0.00,,,785.646949682539684545,-698.566666666666719721,0.000000000000000000,33.243000000000002103,784.646949682539684545,-698.566666666666719721,,33.243000000000002103
2026-04-06,15,2026-04-06T06:00:00Z,2026-04-07T06:44:38Z,152.000000000000000000,152.000000000000000000,False,P,0.000000000000000000,263.036275527114128181,0.00,0.00,,,802.667950090606154845,-605.383315531634366380,0.000000000000000000,65.808000000000006935,801.667950090606154845,-605.383315531634366380,,65.808000000000006935
2026-04-06,16,2026-04-06T06:30:00Z,2026-04-07T07:14:38Z,124.509849577934176068,124.509849577934176068,False,P,0.000000000000000000,274.682025436507956329,0.00,0.00,,,866.946279792768905281,-592.305952380952362546,0.000000000000000000,0.000000000000000000,865.946279792768905281,-592.305952380952362546,,
2026-04-06,17,2026-04-06T07:00:00Z,2026-04-07T07:44:38Z,130.939999999999997726,130.939999999999997726,False,P,0.000000000000000000,262.731224157088149695,0.00,0.00,130.939999999999997726,1.000000000000000000,526.903789157088112916,-264.261549305555547562,0.000000000000000000,0.000000000000000000,525.903789157088112916,-264.261549305555547562,,
2026-04-06,18,2026-04-06T07:30:00Z,2026-04-07T08:14:39Z,116.900000000000005684,116.900000000000005684,False,P,0.000000000000000000,168.706747122154894214,0.00,0.00,116.900000000000005684,1.000000000000000000,457.697028302710464231,-288.862332343385105560,0.000000000000000000,0.000000000000000000,456.697028302710464231,-288.862332343385105560,,
2026-04-06,19,2026-04-06T08:00:00Z,2026-04-07T08:44:39Z,129.242447255016458030,129.242447255016458030,False,P,0.000000000000000000,325.188326644754511108,0.00,0.00,128.686000000000007049,1.000000000000000000,410.577391388888884194,-85.812124792535072970,0.000000000000000000,0.000000000000000000,409.577391388888884194,-85.812124792535072970,,
2026-04-06,20,2026-04-06T08:30:00Z,2026-04-07T09:14:36Z,116.900000000000005684,116.900000000000005684,False,P,0.000000000000000000,204.250000357003131057,0.00,0.00,116.900000000000005684,1.000000000000000000,437.736913368055581941,-233.894204677719102392,0.000000000000000000,0.000000000000000000,436.736913368055581941,-233.894204677719102392,,
2026-04-06,21,2026-04-06T09:00:00Z,2026-04-07T09:44:40Z,125.000000000000000000,125.000000000000000000,False,P,0.000000000000000000,288.228091784291962085,0.00,0.00,125.000000000000000000,1.000000000000000000,623.159850484226581102,-334.988574882374734898,0.000000000000000000,0.000000000000000000,622.159850484226581102,-334.988574882374734898,,
2026-04-06,22,2026-04-06T09:30:00Z,2026-04-07T10:14:40Z,51.829999999999998295,51.829999999999998295,False,N,0.000000000000000000,-162.835570984848487797,0.00,0.00,,,638.193895126262646045,-801.160570984848504850,0.000000000000000000,0.000000000000000000,638.193895126262646045,-800.160570984848504850,,
2026-04-06,23,2026-04-06T10:00:00Z,2026-04-07T10:44:40Z,29.379999999999999005,29.379999999999999005,False,N,0.000000000000000000,-430.997775794140181915,0.00,0.00,,,639.998758978421960819,-1071.250729960806893359,0.000000000000000000,0.000000000000000000,639.998758978421960819,-1070.250729960806893359,,
2026-04-06,24,2026-04-06T10:30:00Z,2026-04-07T11:14:40Z,1.479999999999999982,1.479999999999999982,False,N,0.000000000000000000,-1220.035921333250598764,0.00,0.00,,,638.666378291843557236,-1859.183887717402512862,0.000000000000000000,0.000000000000000000,638.666378291843557236,-1858.183887717402512862,,
2026-04-06,25,2026-04-06T11:00:00Z,2026-04-07T11:44:44Z,-30.000000000000000000,-30.000000000000000000,False,N,0.000000000000000000,-1103.566577241576169399,0.00,0.00,,,649.607193068181800299,-1628.785535574909317802,-124.500000000000000000,0.000000000000000000,649.607193068181800299,-1627.785535574909317802,-124.500000000000000000,
2026-04-06,26,2026-04-06T11:30:00Z,2026-04-07T12:15:26Z,-55.960000000000000853,-55.960000000000000853,False,N,0.000000000000000000,-1361.098886944444529945,0.00,0.00,,,634.894631944444427063,-1871.193540416666564852,-124.500000000000000000,0.000000000000000000,634.894631944444427063,-1870.193540416666564852,-124.500000000000000000,
2026-04-06,27,2026-04-06T12:00:00Z,2026-04-07T12:45:20Z,-80.189999999999997726,-80.189999999999997726,False,N,0.000000000000000000,-1309.982114433732022007,0.00,0.00,,,604.789242523383450134,-1790.306196914051270141,-124.500000000000000000,0.000000000000000000,604.789242523383450134,-1789.306196914051270141,-124.500000000000000000,
2026-04-06,28,2026-04-06T12:30:00Z,2026-04-07T13:14:31Z,-83.900000000000005684,-83.900000000000005684,False,N,0.000000000000000000,-1308.072426977069653731,0.00,0.00,,,607.169535092871456072,-1790.690364754847450968,-124.500000000000000000,0.000000000000000000,607.169535092871456072,-1789.690364754847450968,-124.500000000000000000,
2026-04-06,29,2026-04-06T13:00:00Z,2026-04-07T13:44:45Z,-90.000000000000000000,-90.000000000000000000,False,N,0.000000000000000000,-1508.687816165677531899,0.00,0.00,,,590.243669583044606952,-1674.398232832344092458,-424.500000000000000000,0.000000000000000000,590.243669583044606952,-1673.398232832344092458,-424.500000000000000000,
2026-04-06,30,2026-04-06T13:30:00Z,2026-04-07T14:14:39Z,-97.920000000000001705,-97.920000000000001705,False,N,0.000000000000000000,-1665.951249169952689044,0.00,0.00,,,591.713751297384305872,-1832.907495669952822936,-424.500000000000000000,0.000000000000000000,591.713751297384305872,-1831.907495669952822936,-424.500000000000000000,
2026-04-06,31,2026-04-06T14:00:00Z,2026-04-07T14:45:01Z,-73.939999999999997726,-73.939999999999997726,False,N,0.000000000000000000,-1775.398573248615093689,0.00,0.00,,,617.414261056940404160,-1321.426248308074036686,-1100.000000000000000000,27.750000000000000000,617.414261056940404160,-1321.426248308074036686,-1099.000000000000000000,27.750000000000000000
2026-04-06,32,2026-04-06T14:30:00Z,2026-04-07T15:14:42Z,-66.180000000000006821,-66.180000000000006821,False,N,0.000000000000000000,-1486.754948438009023448,0.00,0.00,,,667.382208367546468253,-1054.604144027777692827,-1100.000000000000000000,0.000000000000000000,667.382208367546468253,-1054.604144027777692827,-1099.000000000000000000,
2026-04-06,33,2026-04-06T15:00:00Z,2026-04-07T15:44:45Z,-38.159999999999996589,-38.159999999999996589,False,N,0.000000000000000000,-1378.445615806285559302,0.00,0.00,,,606.345324630172740399,-1385.208804880902789591,-600.000000000000000000,0.000000000000000000,606.345324630172740399,-1384.208804880902789591,-600.000000000000000000,
2026-04-06,34,2026-04-06T15:30:00Z,2026-04-07T16:14:36Z,-22.079999999999998295,-22.079999999999998295,False,N,0.000000000000000000,-992.659796347286260243,0.00,0.00,,,605.164288593190008214,-998.549213253968218851,-600.000000000000000000,0.000000000000000000,605.164288593190008214,-998.549213253968218851,-599.000000000000000000,
2026-04-06,35,2026-04-06T16:00:00Z,2026-04-07T16:44:37Z,0.000000000000000000,0.000000000000000000,False,N,0.000000000000000000,-624.609265865705879150,0.00,0.00,,,589.341290304928975274,-1214.183887837301654145,0.000000000000000000,0.000000000000000000,589.341290304928975274,-1213.183887837301654145,,
2026-04-06,36,2026-04-06T16:30:00Z,2026-04-07T17:14:43Z,31.980000000000000426,31.980000000000000426,False,N,0.000000000000000000,-400.465556705104972934,0.00,0.00,,,776.777564659896142985,-1177.380342547917052798,0.000000000000000000,0.000000000000000000,776.777564659896142985,-1176.380342547917052798,,
2026-04-06,37,2026-04-06T17:00:00Z,2026-04-07T17:44:37Z,79.000000000000000000,79.000000000000000000,False,N,0.000000000000000000,-37.653888817218657437,0.00,0.00,,,891.653890008012808721,-1011.348471082175933589,0.000000000000000000,81.183999999999997499,891.653890008012808721,-1010.348471082175933589,,81.183999999999997499
2026-04-06,38,2026-04-06T17:30:00Z,2026-04-07T18:14:37Z,143.500000000000000000,143.500000000000000000,False,P,0.000000000000000000,145.802833735754973077,0.00,0.00,,,934.125066282051307098,-902.528196018518542587,0.000000000000000000,114.421000000000006480,933.125066282051307098,-902.528196018518542587,,114.421000000000006480
2026-04-06,39,2026-04-06T18:00:00Z,2026-04-07T18:45:11Z,141.960000000000007958,141.960000000000007958,False,P,0.000000000000000000,232.255485722025213136,0.00,0.00,,,1087.142185814617732831,-1151.508853750000071159,0.000000000000000000,296.846999999999979991,1086.142185814617732831,-1151.508853750000071159,,296.846999999999979991
2026-04-06,40,2026-04-06T18:30:00Z,2026-04-07T19:16:09Z,146.900000000000005684,146.900000000000005684,False,P,0.000000000000000000,581.174222222222169876,0.00,0.00,,,1624.518888888888795918,-1143.318891388888914662,0.000000000000000000,100.046999999999997044,1623.518888888888795918,-1143.318891388888914662,,100.046999999999997044
2026-04-06,41,2026-04-06T19:00:00Z,2026-04-07T19:44:42Z,146.900000000000005684,146.900000000000005684,False,P,0.000000000000000000,333.190214482415058228,0.00,0.00,,,1473.316916306489019917,-1139.979800081018538549,0.000000000000000000,0.000000000000000000,1472.316916306489019917,-1139.979800081018538549,,
2026-04-06,42,2026-04-06T19:30:00Z,2026-04-07T20:14:36Z,143.500000000000000000,143.500000000000000000,False,P,0.000000000000000000,219.899197777777771989,0.00,0.00,,,1369.211364444444370747,-1183.005516388888963775,0.000000000000000000,33.649999999999998579,1368.211364444444370747,-1183.005516388888963775,,33.649999999999998579
2026-04-06,43,2026-04-06T20:00:00Z,2026-04-07T20:44:45Z,89.409999999999996589,89.409999999999996589,False,N,0.000000000000000000,-16.609632434640523968,0.00,0.00,,,1322.114252233818206150,-1338.538199594226853151,0.000000000000000000,0.000000000000000000,1322.114252233818206150,-1337.538199594226853151,,
2026-04-06,44,2026-04-06T20:30:00Z,2026-04-07T21:14:45Z,127.450000000000002842,127.450000000000002842,False,P,0.000000000000000000,7.238755200822263980,0.00,0.00,,,1244.847088534155545858,-1237.741803452380963790,0.000000000000000000,0.000000000000000000,1243.847088534155545858,-1237.741803452380963790,,
2026-04-06,45,2026-04-06T21:00:00Z,2026-04-07T21:44:51Z,71.269999999999996021,71.269999999999996021,False,N,0.000000000000000000,-164.314946449792046224,0.00,0.00,,,1365.958437577985705502,-1652.736053724747534943,0.000000000000000000,122.575999999999993406,1365.958437577985705502,-1651.736053724747534943,,122.575999999999993406
2026-04-06,46,2026-04-06T21:30:00Z,2026-04-07T22:14:44Z,123.260000000000005116,123.260000000000005116,False,P,0.000000000000000000,197.986158333333321480,0.00,0.00,,,1649.329160000000001673,-1517.183336964769750921,0.000000000000000000,65.456999999999993634,1648.329160000000001673,-1517.183336964769750921,,65.456999999999993634
2026-04-06,47,2026-04-06T22:00:00Z,2026-04-07T22:44:42Z,62.205902146172107336,62.205902146172107336,False,N,0.000000000000000000,-100.157519340277772812,0.00,0.00,62.313333333333332575,1.000000000000000000,1399.357877604166560559,-1539.252672048611202626,0.000000000000000000,39.070000000000000284,1399.357877604166560559,-1538.252672048611202626,,39.070000000000000284
2026-04-06,48,2026-04-06T22:30:00Z,2026-04-07T23:14:37Z,82.060000000000002274,82.060000000000002274,False,N,0.000000000000000000,-15.823852142618624939,0.00,0.00,82.060000000000002274,0.000000000000000000,1499.167179385159215599,-1515.465930827945840065,0.000000000000000000,0.829999999999999960,1499.167179385159215599,-1514.465930827945840065,,0.829999999999999960
2026-04-07,1,2026-04-06T23:00:00Z,2026-04-07T23:44:40Z,62.000000000000000000,62.000000000000000000,False,N,0.000000000000000000,-105.429516899641583905,0.00,0.00,62.000000000000000000,1.000000000000000000,1207.865233100358409501,-1362.617835716333274831,0.000000000000000000,49.485999999999997101,1207.865233100358409501,-1361.617835716333274831,,49.485999999999997101
2026-04-07,2,2026-04-06T23:30:00Z,2026-04-08T00:14:36Z,14.193429108249535631,14.193429108249535631,False,N,0.000000000000000000,-337.700698061590287580,0.00,0.00,16.498068055555556555,1.000000000000000000,1134.825275839368032393,-1474.277969589368012748,0.000000000000000000,1.514000000000000012,1134.825275839368032393,-1473.277969589368012748,,1.514000000000000012
2026-04-07,3,2026-04-07T00:00:00Z,2026-04-08T00:44:39Z,20.000000000000000000,20.000000000000000000,False,N,0.000000000000000000,-424.389008055555564169,0.00,0.00,,,1150.128125416666762248,-1574.737503611111151258,0.000000000000000000,0.000000000000000000,1150.128125416666762248,-1573.737503611111151258,,
2026-04-07,4,2026-04-07T00:30:00Z,2026-04-08T01:14:38Z,20.000000000000000000,20.000000000000000000,False,N,0.000000000000000000,-241.629081342592598958,0.00,0.00,,,1147.500000000000000000,-1400.620373009259310493,0.000000000000000000,11.199999999999999289,1147.500000000000000000,-1399.620373009259310493,,11.199999999999999289
2026-04-07,5,2026-04-07T01:00:00Z,2026-04-08T01:44:39Z,44.000000000000000000,44.000000000000000000,False,N,0.000000000000000000,-39.857586569593784986,0.00,0.00,,,1147.500000698924623066,-1187.621296569593823733,0.000000000000000000,0.000000000000000000,1147.500000698924623066,-1186.621296569593823733,,
2026-04-07,6,2026-04-07T01:30:00Z,2026-04-08T02:16:59Z,61.299999999999997158,61.299999999999997158,False,P,0.000000000000000000,83.654769166666667957,0.00,0.00,61.299999999999997158,0.000000000000000000,1147.500000000000000000,-1064.533336111111111677,0.000000000000000000,0.000000000000000000,1146.500000000000000000,-1064.533336111111111677,,
2026-04-07,7,2026-04-07T02:00:00Z,2026-04-08T02:44:44Z,66.049999999999997158,66.049999999999997158,False,P,0.000000000000000000,172.924167051282040575,0.00,0.00,66.049999999999997158,0.000000000000000000,1147.500001282051243834,-975.091666282051278358,0.000000000000000000,0.000000000000000000,1146.500001282051243834,-975.091666282051278358,,
2026-04-07,8,2026-04-07T02:30:00Z,2026-04-08T03:14:44Z,63.719999999999998863,63.719999999999998863,False,P,0.000000000000000000,90.737499999999997158,0.00,0.00,63.719999999999998863,0.000000000000000000,1147.500000000000000000,-1057.079166666666651508,0.000000000000000000,0.000000000000000000,1146.500000000000000000,-1057.079166666666651508,,
2026-04-07,9,2026-04-07T03:00:00Z,2026-04-08T03:44:41Z,66.480000000000003979,66.480000000000003979,False,P,0.000000000000000000,97.691666666666662877,0.00,0.00,66.480000000000003979,0.000000000000000000,1093.333333333333257542,-996.283333333333303017,0.000000000000000000,0.000000000000000000,1092.333333333333257542,-996.283333333333303017,,
2026-04-07,10,2026-04-07T03:30:00Z,2026-04-08T04:14:43Z,20.000000000000000000,20.000000000000000000,False,N,0.000000000000000000,-132.619196428571427759,0.00,0.00,,,967.533333333333303017,-1100.386904761904816041,0.000000000000000000,0.000000000000000000,967.533333333333303017,-1099.386904761904816041,,
2026-04-07,11,2026-04-07T04:00:00Z,2026-04-08T04:44:37Z,40.000000000000000000,40.000000000000000000,False,N,0.000000000000000000,-227.802331349206355071,0.00,0.00,,,996.636111111111063110,-1224.443998015872921314,0.000000000000000000,0.000000000000000000,996.636111111111063110,-1223.443998015872921314,,
2026-04-07,12,2026-04-07T04:30:00Z,2026-04-08T05:14:40Z,45.687489583333331211,45.687489583333331211,False,N,0.000000000000000000,-103.926039166666669189,0.00,0.00,,,1154.875000000000000000,-1258.867705833333275223,0.000000000000000000,0.000000000000000000,1154.875000000000000000,-1257.867705833333275223,,
2026-04-07,13,2026-04-07T05:00:00Z,2026-04-08T05:44:43Z,123.489999999999994884,123.489999999999994884,False,P,0.000000000000000000,86.664841338383837410,0.00,0.00,,,1439.892133421717062447,-1353.271297967171676646,0.000000000000000000,0.000000000000000000,1438.892133421717062447,-1353.271297967171676646,,
2026-04-07,14,2026-04-07T05:30:00Z,2026-04-08T06:14:43Z,74.950000000000002842,74.950000000000002842,False,N,0.000000000000000000,-3.073952122095441553,0.00,0.00,74.950000000000002842,1.000000000000000000,1300.555386221921708056,-1395.006303450854602488,0.000000000000000000,91.948999999999998067,1300.555386221921708056,-1394.006303450854602488,,91.948999999999998067
2026-04-07,15,2026-04-07T06:00:00Z,2026-04-08T06:44:39Z,119.599999999999994316,119.599999999999994316,False,P,0.000000000000000000,68.346583972643244920,0.00,0.00,,,1293.984996288986849322,-1233.264068573117583583,0.000000000000000000,7.266000000000000014,1292.984996288986849322,-1233.264068573117583583,,7.266000000000000014
2026-04-07,16,2026-04-07T06:30:00Z,2026-04-08T07:14:46Z,127.900000000000005684,127.900000000000005684,False,P,0.000000000000000000,173.576030277777789479,0.00,0.00,,,1209.206099444444362234,-1035.436312597517826362,0.000000000000000000,0.000000000000000000,1208.206099444444362234,-1035.436312597517826362,,
2026-04-07,17,2026-04-07T07:00:00Z,2026-04-08T07:44:41Z,128.500000000000000000,128.500000000000000000,False,P,0.000000000000000000,445.885764722222234013,0.00,0.00,,,1190.688542500000039581,-744.802779444444468027,0.000000000000000000,0.000000000000000000,1189.688542500000039581,-744.802779444444468027,,
2026-04-07,18,2026-04-07T07:30:00Z,2026-04-08T08:14:32Z,127.900000000000005684,127.900000000000005684,False,P,0.000000000000000000,155.407778888888884694,0.00,0.00,,,930.646667361111099126,-775.593888472222261043,0.000000000000000000,0.000000000000000000,929.646667361111099126,-775.593888472222261043,,
2026-04-07,19,2026-04-07T08:00:00Z,2026-04-08T08:44:30Z,7.070000000000000284,7.070000000000000284,False,N,0.000000000000000000,-120.062426388888894735,0.00,0.00,,,710.107909305555608626,-830.110690277777734991,0.000000000000000000,0.000000000000000000,710.107909305555608626,-829.110690277777734991,,
2026-04-07,20,2026-04-07T08:30:00Z,2026-04-08T09:14:30Z,-14.619999999999999218,-14.619999999999999218,False,N,0.000000000000000000,-353.805289305555561441,0.00,0.00,,,557.579569675925881711,-911.208067083333389746,0.000000000000000000,0.000000000000000000,557.579569675925881711,-910.208067083333389746,,
2026-04-07,21,2026-04-07T09:00:00Z,2026-04-08T09:44:34Z,-20.000000000000000000,-20.000000000000000000,False,N,0.000000000000000000,-585.285511388888835427,0.00,0.00,,,457.938933055555537521,-1043.469491428569426716,0.000000000000000000,0.000000000000000000,457.938933055555537521,-1042.469491428569426716,,
2026-04-07,22,2026-04-07T09:30:00Z,2026-04-08T10:14:31Z,-24.949999999999999289,-24.949999999999999289,False,N,0.000000000000000000,-576.651389999999992142,0.00,0.00,,,367.112676111111113642,-943.414077638888898036,0.000000000000000000,0.000000000000000000,367.112676111111113642,-942.414077638888898036,,
2026-04-07,23,2026-04-07T10:00:00Z,2026-04-08T10:44:34Z,-28.760000000000001563,-28.760000000000001563,False,N,0.000000000000000000,-1090.131655277777781521,0.00,0.00,,,566.731805138888944384,-906.756660694444462933,-750.000000000000000000,0.000000000000000000,566.731805138888944384,-905.756660694444462933,-750.000000000000000000,
2026-04-07,24,2026-04-07T10:30:00Z,2026-04-08T11:14:29Z,-28.760000000000001563,-28.760000000000001563,False,N,0.000000000000000000,-1248.364430858585819806,0.00,0.00,,,450.257636363636379428,-948.438733888888918955,-750.000000000000000000,0.000000000000000000,450.257636363636379428,-947.438733888888918955,-750.000000000000000000,
2026-04-07,25,2026-04-07T11:00:00Z,2026-04-08T11:44:37Z,-30.839999999999999858,-30.839999999999999858,False,N,0.000000000000000000,-855.096111300505071995,0.00,0.00,,,482.586944671717162691,-1337.739960416666690435,0.000000000000000000,0.000000000000000000,482.586944671717162691,-1336.739960416666690435,,
2026-04-07,26,2026-04-07T11:30:00Z,2026-04-08T12:14:30Z,-49.990000000000001990,-49.990000000000001990,False,N,0.000000000000000000,-1264.256118990400409530,0.00,0.00,,,492.454289661856194016,-1756.910407148315471204,0.000000000000000000,0.000000000000000000,492.454289661856194016,-1755.910407148315471204,,
2026-04-07,27,2026-04-07T12:00:00Z,2026-04-08T12:44:55Z,-50.000000000000000000,-50.000000000000000000,False,N,0.000000000000000000,-1297.943618743386196002,0.00,0.00,,,533.199249484126994503,-1670.135369544663944907,-162.000000000000000000,0.000000000000000000,533.199249484126994503,-1669.135369544663944907,-162.000000000000000000,
2026-04-07,28,2026-04-07T12:30:00Z,2026-04-08T13:14:45Z,-40.000000000000000000,-40.000000000000000000,False,N,0.000000000000000000,-1255.768875416666560341,0.00,0.00,,,493.825569027777760311,-1587.400555555555456522,-162.000000000000000000,0.000000000000000000,493.825569027777760311,-1586.400555555555456522,-162.000000000000000000,
2026-04-07,29,2026-04-07T13:00:00Z,2026-04-08T13:44:48Z,-49.990000000000001990,-49.990000000000001990,False,N,0.000000000000000000,-1352.860205555555467072,0.00,0.00,,,545.947518225277804049,-1664.578620046250080122,-235.500000000000000000,0.000000000000000000,545.947518225277804049,-1663.578620046250080122,-235.500000000000000000,
2026-04-07,30,2026-04-07T13:30:00Z,2026-04-08T14:14:31Z,-52.399999999999998579,-52.399999999999998579,False,N,0.000000000000000000,-1414.461421467560285237,0.00,0.00,,,475.767499999999984084,-1731.198671467560188830,-235.500000000000000000,76.055999999999997385,475.767499999999984084,-1730.198671467560188830,-235.500000000000000000,76.055999999999997385
2026-04-07,31,2026-04-07T14:00:00Z,2026-04-08T14:44:36Z,-34.590000000000003411,-34.590000000000003411,False,N,0.000000000000000000,-1027.040706804044702949,0.00,0.00,,,828.262282453728403198,-1277.621929365773212339,-651.000000000000000000,73.129000000000004889,828.262282453728403198,-1277.621929365773212339,-650.000000000000000000,73.129000000000004889
2026-04-07,32,2026-04-07T14:30:00Z,2026-04-08T15:14:43Z,-31.809999999999998721,-31.809999999999998721,False,N,0.000000000000000000,-493.316706851851847659,0.00,0.00,,,1096.966344120370422388,-1128.354952638888789807,-651.000000000000000000,189.093999999999994088,1096.966344120370422388,-1127.354952638888789807,-651.000000000000000000,189.093999999999994088
2026-04-07,33,2026-04-07T15:00:00Z,2026-04-08T15:44:45Z,-14.949999999999999289,-14.949999999999999289,False,N,0.000000000000000000,-320.906779166666694891,0.00,0.00,-14.949999999999999289,1.000000000000000000,846.046442099694445460,-1205.017531944444499459,0.000000000000000000,38.356000000000001648,846.046442099694445460,-1204.017531944444499459,,38.356000000000001648
2026-04-07,34,2026-04-07T15:30:00Z,2026-04-08T16:14:46Z,-14.619999999999999218,-14.619999999999999218,False,N,0.000000000000000000,-198.742733830492426250,0.00,0.00,,,1336.386010752841002613,-1604.626907459513859067,0.000000000000000000,69.433000000000006935,1336.386010752841002613,-1603.626907459513859067,,69.433000000000006935
2026-04-07,35,2026-04-07T16:00:00Z,2026-04-08T16:44:44Z,77.430000000000006821,77.430000000000006821,False,N,0.000000000000000000,-287.226918551587289130,0.00,0.00,77.430000000000006821,0.000000000000000000,1341.181748115079471972,-1762.617222222222153505,0.000000000000000000,134.133000000000009777,1341.181748115079471972,-1761.617222222222153505,,134.133000000000009777
2026-04-07,36,2026-04-07T16:30:00Z,2026-04-08T17:14:43Z,93.000000000000000000,93.000000000000000000,False,N,0.000000000000000000,-378.891424896997989435,0.00,0.00,93.000000000000000000,0.000000000000000000,1430.567463991890917896,-1901.860426260409440147,0.000000000000000000,92.584999999999993747,1430.567463991890917896,-1900.860426260409440147,,92.584999999999993747
2026-04-07,37,2026-04-07T17:00:00Z,2026-04-08T17:44:44Z,95.489999999999994884,95.489999999999994884,False,N,0.000000000000000000,-134.750484443521600042,0.00,0.00,95.489999999999994884,0.000000000000000000,1794.411841019441453682,-2024.483255698324910554,0.000000000000000000,95.444999999999993179,1794.411841019441453682,-2023.483255698324910554,,95.444999999999993179
2026-04-07,38,2026-04-07T17:30:00Z,2026-04-08T18:14:44Z,123.000000000000000000,123.000000000000000000,False,P,0.000000000000000000,25.303074198717947496,0.00,0.00,,,2031.460427434829171034,-2006.105039069444501365,0.000000000000000000,0.405000000000000027,2030.460427434829171034,-2006.105039069444501365,,0.405000000000000027
2026-04-07,39,2026-04-07T18:00:00Z,2026-04-08T18:44:43Z,135.000000000000000000,135.000000000000000000,False,P,0.000000000000000000,12.586045920329670622,0.00,0.00,,,2234.603416716625815752,-2340.537051490740850568,0.000000000000000000,118.945999999999997954,2233.603416716625815752,-2340.537051490740850568,,118.945999999999997954
2026-04-07,40,2026-04-07T18:30:00Z,2026-04-08T19:14:47Z,144.449999999999988631,144.449999999999988631,False,P,0.000000000000000000,153.655457500608633836,0.00,0.00,,,2448.662050903883937281,-2573.452704303680548037,0.000000000000000000,278.810999999999978627,2447.662050903883937281,-2573.452704303680548037,,278.810999999999978627
2026-04-07,41,2026-04-07T19:00:00Z,2026-04-08T19:44:46Z,118.359999999999999432,118.359999999999999432,False,N,0.000000000000000000,-235.127898285497849429,0.00,0.00,118.359999999999999432,0.000000000000000000,2080.622604908946414071,-2415.669696847979594168,-0.117999999999999994,100.731999999999999318,2080.622604908946414071,-2414.669696847979594168,-0.117999999999999994,100.731999999999999318
2026-04-07,42,2026-04-07T19:30:00Z,2026-04-08T20:14:47Z,61.170000000000001705,61.170000000000001705,False,N,0.000000000000000000,-182.691439629629627461,0.00,0.00,,,2000.477339814814740748,-2469.559000601851948886,-0.123999999999999999,286.598000000000013188,2000.477339814814740748,-2468.559000601851948886,-0.123999999999999999,286.598000000000013188
2026-04-07,43,2026-04-07T20:00:00Z,2026-04-08T20:44:49Z,61.840000000000003411,61.840000000000003411,False,N,0.000000000000000000,-87.986649305555559408,0.00,0.00,,,1965.183902622222149148,-2207.940848872222431964,-0.115000000000000005,154.679000000000002046,1965.183902622222149148,-2206.940848872222431964,-0.115000000000000005,154.679000000000002046
2026-04-07,44,2026-04-07T20:30:00Z,2026-04-08T21:14:45Z,58.573076359655459555,58.573076359655459555,False,N,0.000000000000000000,-298.080571730769236183,0.00,0.00,58.730289555555557968,1.000000000000000000,1651.011495352563997585,-2029.586825769230699734,-0.105999999999999997,80.805999999999997385,1651.011495352563997585,-2028.586825769230699734,-0.105999999999999997,80.805999999999997385
2026-04-07,45,2026-04-07T21:00:00Z,2026-04-08T21:44:51Z,110.390000000000000568,110.390000000000000568,False,P,0.000000000000000000,139.414671738935652456,0.00,0.00,,,1831.332633961157853264,-2087.138378194444612745,0.000000000000000000,395.500000000000000000,1831.332633961157853264,-2087.138378194444612745,,394.500000000000000000
2026-04-07,46,2026-04-07T21:30:00Z,2026-04-08T22:14:53Z,110.819999999999993179,110.819999999999993179,False,P,0.000000000000000000,163.309468030726236520,0.00,0.00,,,1712.437843030726298821,-1892.668889289391700004,0.000000000000000000,343.310999999999978627,1712.437843030726298821,-1892.668889289391700004,,342.310999999999978627
2026-04-07,47,2026-04-07T22:00:00Z,2026-04-08T22:44:51Z,120.000000000000000000,120.000000000000000000,False,P,0.000000000000000000,137.133425376305780219,0.00,0.00,,,1608.177126070750318831,-1553.053467854938162418,0.000000000000000000,82.117000000000004434,1607.177126070750318831,-1553.053467854938162418,,82.117000000000004434
2026-04-07,48,2026-04-07T22:30:00Z,2026-04-08T23:14:46Z,120.000000000000000000,120.000000000000000000,False,P,0.000000000000000000,361.054318114296279418,0.00,0.00,,,1770.757095892074175936,-1409.646348594101937124,0.000000000000000000,0.000000000000000000,1769.757095892074175936,-1409.646348594101937124,,
2026-04-08,1,2026-04-07T23:00:00Z,2026-04-08T23:44:44Z,111.849999999999994316,111.849999999999994316,False,P,0.000000000000000000,122.694994863153596043,0.00,0.00,,,1354.986200974264647812,-1304.026821877042493725,0.000000000000000000,72.274000000000000909,1353.986200974264647812,-1304.026821877042493725,,72.274000000000000909
2026-04-08,2,2026-04-07T23:30:00Z,2026-04-09T00:14:42Z,70.000000000000000000,70.000000000000000000,False,N,0.000000000000000000,-182.314338402777764259,0.00,0.00,70.000000000000000000,1.000000000000000000,957.329507430555509018,-1241.921062996031650982,0.000000000000000000,102.027000000000001023,957.329507430555509018,-1240.921062996031650982,,102.027000000000001023
2026-04-08,3,2026-04-08T00:00:00Z,2026-04-09T00:44:43Z,80.259331758681810243,80.259331758681810243,False,N,0.000000000000000000,-98.735933173561861054,0.00,0.00,80.745833333333337123,1.000000000000000000,987.695916612453402195,-1087.403421145784022883,0.000000000000000000,0.798000000000000043,987.695916612453402195,-1086.403421145784022883,,0.798000000000000043
2026-04-08,4,2026-04-08T00:30:00Z,2026-04-09T01:14:51Z,73.129999999999995453,73.129999999999995453,False,N,0.000000000000000000,-35.930370625000001894,0.00,0.00,,,956.214962708333359842,-992.450031805555568098,0.000000000000000000,0.000000000000000000,956.214962708333359842,-991.450031805555568098,,
2026-04-08,5,2026-04-08T01:00:00Z,2026-04-09T01:44:48Z,75.390000000000000568,75.390000000000000568,False,N,0.000000000000000000,-343.687995555555573901,0.00,0.00,75.390000000000000568,1.000000000000000000,680.127837777777813244,-1023.887560000000007676,0.000000000000000000,0.000000000000000000,680.127837777777813244,-1022.887560000000007676,,
2026-04-08,6,2026-04-08T01:30:00Z,2026-04-09T02:17:38Z,90.480000000000003979,90.480000000000003979,False,N,0.000000000000000000,-155.110149166666673182,0.00,0.00,90.480000000000003979,0.000000000000000000,627.615961944444393339,-782.257632247472201925,0.000000000000000000,0.000000000000000000,627.615961944444393339,-781.257632247472201925,,
2026-04-08,7,2026-04-08T02:00:00Z,2026-04-09T02:44:41Z,71.200000000000002842,71.200000000000002842,False,N,0.000000000000000000,-131.146166666666658784,0.00,0.00,71.200000000000002842,1.000000000000000000,584.672708333333389419,-812.167708333333280279,0.000000000000000000,96.207999999999998408,584.672708333333389419,-811.167708333333280279,,96.207999999999998408
2026-04-08,8,2026-04-08T02:30:00Z,2026-04-09T03:14:41Z,5.000000000000000000,5.000000000000000000,False,P,0.000000000000000000,42.211391514550264503,0.00,0.00,,,583.709745860273301332,-665.105412849422918953,0.000000000000000000,123.500000000000000000,582.709745860273301332,-665.105412849422918953,,123.500000000000000000
2026-04-08,9,2026-04-08T03:00:00Z,2026-04-09T03:44:42Z,120.000000000000000000,120.000000000000000000,False,P,0.000000000000000000,9.926966613287037333,0.00,0.00,,,557.982224358935241071,-654.937428108935137061,0.000000000000000000,106.280000000000001137,556.982224358935241071,-654.937428108935137061,,106.280000000000001137
2026-04-08,10,2026-04-08T03:30:00Z,2026-04-09T04:14:36Z,73.129999999999995453,73.129999999999995453,False,N,0.000000000000000000,-169.770255044016863621,0.00,0.00,,,465.228381437464634018,-741.134053148148154833,0.000000000000000000,105.500000000000000000,465.228381437464634018,-740.134053148148154833,,105.500000000000000000
2026-04-08,11,2026-04-08T04:00:00Z,2026-04-09T04:44:42Z,135.000000000000000000,135.000000000000000000,False,P,0.000000000000000000,52.979596072931279593,0.00,0.00,,,448.153494623655888063,-495.321231884057965544,0.000000000000000000,99.843999999999994088,447.153494623655888063,-495.321231884057965544,,99.843999999999994088
2026-04-08,12,2026-04-08T04:30:00Z,2026-04-09T05:14:44Z,130.000000000000000000,130.000000000000000000,False,P,0.000000000000000000,76.393468083396271595,0.00,0.00,,,450.948385366004970365,-376.188760680044595119,0.000000000000000000,1.302000000000000046,449.948385366004970365,-376.188760680044595119,,1.302000000000000046
2026-04-08,13,2026-04-08T05:00:00Z,2026-04-09T05:45:04Z,130.000000000000000000,130.000000000000000000,False,P,0.000000000000000000,191.728225013227500995,0.00,0.00,,,499.211007457653863639,-307.302643265253948357,0.000000000000000000,0.000000000000000000,498.211007457653863639,-307.302643265253948357,,
2026-04-08,14,2026-04-08T05:30:00Z,2026-04-09T06:14:37Z,149.900000000000005684,149.900000000000005684,False,P,0.000000000000000000,433.525000155170857852,0.00,0.00,,,608.333333374914104752,-175.181666511495819805,0.000000000000000000,0.000000000000000000,607.333333374914104752,-175.181666511495819805,,
2026-04-08,15,2026-04-08T06:00:00Z,2026-04-09T06:44:42Z,143.500000000000000000,143.500000000000000000,False,P,0.000000000000000000,316.224998834345456089,0.00,0.00,,,640.958334766081861744,-324.950001165654498436,0.000000000000000000,0.000000000000000000,639.958334766081861744,-324.950001165654498436,,
2026-04-08,16,2026-04-08T06:30:00Z,2026-04-09T07:14:38Z,143.500000000000000000,143.500000000000000000,False,P,0.000000000000000000,246.941669027777777501,0.00,0.00,,,575.000001249999968422,-328.224997638888908114,0.000000000000000000,0.000000000000000000,574.000001249999968422,-328.224997638888908114,,
2026-04-08,17,2026-04-08T07:00:00Z,2026-04-09T07:44:38Z,149.900000000000005684,149.900000000000005684,False,P,0.000000000000000000,393.524999999999977263,0.00,0.00,,,491.666666666666685614,-98.508333333333339965,0.000000000000000000,0.000000000000000000,490.666666666666685614,-98.508333333333339965,,
2026-04-08,18,2026-04-08T07:30:00Z,2026-04-09T08:14:42Z,143.500000000000000000,143.500000000000000000,False,P,0.000000000000000000,95.224999955197134227,0.00,0.00,,,402.591666666666640140,-307.333333378136217107,0.000000000000000000,0.000000000000000000,401.591666666666640140,-307.333333378136217107,,
2026-04-08,19,2026-04-08T08:00:00Z,2026-04-09T08:44:41Z,143.500000000000000000,143.500000000000000000,False,P,0.000000000000000000,152.899166666666673109,0.00,0.00,,,375.000000000000000000,-222.108333333333320070,0.000000000000000000,0.000000000000000000,374.000000000000000000,-222.108333333333320070,,
2026-04-08,20,2026-04-08T08:30:00Z,2026-04-09T09:14:30Z,85.000000000000000000,85.000000000000000000,False,N,0.000000000000000000,-171.858331666666657611,0.00,0.00,,,375.000000000000000000,-546.916664999999966312,0.000000000000000000,0.000000000000000000,375.000000000000000000,-545.916664999999966312,,
2026-04-08,21,2026-04-08T09:00:00Z,2026-04-09T09:44:31Z,143.500000000000000000,143.500000000000000000,False,P,0.000000000000000000,48.466666666666668561,0.00,0.00,,,301.166666666666685614,-252.699999999999988631,0.000000000000000000,0.000000000000000000,300.166666666666685614,-252.699999999999988631,,
2026-04-08,22,2026-04-08T09:30:00Z,2026-04-09T10:14:29Z,149.900000000000005684,149.900000000000005684,False,P,0.000000000000000000,153.383333333333325754,0.00,0.00,,,210.000000000000000000,-56.706666666666663446,0.000000000000000000,0.000000000000000000,209.000000000000000000,-56.706666666666663446,,
2026-04-08,23,2026-04-08T10:00:00Z,2026-04-09T10:44:28Z,80.000000000000000000,80.000000000000000000,False,N,0.000000000000000000,-44.774999999999998579,0.00,0.00,,,199.933334999999999582,-244.733335000000010950,0.000000000000000000,0.000000000000000000,199.933334999999999582,-243.733335000000010950,,
2026-04-08,24,2026-04-08T10:30:00Z,2026-04-09T11:14:42Z,78.000000000000000000,78.000000000000000000,False,N,0.000000000000000000,-63.169049285714287123,0.00,0.00,,,57.416665000000001839,-120.377380952380946155,0.000000000000000000,0.000000000000000000,57.416665000000001839,-119.377380952380946155,,
2026-04-08,25,2026-04-08T11:00:00Z,2026-04-09T11:44:44Z,78.000000000000000000,78.000000000000000000,False,N,0.000000000000000000,-81.549999999999997158,0.00,0.00,,,6.808333333333333570,-88.241666666666660035,0.000000000000000000,0.000000000000000000,6.808333333333333570,-87.241666666666660035,,
2026-04-08,26,2026-04-08T11:30:00Z,2026-04-09T12:14:35Z,71.403609014272319655,71.403609014272319655,False,N,0.000000000000000000,-215.577223194444457022,0.00,0.00,,,3.102221249999999930,-218.460555555555544061,0.000000000000000000,0.000000000000000000,3.102221249999999930,-217.460555555555544061,,
2026-04-08,27,2026-04-08T12:00:00Z,2026-04-09T12:44:46Z,73.049999999999997158,73.049999999999997158,False,N,0.000000000000000000,-170.801191845242072986,0.00,0.00,,,46.384529107138888548,-217.178578392853182777,0.000000000000000000,0.000000000000000000,46.384529107138888548,-216.178578392853182777,,
2026-04-08,28,2026-04-08T12:30:00Z,2026-04-09T13:14:40Z,59.375026676487152599,59.375026676487152599,False,N,0.000000000000000000,-199.021666666666675383,0.00,0.00,,,0.000000000000000000,-199.534999999999996589,0.000000000000000000,0.000000000000000000,0.000000000000000000,-198.534999999999996589,,
2026-04-08,29,2026-04-08T13:00:00Z,2026-04-09T13:44:38Z,80.000000000000000000,80.000000000000000000,False,N,0.000000000000000000,-1.508593749999999956,0.00,0.00,,,31.548211805555556708,-33.018213194444442138,0.000000000000000000,0.000000000000000000,31.548211805555556708,-32.018213194444442138,,
2026-04-08,30,2026-04-08T13:30:00Z,2026-04-09T14:14:39Z,119.599999999999994316,119.599999999999994316,False,P,0.000000000000000000,27.110187777777777995,0.00,0.00,,,33.450003333333334865,-6.875000833333333006,0.000000000000000000,0.000000000000000000,32.450003333333334865,-6.875000833333333006,,
2026-04-08,31,2026-04-08T14:00:00Z,2026-04-09T14:44:40Z,73.049999999999997158,73.049999999999997158,False,N,0.000000000000000000,-273.433332222222247765,0.00,0.00,,,47.233333333333334281,-321.374998888888910642,0.000000000000000000,0.000000000000000000,47.233333333333334281,-320.374998888888910642,,
2026-04-08,32,2026-04-08T14:30:00Z,2026-04-09T15:14:54Z,75.000000000000000000,75.000000000000000000,False,N,0.000000000000000000,-291.046527777777782831,0.00,0.00,,,49.000000000000000000,-340.046527777777782831,0.000000000000000000,0.000000000000000000,49.000000000000000000,-339.046527777777782831,,
2026-04-08,33,2026-04-08T15:00:00Z,2026-04-09T15:44:31Z,78.000000000000000000,78.000000000000000000,False,N,0.000000000000000000,-130.193749999999994316,0.00,0.00,,,67.625000000000000000,-197.818749999999994316,0.000000000000000000,0.000000000000000000,67.625000000000000000,-196.818749999999994316,,
2026-04-08,34,2026-04-08T15:30:00Z,2026-04-09T16:14:29Z,147.900000000000005684,147.900000000000005684,False,P,0.000000000000000000,68.258333333333339965,0.00,0.00,,,109.991666666666660035,-41.508333333333332860,0.000000000000000000,0.000000000000000000,108.991666666666660035,-41.508333333333332860,,
2026-04-08,35,2026-04-08T16:00:00Z,2026-04-09T16:44:29Z,147.900000000000005684,147.900000000000005684,False,P,0.000000000000000000,188.720050555555559413,0.00,0.00,,,195.702986805555553929,-7.618540616886574135,0.000000000000000000,0.000000000000000000,194.702986805555553929,-7.618540616886574135,,
2026-04-08,36,2026-04-08T16:30:00Z,2026-04-09T17:14:29Z,86.130025210655105639,86.130025210655105639,False,N,0.000000000000000000,-140.186111329365076017,0.00,0.00,,,115.000003948412697241,-255.561111329365076017,0.000000000000000000,0.000000000000000000,115.000003948412697241,-254.561111329365076017,,
2026-04-08,37,2026-04-08T17:00:00Z,2026-04-09T17:44:31Z,97.239999999999994884,97.239999999999994884,False,N,0.000000000000000000,-112.802902936507933873,0.00,0.00,,,127.175000297619050116,-240.816652936507949789,0.000000000000000000,0.000000000000000000,127.175000297619050116,-239.816652936507949789,,
2026-04-08,38,2026-04-08T17:30:00Z,2026-04-09T18:14:41Z,93.849999999999994316,93.849999999999994316,False,N,0.000000000000000000,-60.975060560966809931,0.00,0.00,,,138.444187610321392867,-199.430559274464286545,0.000000000000000000,0.000000000000000000,138.444187610321392867,-198.430559274464286545,,
2026-04-08,39,2026-04-08T18:00:00Z,2026-04-09T18:44:33Z,147.900000000000005684,147.900000000000005684,False,P,0.000000000000000000,127.503301182832274208,0.00,0.00,,,389.361905433996753345,-262.025531438114057892,0.000000000000000000,0.000000000000000000,388.361905433996753345,-262.025531438114057892,,
2026-04-08,40,2026-04-08T18:30:00Z,2026-04-09T19:14:33Z,92.579999999999998295,92.579999999999998295,False,N,0.000000000000000000,-326.936756435185202463,0.00,0.00,,,334.096753009259259670,-701.604695350529141251,0.000000000000000000,40.200000000000002842,334.096753009259259670,-700.604695350529141251,,40.200000000000002842
2026-04-08,41,2026-04-08T19:00:00Z,2026-04-09T19:44:33Z,80.000000000000000000,80.000000000000000000,False,N,0.000000000000000000,-146.090057606837603998,0.00,0.00,,,255.941098674026591198,-402.213313609924000502,0.000000000000000000,0.000000000000000000,255.941098674026591198,-401.213313609924000502,,
2026-04-08,42,2026-04-08T19:30:00Z,2026-04-09T20:14:31Z,60.939999999999997726,60.939999999999997726,False,N,0.000000000000000000,-322.518520972222233922,0.00,0.00,,,63.976855000000000473,-386.418521111111090249,0.000000000000000000,0.000000000000000000,63.976855000000000473,-385.418521111111090249,,
2026-04-08,43,2026-04-08T20:00:00Z,2026-04-09T20:44:36Z,20.000000000000000000,20.000000000000000000,False,N,0.000000000000000000,-306.826851851851870379,0.00,0.00,20.000000000000000000,1.000000000000000000,8.699999999999999289,-315.287962962962978963,0.000000000000000000,0.000000000000000000,8.699999999999999289,-314.287962962962978963,,
2026-04-08,44,2026-04-08T20:30:00Z,2026-04-09T21:14:32Z,80.200000000000002842,80.200000000000002842,False,N,0.000000000000000000,-266.222822781986508289,0.00,0.00,80.200000000000002842,1.000000000000000000,48.500412546296296057,-366.180489448653190721,0.000000000000000000,51.265999999999998238,48.500412546296296057,-365.180489448653190721,,51.265999999999998238
2026-04-08,45,2026-04-08T21:00:00Z,2026-04-09T21:44:29Z,80.200000000000002842,80.200000000000002842,False,N,0.000000000000000000,-22.238333333333333286,0.00,0.00,,,145.445833333333325754,-250.796666666666652645,0.000000000000000000,83.000000000000000000,145.445833333333325754,-249.796666666666652645,,83.000000000000000000
2026-04-08,46,2026-04-08T21:30:00Z,2026-04-09T22:14:31Z,101.790000000000006253,101.790000000000006253,False,P,0.000000000000000000,28.597473216307161437,0.00,0.00,,,336.692087919372283977,-311.896367207805212729,0.000000000000000000,4.067999999999999616,335.692087919372283977,-311.896367207805212729,,4.067999999999999616
2026-04-08,47,2026-04-08T22:00:00Z,2026-04-09T22:44:39Z,80.200000000000002842,80.200000000000002842,False,N,0.000000000000000000,-326.776582057763505418,0.00,0.00,,,103.514788006350499927,-668.458035540197442970,0.000000000000000000,238.000000000000000000,103.514788006350499927,-667.458035540197442970,,238.000000000000000000
2026-04-08,48,2026-04-08T22:30:00Z,2026-04-09T23:14:32Z,80.200000000000002842,80.200000000000002842,False,N,0.000000000000000000,-138.265055555555562705,0.00,0.00,,,129.900361111111124046,-506.305361111111096761,0.000000000000000000,238.000000000000000000,129.900361111111124046,-505.305361111111096761,,238.000000000000000000
2026-04-09,1,2026-04-08T23:00:00Z,2026-04-09T23:44:33Z,75.000000000000000000,75.000000000000000000,False,N,0.000000000000000000,-173.927852638888879255,0.00,0.00,,,143.038493333333320834,-604.685170337296312937,0.000000000000000000,287.166999999999973170,143.038493333333320834,-603.685170337296312937,,287.166999999999973170
2026-04-09,2,2026-04-08T23:30:00Z,2026-04-10T00:14:32Z,70.629888456843019640,70.629888456843019640,False,N,0.000000000000000000,-247.725001388888898646,0.00,0.00,71.161249999999995453,1.000000000000000000,154.052430555555559977,-640.347431944444451801,0.000000000000000000,238.000000000000000000,154.052430555555559977,-639.347431944444451801,,238.000000000000000000
2026-04-09,3,2026-04-09T00:00:00Z,2026-04-10T00:44:33Z,70.500000000000000000,70.500000000000000000,False,N,0.000000000000000000,-436.682575757575762054,0.00,0.00,70.500000000000000000,1.000000000000000000,97.523192137795874146,-772.930767895371673148,0.000000000000000000,238.000000000000000000,97.523192137795874146,-771.930767895371673148,,238.000000000000000000
2026-04-09,4,2026-04-09T00:30:00Z,2026-04-10T01:14:31Z,70.840000000000003411,70.840000000000003411,False,N,0.000000000000000000,-231.275000277777763813,0.00,0.00,70.840000000000003411,1.000000000000000000,111.778608055555551459,-581.361941666666666606,0.000000000000000000,238.000000000000000000,111.778608055555551459,-580.361941666666666606,,238.000000000000000000
2026-04-09,5,2026-04-09T01:00:00Z,2026-04-10T01:44:31Z,70.323249978206234800,70.323249978206234800,False,N,0.000000000000000000,-199.957379173925318128,0.00,0.00,70.566249999999996589,1.000000000000000000,123.821410429695006883,-562.149186222536400237,0.000000000000000000,238.000000000000000000,123.821410429695006883,-561.149186222536400237,,238.000000000000000000
2026-04-09,6,2026-04-09T01:30:00Z,2026-04-10T02:14:51Z,75.000000000000000000,75.000000000000000000,False,N,0.000000000000000000,-305.097237890211658851,0.00,0.00,,,111.336097222222221603,-654.785333723545022622,0.000000000000000000,238.000000000000000000,111.336097222222221603,-653.785333723545022622,,238.000000000000000000
2026-04-09,7,2026-04-09T02:00:00Z,2026-04-10T02:44:32Z,80.010000000000005116,80.010000000000005116,False,N,0.000000000000000000,-242.837301236772475477,0.00,0.00,,,137.624112083333329792,-639.549634570105808962,0.000000000000000000,258.533999999999991815,137.624112083333329792,-638.549634570105808962,,258.533999999999991815
2026-04-09,8,2026-04-09T02:30:00Z,2026-04-10T03:14:32Z,80.200000000000002842,80.200000000000002842,False,N,0.000000000000000000,-207.813995822368411837,0.00,0.00,,,98.950000029239760124,-545.180662489035057661,0.000000000000000000,238.000000000000000000,98.950000029239760124,-544.180662489035057661,,238.000000000000000000
2026-04-09,9,2026-04-09T03:00:00Z,2026-04-10T03:44:30Z,80.250000000000000000,80.250000000000000000,False,N,0.000000000000000000,-105.986972222222220807,0.00,0.00,,,97.505416666666661740,-461.437638888888898236,0.000000000000000000,256.634000000000014552,97.505416666666661740,-460.437638888888898236,,256.634000000000014552
2026-04-09,10,2026-04-09T03:30:00Z,2026-04-10T04:14:28Z,80.250000000000000000,80.250000000000000000,False,N,0.000000000000000000,-118.358470992063487870,0.00,0.00,,,107.846873838383842781,-464.933470992063519134,0.000000000000000000,238.000000000000000000,107.846873838383842781,-463.933470992063519134,,238.000000000000000000
2026-04-09,11,2026-04-09T04:00:00Z,2026-04-10T04:44:34Z,90.299999999999997158,90.299999999999997158,False,N,0.000000000000000000,-1.737074160266256939,0.00,0.00,,,322.049167208781341287,-579.255353730158731196,0.000000000000000000,254.800000000000011369,322.049167208781341287,-578.255353730158731196,,254.800000000000011369
2026-04-09,12,2026-04-09T04:30:00Z,2026-04-10T05:14:29Z,86.519999999999996021,86.519999999999996021,False,N,0.000000000000000000,-77.484743909932660699,0.00,0.00,,,492.060131065378698167,-807.942721409932687493,0.000000000000000000,238.000000000000000000,492.060131065378698167,-806.942721409932687493,,238.000000000000000000
2026-04-09,13,2026-04-09T05:00:00Z,2026-04-10T05:44:33Z,88.639534802482501163,88.639534802482501163,False,N,0.000000000000000000,-38.948331114379087126,0.00,0.00,,,581.933335000000056425,-858.738332781045755837,0.000000000000000000,238.000000000000000000,581.933335000000056425,-857.738332781045755837,,238.000000000000000000
2026-04-09,14,2026-04-09T05:30:00Z,2026-04-10T06:14:35Z,89.650000000000005684,89.650000000000005684,False,N,0.000000000000000000,-101.657617557189539070,0.00,0.00,,,644.743928774509754476,-984.598086111111115315,0.000000000000000000,238.000000000000000000,644.743928774509754476,-983.598086111111115315,,238.000000000000000000
2026-04-09,15,2026-04-09T06:00:00Z,2026-04-10T06:44:36Z,80.000000000000000000,80.000000000000000000,False,N,0.000000000000000000,-376.939967581895189142,0.00,0.00,,,631.266735786849380929,-1008.221849490940712712,0.000000000000000000,0.000000000000000000,631.266735786849380929,-1007.221849490940712712,,
2026-04-09,16,2026-04-09T06:30:00Z,2026-04-10T07:14:33Z,75.000000000000000000,75.000000000000000000,False,N,0.000000000000000000,-645.133997798821496872,0.00,0.00,,,588.116666666666674246,-1233.288720021043673114,0.000000000000000000,0.000000000000000000,588.116666666666674246,-1232.288720021043673114,,
2026-04-09,17,2026-04-09T07:00:00Z,2026-04-10T07:44:31Z,80.200000000000002842,80.200000000000002842,False,N,0.000000000000000000,-388.429291250000005675,0.00,0.00,80.200000000000002842,1.000000000000000000,518.181744722222219934,-968.573409742063518024,0.000000000000000000,61.969000000000001194,518.181744722222219934,-967.573409742063518024,,61.969000000000001194
2026-04-09,18,2026-04-09T07:30:00Z,2026-04-10T08:14:42Z,122.819356565858498698,122.819356565858498698,False,P,0.000000000000000000,85.036410000000003606,0.00,0.00,,,670.225251666666622441,-605.726009797979827454,0.000000000000000000,20.530000000000001137,669.596918333333292139,-605.726009797979827454,,20.158333333333334991
2026-04-09,19,2026-04-09T08:00:00Z,2026-04-10T08:44:31Z,143.000000000000000000,143.000000000000000000,False,P,0.000000000000000000,662.811870113636359747,0.00,0.00,,,981.821122777777759438,-318.865813424614998439,0.000000000000000000,0.000000000000000000,980.821122777777759438,-318.865813424614998439,,
2026-04-09,20,2026-04-09T08:30:00Z,2026-04-10T09:14:32Z,137.500000000000000000,137.500000000000000000,False,P,0.000000000000000000,536.847118798309224985,0.00,0.00,,,1010.448719003249948400,-473.561217312801943535,0.000000000000000000,0.000000000000000000,1009.448719003249948400,-473.561217312801943535,,
2026-04-09,21,2026-04-09T09:00:00Z,2026-04-10T09:44:29Z,132.500000000000000000,132.500000000000000000,False,P,0.000000000000000000,576.162924722222214768,0.00,0.00,,,1129.075424722222123819,-552.521256388888900801,0.000000000000000000,0.000000000000000000,1128.075424722222123819,-552.521256388888900801,,
2026-04-09,22,2026-04-09T09:30:00Z,2026-04-10T10:14:45Z,122.400000000000005684,122.400000000000005684,False,P,0.000000000000000000,330.629172757936487415,0.00,0.00,,,1036.643194841269860262,-705.739024406556040958,0.000000000000000000,0.000000000000000000,1035.643194841269860262,-705.739024406556040958,,
2026-04-09,23,2026-04-09T10:00:00Z,2026-04-10T10:44:30Z,119.959999999999993747,119.959999999999993747,False,P,0.000000000000000000,531.254451492604630403,0.00,0.00,,,918.675889687049107124,-387.361766458333306673,0.000000000000000000,0.000000000000000000,917.675889687049107124,-387.361766458333306673,,
2026-04-09,24,2026-04-09T10:30:00Z,2026-04-10T11:14:30Z,132.500000000000000000,132.500000000000000000,False,P,0.000000000000000000,561.434014568903307918,0.00,0.00,,,777.362604013347777254,-215.936929823232333092,0.000000000000000000,0.000000000000000000,776.362604013347777254,-215.936929823232333092,,
2026-04-09,25,2026-04-09T11:00:00Z,2026-04-10T11:44:28Z,116.450000000000002842,116.450000000000002842,False,P,0.000000000000000000,645.080493909090932902,0.00,0.00,,,963.430497659090860907,-318.000854195675231040,0.000000000000000000,0.000000000000000000,962.430497659090860907,-318.000854195675231040,,
2026-04-09,26,2026-04-09T11:30:00Z,2026-04-10T12:14:37Z,117.750000000000000000,117.750000000000000000,False,P,0.000000000000000000,574.001040364583332121,0.00,0.00,,,928.496509531250012515,-354.495469166666680394,0.000000000000000000,0.000000000000000000,927.496509531250012515,-354.495469166666680394,,
2026-04-09,27,2026-04-09T12:00:00Z,2026-04-10T12:50:30Z,113.950000000000002842,113.950000000000002842,False,P,0.000000000000000000,318.290624999999977263,0.00,0.00,,,714.923958333333303017,-396.633333333333325754,0.000000000000000000,0.000000000000000000,713.923958333333303017,-396.633333333333325754,,
2026-04-09,28,2026-04-09T12:30:00Z,2026-04-10T13:14:39Z,113.500000000000000000,113.500000000000000000,False,P,0.000000000000000000,132.138144841269848939,0.00,0.00,,,645.520370833333345217,-513.583267242063470803,0.000000000000000000,0.000000000000000000,644.520370833333345217,-513.583267242063470803,,
2026-04-09,29,2026-04-09T13:00:00Z,2026-04-10T13:44:42Z,113.000000000000000000,113.000000000000000000,False,P,0.000000000000000000,212.033744325396838803,0.00,0.00,,,1168.680881097870269514,-957.063803439140201590,0.000000000000000000,0.000000000000000000,1167.680881097870269514,-957.063803439140201590,,
2026-04-09,30,2026-04-09T13:30:00Z,2026-04-10T14:14:44Z,112.950000000000002842,112.950000000000002842,False,P,0.000000000000000000,211.723574416786902930,0.00,0.00,,,1162.564210805675884330,-950.855304621459708869,0.000000000000000000,0.000000000000000000,1161.564210805675884330,-950.855304621459708869,,
2026-04-09,31,2026-04-09T14:00:00Z,2026-04-10T14:44:39Z,113.900000000000005684,113.900000000000005684,False,P,0.000000000000000000,972.907498167749281492,0.00,0.00,,,1928.652064001082635514,-955.775282533279550989,0.000000000000000000,0.000000000000000000,1927.652064001082635514,-955.775282533279550989,,
2026-04-09,32,2026-04-09T14:30:00Z,2026-04-10T15:14:49Z,120.000000000000000000,120.000000000000000000,False,P,0.000000000000000000,1025.644476395449146366,0.00,0.00,,,1844.246143062115834255,-818.642031620370403289,0.000000000000000000,0.000000000000000000,1843.246143062115834255,-818.642031620370403289,,
2026-04-09,33,2026-04-09T15:00:00Z,2026-04-10T15:44:43Z,125.500000000000000000,125.500000000000000000,False,P,0.000000000000000000,356.507986543209881347,0.00,0.00,,,1220.046620912862636033,-1088.196624320987666579,0.000000000000000000,225.000000000000000000,1219.046620912862636033,-1088.196624320987666579,,225.000000000000000000
2026-04-09,34,2026-04-09T15:30:00Z,2026-04-10T16:14:37Z,143.849999999999994316,143.849999999999994316,False,P,0.000000000000000000,478.186440277777762731,0.00,0.00,,,1272.297109999999975116,-1019.274885694444492401,0.000000000000000000,225.000000000000000000,1271.297109999999975116,-1019.274885694444492401,,225.000000000000000000
2026-04-09,35,2026-04-09T16:00:00Z,2026-04-10T16:44:47Z,135.000000000000000000,135.000000000000000000,False,P,0.000000000000000000,350.259562329059804142,0.00,0.00,,,1059.972384166666643068,-1209.365545170940094977,0.000000000000000000,500.000000000000000000,1059.972384166666643068,-1209.365545170940094977,,499.000000000000000000
2026-04-09,36,2026-04-09T16:30:00Z,2026-04-10T17:14:48Z,135.000000000000000000,135.000000000000000000,False,P,0.000000000000000000,375.991666666666674246,0.00,0.00,,,1230.271900722222198965,-1354.346900722222244440,0.000000000000000000,500.000000000000000000,1230.271900722222198965,-1354.346900722222244440,,499.000000000000000000
2026-04-09,37,2026-04-09T17:00:00Z,2026-04-10T17:44:41Z,137.000000000000000000,137.000000000000000000,False,P,0.000000000000000000,484.662955138888889906,0.00,0.00,,,1592.990797083333291084,-1358.432173749999947177,0.000000000000000000,250.000000000000000000,1591.990797083333291084,-1358.432173749999947177,,250.000000000000000000
2026-04-09,38,2026-04-09T17:30:00Z,2026-04-10T18:14:38Z,128.759999999999990905,128.759999999999990905,False,P,0.000000000000000000,130.498877305303693674,0.00,0.00,,,1515.767794527525893500,-1634.835581040528268204,0.000000000000000000,250.000000000000000000,1515.767794527525893500,-1634.835581040528268204,,249.000000000000000000
2026-04-09,39,2026-04-09T18:00:00Z,2026-04-10T18:44:43Z,130.661081039714872531,130.661081039714872531,False,P,0.000000000000000000,49.491421821606778053,0.00,0.00,,,1521.097372469754873237,-1470.949953698573153815,0.000000000000000000,0.000000000000000000,1520.097372469754873237,-1470.949953698573153815,,
2026-04-09,40,2026-04-09T18:30:00Z,2026-04-10T19:14:38Z,137.000000000000000000,137.000000000000000000,False,P,0.000000000000000000,230.697032828282829087,0.00,0.00,,,1572.350448282828210722,-1341.128415454545347529,0.000000000000000000,0.000000000000000000,1571.350448282828210722,-1341.128415454545347529,,
2026-04-09,41,2026-04-09T19:00:00Z,2026-04-10T19:44:42Z,95.233106641022288841,95.233106641022288841,False,N,0.000000000000000000,-21.556488282828283332,0.00,0.00,97.536000000000001364,1.000000000000000000,1261.850646300505104591,-1282.907966755050438223,0.000000000000000000,0.000000000000000000,1261.850646300505104591,-1281.907966755050438223,,
2026-04-09,42,2026-04-09T19:30:00Z,2026-04-10T20:14:42Z,114.799999999999997158,114.799999999999997158,False,N,0.000000000000000000,-50.393722021756019558,0.00,0.00,114.799999999999997158,0.000000000000000000,1229.271997123543087582,-1279.507895952214539648,0.000000000000000000,0.000000000000000000,1229.271997123543087582,-1278.507895952214539648,,
2026-04-09,43,2026-04-09T20:00:00Z,2026-04-10T20:45:13Z,103.299999999999997158,103.299999999999997158,False,N,0.000000000000000000,-238.108000277777790643,0.00,0.00,103.299999999999997158,0.000000000000000000,1204.174999722222310083,-1463.075000000000045475,0.000000000000000000,21.266999999999999460,1204.174999722222310083,-1462.075000000000045475,,21.266999999999999460
2026-04-09,44,2026-04-09T20:30:00Z,2026-04-10T21:14:47Z,50.100000000000001421,50.100000000000001421,False,N,0.000000000000000000,-455.879161805555554565,0.00,0.00,50.100000000000001421,1.000000000000000000,1079.591671527777862138,-1534.966666666666696983,0.000000000000000000,0.000000000000000000,1079.591671527777862138,-1533.966666666666696983,,
2026-04-09,45,2026-04-09T21:00:00Z,2026-04-10T21:44:50Z,49.270000000000003126,49.270000000000003126,False,N,0.000000000000000000,-136.735154861111112723,0.00,0.00,,,1156.540781527777880910,-1322.980775416666574529,0.000000000000000000,29.932999999999999829,1156.540781527777880910,-1321.980775416666574529,,29.932999999999999829
2026-04-09,46,2026-04-09T21:30:00Z,2026-04-10T22:14:39Z,99.420000000000001705,99.420000000000001705,False,P,0.000000000000000000,236.333487168726151140,0.00,0.00,,,1387.168472307615047612,-1187.617956156821264813,0.000000000000000000,36.817999999999997840,1386.168472307615047612,-1187.617956156821264813,,36.817999999999997840
2026-04-09,47,2026-04-09T22:00:00Z,2026-04-10T22:44:47Z,93.459999999999993747,93.459999999999993747,False,P,0.000000000000000000,97.701972916666662172,0.00,0.00,,,1289.695909861111204009,-1191.308410277777738884,0.000000000000000000,0.000000000000000000,1288.695909861111204009,-1191.308410277777738884,,
2026-04-09,48,2026-04-09T22:30:00Z,2026-04-10T23:15:06Z,87.040000000000006253,87.040000000000006253,False,P,0.000000000000000000,97.400356944444439478,0.00,0.00,,,1612.093411527777789161,-1515.221745277777699812,0.000000000000000000,0.000000000000000000,1611.093411527777789161,-1515.221745277777699812,,
2026-04-10,1,2026-04-09T23:00:00Z,2026-04-10T23:44:43Z,60.969999999999998863,60.969999999999998863,False,N,0.000000000000000000,-202.757362499999999272,0.00,0.00,60.969999999999998863,1.000000000000000000,1422.760422361111068312,-1625.490714722222264754,0.000000000000000000,0.000000000000000000,1422.760422361111068312,-1624.490714722222264754,,
2026-04-10,2,2026-04-09T23:30:00Z,2026-04-11T00:14:40Z,49.973422661789129506,49.973422661789129506,False,N,0.000000000000000000,-116.671073194444446131,0.00,0.00,51.130511111111111688,1.000000000000000000,1290.158661527777667288,-1407.037821527777850861,0.000000000000000000,0.000000000000000000,1290.158661527777667288,-1406.037821527777850861,,
2026-04-10,3,2026-04-10T00:00:00Z,2026-04-11T00:44:54Z,33.838619437667702528,33.838619437667702528,False,N,0.000000000000000000,-179.200546805555546825,0.00,0.00,34.053606441666666171,1.000000000000000000,1316.227856805555575193,-1495.568420972222156706,0.000000000000000000,0.000000000000000000,1316.227856805555575193,-1494.568420972222156706,,
2026-04-10,4,2026-04-10T00:30:00Z,2026-04-11T01:14:41Z,37.799999999999997158,37.799999999999997158,False,N,0.000000000000000000,-135.002938267606651834,0.00,0.00,37.799999999999997158,1.000000000000000000,1400.062678600427261699,-1535.821004296766886910,0.000000000000000000,0.000000000000000000,1400.062678600427261699,-1534.821004296766886910,,
2026-04-10,5,2026-04-10T01:00:00Z,2026-04-11T01:44:45Z,13.017240929942937910,13.017240929942937910,False,N,0.000000000000000000,-969.362902767094055889,0.00,0.00,13.035000000000000142,1.000000000000000000,854.465935705128231348,-1823.830674722222283890,0.000000000000000000,0.000000000000000000,854.465935705128231348,-1822.830674722222283890,,
2026-04-10,6,2026-04-10T01:30:00Z,2026-04-11T02:14:51Z,11.080548892124863158,11.080548892124863158,False,N,0.000000000000000000,-708.566392119439683484,0.00,0.00,13.008499999999999730,1.000000000000000000,842.791403919753065566,-1551.747233863266728804,0.000000000000000000,0.000000000000000000,842.791403919753065566,-1550.747233863266728804,,
2026-04-10,7,2026-04-10T02:00:00Z,2026-04-11T02:45:14Z,5.093404970643180540,5.093404970643180540,False,N,0.000000000000000000,-906.613336944444426990,0.00,0.00,5.222888700000000384,1.000000000000000000,716.019444861111082901,-1623.274448055555467363,0.000000000000000000,0.000000000000000000,716.019444861111082901,-1622.274448055555467363,,
2026-04-10,8,2026-04-10T02:30:00Z,2026-04-11T03:14:43Z,1.681949057753430177,1.681949057753430177,False,N,0.000000000000000000,-789.640408438644726630,0.00,0.00,2.110749999999999904,1.000000000000000000,721.055208775254300235,-1511.420762433939671610,0.000000000000000000,0.000000000000000000,721.055208775254300235,-1510.420762433939671610,,
2026-04-10,9,2026-04-10T03:00:00Z,2026-04-11T03:44:52Z,6.668648366049914067,6.668648366049914067,False,N,0.000000000000000000,-702.601539861111064056,0.00,0.00,7.722767600000000066,1.000000000000000000,787.299244166666653655,-1489.869237222222182027,0.000000000000000000,0.000000000000000000,787.299244166666653655,-1488.869237222222182027,,
2026-04-10,10,2026-04-10T03:30:00Z,2026-04-11T04:14:38Z,5.208568666348346810,5.208568666348346810,False,N,0.000000000000000000,-517.834935416666667152,0.00,0.00,6.062500000000000000,1.000000000000000000,787.886112777777725569,-1305.961109305555510218,0.000000000000000000,0.000000000000000000,787.886112777777725569,-1304.961109305555510218,,
2026-04-10,11,2026-04-10T04:00:00Z,2026-04-11T04:44:39Z,108.000223251660429469,108.000223251660429469,False,P,0.000000000000000000,29.580449444444443685,0.00,0.00,,,1093.055560555555530300,-1139.660000000000081855,0.000000000000000000,76.426000000000001933,1093.055560555555530300,-1139.660000000000081855,,75.426000000000001933
2026-04-10,12,2026-04-10T04:30:00Z,2026-04-11T05:14:43Z,60.109999999999999432,60.109999999999999432,False,N,0.000000000000000000,-77.500384685938314533,0.00,0.00,60.109999999999999432,0.000000000000000000,898.334615314061693425,-1077.571214209749314250,0.000000000000000000,101.939999999999997726,898.334615314061693425,-1076.571214209749314250,,101.939999999999997726
2026-04-10,13,2026-04-10T05:00:00Z,2026-04-11T05:44:44Z,118.000000000000000000,118.000000000000000000,False,P,0.000000000000000000,163.344005277777768015,0.00,0.00,,,960.312171944444457949,-1001.875857142857171311,0.000000000000000000,205.665999999999996817,959.312171944444457949,-1001.875857142857171311,,205.665999999999996817
2026-04-10,14,2026-04-10T05:30:00Z,2026-04-11T06:14:39Z,125.989999999999994884,125.989999999999994884,False,P,0.000000000000000000,295.999212992424247659,0.00,0.00,,,1135.736562436868780424,-1052.119639772727168747,0.000000000000000000,212.772999999999996135,1134.736562436868780424,-1052.119639772727168747,,212.772999999999996135
2026-04-10,15,2026-04-10T06:00:00Z,2026-04-11T06:44:50Z,83.157321682262505647,83.157321682262505647,False,N,0.000000000000000000,-152.298382954545445500,0.00,0.00,83.701809162499998251,1.000000000000000000,733.840708573232291201,-910.906375416666719502,0.000000000000000000,25.521000000000000796,733.840708573232291201,-909.906375416666719502,,25.521000000000000796
2026-04-10,16,2026-04-10T06:30:00Z,2026-04-11T07:14:41Z,84.290000000000006253,84.290000000000006253,False,N,0.000000000000000000,-92.193634241452997458,0.00,0.00,,,662.822153675213712631,-852.849718749999965439,0.000000000000000000,98.206999999999993634,662.822153675213712631,-851.849718749999965439,,98.206999999999993634
2026-04-10,17,2026-04-10T07:00:00Z,2026-04-11T07:44:41Z,84.290000000000006253,84.290000000000006253,False,N,0.000000000000000000,-86.218237347311259100,0.00,0.00,,,745.240386819355421721,-889.995526947560506414,0.000000000000000000,58.719999999999998863,745.240386819355421721,-888.995526947560506414,,58.719999999999998863
2026-04-10,18,2026-04-10T07:30:00Z,2026-04-11T08:14:42Z,84.290000000000006253,84.290000000000006253,False,N,0.000000000000000000,-20.596223239567901686,0.00,0.00,,,636.744540708243562221,-714.430840833333377304,0.000000000000000000,57.430999999999997385,636.744540708243562221,-713.430840833333377304,,57.430999999999997385
2026-04-10,19,2026-04-10T08:00:00Z,2026-04-11T08:44:42Z,80.299999999999997158,80.299999999999997158,False,N,0.000000000000000000,-175.525213311055409804,0.00,0.00,,,403.674163657407405026,-639.333020484544704232,0.000000000000000000,60.752000000000002444,403.674163657407405026,-638.333020484544704232,,60.752000000000002444
2026-04-10,20,2026-04-10T08:30:00Z,2026-04-11T09:14:39Z,84.290000000000006253,84.290000000000006253,False,N,0.000000000000000000,-147.358074742063479334,0.00,0.00,,,485.640965879629618485,-635.663586686507983359,0.000000000000000000,2.431000000000000050,485.640965879629618485,-634.663586686507983359,,2.431000000000000050
2026-04-10,21,2026-04-10T09:00:00Z,2026-04-11T09:44:41Z,80.500000000000000000,80.500000000000000000,False,N,0.000000000000000000,-392.048333373015850611,0.00,0.00,,,325.306845277777767933,-717.258750039682581701,0.000000000000000000,0.000000000000000000,325.306845277777767933,-716.258750039682581701,,
2026-04-10,22,2026-04-10T09:30:00Z,2026-04-11T10:14:40Z,80.500000000000000000,80.500000000000000000,False,N,0.000000000000000000,-231.495795370370359478,0.00,0.00,,,325.000015169753112332,-557.030481203703743631,0.000000000000000000,0.000000000000000000,325.000015169753112332,-556.030481203703743631,,
2026-04-10,23,2026-04-10T10:00:00Z,2026-04-11T10:44:39Z,80.299999999999997158,80.299999999999997158,False,N,0.000000000000000000,-598.499260476190443114,0.00,0.00,,,404.500126666666687925,-1003.451880476190467562,0.000000000000000000,0.000000000000000000,404.500126666666687925,-1002.451880476190467562,,
2026-04-10,24,2026-04-10T10:30:00Z,2026-04-11T11:14:43Z,80.299999999999997158,80.299999999999997158,False,N,0.000000000000000000,-491.629442148709131288,0.00,0.00,,,563.000265963283709425,-1054.760976870931244775,0.000000000000000000,0.000000000000000000,563.000265963283709425,-1053.760976870931244775,,
2026-04-10,25,2026-04-10T11:00:00Z,2026-04-11T11:44:41Z,80.250000000000000000,80.250000000000000000,False,N,0.000000000000000000,-736.241211587301563668,0.00,0.00,,,563.051851785714234211,-1299.532878253968192439,0.000000000000000000,0.000000000000000000,563.051851785714234211,-1298.532878253968192439,,
2026-04-10,26,2026-04-10T11:30:00Z,2026-04-11T12:14:48Z,80.200000000000002842,80.200000000000002842,False,N,0.000000000000000000,-730.498104566995380083,0.00,0.00,,,580.028406977138160983,-1311.393406372550998640,0.000000000000000000,0.000000000000000000,580.028406977138160983,-1310.393406372550998640,,
2026-04-10,27,2026-04-10T12:00:00Z,2026-04-11T12:44:43Z,76.000000000000000000,76.000000000000000000,False,N,0.000000000000000000,-1106.428509722222315759,0.00,0.00,,,671.759844318181762901,-1778.300422512626255411,0.000000000000000000,0.000000000000000000,671.759844318181762901,-1777.300422512626255411,,
2026-04-10,28,2026-04-10T12:30:00Z,2026-04-11T13:14:41Z,61.719999999999998863,61.719999999999998863,False,N,0.000000000000000000,-990.791398271719913282,0.00,0.00,,,676.263334285708310745,-1667.110740910608683407,0.000000000000000000,0.000000000000000000,676.263334285708310745,-1666.110740910608683407,,
2026-04-10,29,2026-04-10T13:00:00Z,2026-04-11T13:45:15Z,49.880000000000002558,49.880000000000002558,False,N,0.000000000000000000,-1226.328394173076958396,0.00,0.00,,,674.689216076077741491,-1900.749291673076868392,0.000000000000000000,0.000000000000000000,674.689216076077741491,-1899.749291673076868392,,
2026-04-10,30,2026-04-10T13:30:00Z,2026-04-11T14:15:00Z,34.960000000000000853,34.960000000000000853,False,N,0.000000000000000000,-1028.889735850816578022,0.00,0.00,,,681.154648789682482857,-1709.965911456877165620,0.000000000000000000,0.000000000000000000,681.154648789682482857,-1708.965911456877165620,,
2026-04-10,31,2026-04-10T14:00:00Z,2026-04-11T14:44:47Z,26.150822272250739076,26.150822272250739076,False,N,0.000000000000000000,-524.484484834229419903,0.00,0.00,,,720.466169027777823430,-1244.884678028673761219,0.000000000000000000,0.000000000000000000,720.466169027777823430,-1243.884678028673761219,,
2026-04-10,32,2026-04-10T14:30:00Z,2026-04-11T15:14:39Z,138.250000000000000000,138.250000000000000000,False,P,0.000000000000000000,142.519571124214564861,0.00,0.00,,,916.572634985447734834,-772.437935403563187720,-2.154999999999999805,0.000000000000000000,915.572634985447734834,-772.437935403563187720,-2.154999999999999805,
2026-04-10,33,2026-04-10T15:00:00Z,2026-04-11T15:44:42Z,84.829999999999998295,84.829999999999998295,False,N,0.000000000000000000,-30.717799136459653653,0.00,0.00,,,987.374386980058602603,-977.963911636459670262,-40.131999999999997897,0.000000000000000000,987.374386980058602603,-976.963911636459670262,-40.131999999999997897,
2026-04-10,34,2026-04-10T15:30:00Z,2026-04-11T16:14:40Z,142.900000000000005684,142.900000000000005684,False,P,0.000000000000000000,101.960905982905984501,0.00,0.00,,,1095.292629717473801065,-970.043333333333293922,-24.312000000000001165,0.000000000000000000,1094.292629717473801065,-970.043333333333293922,-24.312000000000001165,
2026-04-10,35,2026-04-10T16:00:00Z,2026-04-11T16:44:39Z,136.379999999999995453,136.379999999999995453,False,P,0.000000000000000000,183.588191575160919911,0.00,0.00,,,1550.985996249306253958,-1367.729265526626022620,0.000000000000000000,0.000000000000000000,1549.985996249306253958,-1367.729265526626022620,,
2026-04-10,36,2026-04-10T16:30:00Z,2026-04-11T17:14:39Z,136.379999999999995453,136.379999999999995453,False,P,0.000000000000000000,200.926870328099852259,0.00,0.00,,,1776.044890077495892911,-1575.030917222222115015,0.000000000000000000,0.000000000000000000,1775.044890077495892911,-1575.030917222222115015,,
2026-04-10,37,2026-04-10T17:00:00Z,2026-04-11T17:44:42Z,136.379999999999995453,136.379999999999995453,False,P,0.000000000000000000,100.434971851851855718,0.00,0.00,,,2136.004673583870498987,-2035.296705277777846277,0.000000000000000000,0.000000000000000000,2135.004673583870498987,-2035.296705277777846277,,
2026-04-10,38,2026-04-10T17:30:00Z,2026-04-11T18:14:43Z,136.379999999999995453,136.379999999999995453,False,P,0.000000000000000000,98.765417362231175957,0.00,0.00,,,2279.194693712337539182,-2180.355588270368571102,0.000000000000000000,0.000000000000000000,2278.194693712337539182,-2180.355588270368571102,,
2026-04-10,39,2026-04-10T18:00:00Z,2026-04-11T18:45:08Z,133.000056392037436126,133.000056392037436126,False,P,0.000000000000000000,80.228550328247479229,0.00,0.00,,,2359.020205047944273247,-2355.059069239863674738,0.000000000000000000,76.552999999999997272,2359.020205047944273247,-2355.059069239863674738,,75.552999999999997272
2026-04-10,40,2026-04-10T18:30:00Z,2026-04-11T19:14:45Z,136.150000000000005684,136.150000000000005684,False,P,0.000000000000000000,73.300834488835889147,0.00,0.00,,,2419.750715461058007349,-2391.402361397702861723,0.000000000000000000,45.000000000000000000,2418.750715461058007349,-2391.402361397702861723,,45.000000000000000000
2026-04-10,41,2026-04-10T19:00:00Z,2026-04-11T19:44:49Z,128.000000000000000000,128.000000000000000000,False,P,0.000000000000000000,481.818395555555582632,0.00,0.00,,,2765.138434935897294054,-2511.237337991452932329,0.000000000000000000,228.073000000000007503,2764.138434935897294054,-2511.237337991452932329,,228.073000000000007503
2026-04-10,42,2026-04-10T19:30:00Z,2026-04-11T20:14:45Z,125.000000000000000000,125.000000000000000000,False,P,0.000000000000000000,249.762896129899786501,0.00,0.00,,,2940.067402540156308532,-2782.562942602785369672,0.000000000000000000,92.489999999999994884,2939.067402540156308532,-2782.562942602785369672,,92.489999999999994884
2026-04-10,43,2026-04-10T20:00:00Z,2026-04-11T20:44:42Z,116.000000000000000000,116.000000000000000000,False,P,0.000000000000000000,112.768987557650106623,0.00,0.00,,,3161.518336545345846389,-3048.735292770521482453,0.000000000000000000,0.000000000000000000,3160.518336545345846389,-3048.735292770521482453,,
2026-04-10,44,2026-04-10T20:30:00Z,2026-04-11T21:14:49Z,116.650000000000005684,116.650000000000005684,False,P,0.000000000000000000,179.699810961412310917,0.00,0.00,,,3142.493655431109345955,-3037.625129395510157337,0.000000000000000000,74.838999999999998636,3141.493655431109345955,-3037.625129395510157337,,74.838999999999998636
2026-04-10,45,2026-04-10T21:00:00Z,2026-04-11T21:44:48Z,119.150000000000005684,119.150000000000005684,False,P,0.000000000000000000,362.614091515600648563,0.00,0.00,,,3385.193779556574099843,-3119.021138455566415359,0.000000000000000000,96.528000000000005798,3384.193779556574099843,-3119.021138455566415359,,96.528000000000005798
2026-04-10,46,2026-04-10T21:30:00Z,2026-04-11T22:14:43Z,7.000000000000000000,7.000000000000000000,False,N,0.000000000000000000,-87.225882314806028717,0.00,0.00,,,3076.743331832012700033,-3167.321942171213322581,0.000000000000000000,3.016999999999999904,3076.743331832012700033,-3166.321942171213322581,,3.016999999999999904
2026-04-10,47,2026-04-10T22:00:00Z,2026-04-11T22:44:50Z,0.000000000000000000,0.000000000000000000,False,N,0.000000000000000000,-139.782317157850684453,0.00,0.00,,,3127.931202425482752005,-3297.119902442434067780,0.000000000000000000,28.449999999999999289,3127.931202425482752005,-3296.119902442434067780,,28.449999999999999289
2026-04-10,48,2026-04-10T22:30:00Z,2026-04-11T23:14:56Z,-12.689999999999999503,-12.689999999999999503,False,N,0.000000000000000000,-285.064405139389350552,0.00,0.00,-12.689999999999999503,1.000000000000000000,2845.363687152277179848,-3224.761806732274180831,0.000000000000000000,94.171999999999997044,2845.363687152277179848,-3223.761806732274180831,,94.171999999999997044
2026-04-11,1,2026-04-10T23:00:00Z,2026-04-11T23:44:46Z,-14.949999999999999289,-14.949999999999999289,False,N,0.000000000000000000,-482.579098564814842121,0.00,0.00,,,2759.752559212962751189,-3294.055331157407181308,0.000000000000000000,51.634000000000000341,2759.752559212962751189,-3293.055331157407181308,,51.634000000000000341
2026-04-11,2,2026-04-10T23:30:00Z,2026-04-12T00:14:47Z,3.255928583700670842,3.255928583700670842,False,N,0.000000000000000000,-318.346864156195351825,0.00,0.00,3.345408479166666726,1.000000000000000000,2958.522146954915569950,-3420.329607568468873069,0.000000000000000000,143.289999999999992042,2958.522146954915569950,-3419.329607568468873069,,143.289999999999992042
2026-04-11,3,2026-04-11T00:00:00Z,2026-04-12T00:44:46Z,-14.570000000000000284,-14.570000000000000284,False,N,0.000000000000000000,-204.663408392857149920,0.00,0.00,,,2983.385760218253835774,-3266.879019087301458057,0.000000000000000000,78.637000000000000455,2983.385760218253835774,-3265.879019087301458057,,78.637000000000000455
2026-04-11,4,2026-04-11T00:30:00Z,2026-04-12T01:14:47Z,-5.090343251262704705,-5.090343251262704705,False,N,0.000000000000000000,-458.885611718453219510,0.00,0.00,-5.055333333333333456,1.000000000000000000,2770.375984392657755961,-3228.880694869865692453,0.000000000000000000,0.000000000000000000,2770.375984392657755961,-3227.880694869865692453,,
2026-04-11,5,2026-04-11T01:00:00Z,2026-04-12T01:44:46Z,-14.949999999999999289,-14.949999999999999289,False,N,0.000000000000000000,-243.099441117548934699,0.00,0.00,,,2910.514783783319671784,-3154.070937817315552820,0.000000000000000000,0.000000000000000000,2910.514783783319671784,-3153.070937817315552820,,
2026-04-11,6,2026-04-11T01:30:00Z,2026-04-12T02:15:05Z,3.870000000000000107,3.870000000000000107,False,N,0.000000000000000000,-667.000319423788596396,0.00,0.00,3.870000000000000107,0.325001111111111129,2409.828782242878332909,-3076.827751461464686145,0.000000000000000000,0.000000000000000000,2409.828782242878332909,-3075.827751461464686145,,
2026-04-11,7,2026-04-11T02:00:00Z,2026-04-12T02:44:52Z,-12.070000000000000284,-12.070000000000000284,False,N,0.000000000000000000,-1026.668512204106264107,0.00,0.00,-12.070000000000000284,0.000000000000000000,1954.371409879227030615,-2981.066126527777669253,0.000000000000000000,0.000000000000000000,1954.371409879227030615,-2980.066126527777669253,,
2026-04-11,8,2026-04-11T02:30:00Z,2026-04-12T03:14:50Z,-15.594508932587228145,-15.594508932587228145,False,N,0.000000000000000000,-1056.513972638888844813,0.00,0.00,-15.280890911111111308,1.000000000000000000,1805.144619166666643650,-2861.937955833333489863,0.000000000000000000,0.000000000000000000,1805.144619166666643650,-2860.937955833333489863,,
2026-04-11,9,2026-04-11T03:00:00Z,2026-04-12T03:44:48Z,2.430000000000000160,2.430000000000000160,False,N,0.000000000000000000,-935.754639861111058963,0.00,0.00,2.430000000000000160,0.206999999999999990,1716.074582361111197315,-2651.723746388888685033,0.000000000000000000,0.000000000000000000,1716.074582361111197315,-2650.723746388888685033,,
2026-04-11,10,2026-04-11T03:30:00Z,2026-04-12T04:14:41Z,-8.820000000000000284,-8.820000000000000284,False,N,0.000000000000000000,-694.168448028012676332,0.00,0.00,-8.820000000000000284,0.000000000000000000,1904.716551971987428260,-2598.696556532469003287,0.000000000000000000,0.000000000000000000,1904.716551971987428260,-2597.696556532469003287,,
2026-04-11,11,2026-04-11T04:00:00Z,2026-04-12T04:44:47Z,-6.419999999999999929,-6.419999999999999929,False,N,0.000000000000000000,-929.032304493490755704,0.00,0.00,-6.419999999999999929,0.000000000000000000,1793.649441062064852304,-2722.507781895398238703,0.000000000000000000,0.000000000000000000,1793.649441062064852304,-2721.507781895398238703,,
2026-04-11,12,2026-04-11T04:30:00Z,2026-04-12T05:14:46Z,-4.019999999999999574,-4.019999999999999574,False,N,0.000000000000000000,-983.808048001242241298,0.00,0.00,-4.019999999999999574,0.000000000000000000,1645.895807777151958362,-2629.341356744831955439,0.000000000000000000,0.000000000000000000,1645.895807777151958362,-2628.341356744831955439,,
2026-04-11,13,2026-04-11T05:00:00Z,2026-04-12T05:44:46Z,-1.679999999999999938,-1.679999999999999938,False,N,0.000000000000000000,-462.742453278566074459,0.00,0.00,-1.679999999999999938,0.000000000000000000,1981.204476054767155802,-2443.873908919448240340,0.000000000000000000,0.000000000000000000,1981.204476054767155802,-2442.873908919448240340,,
2026-04-11,14,2026-04-11T05:30:00Z,2026-04-12T06:14:48Z,-4.150000000000000355,-4.150000000000000355,False,N,0.000000000000000000,-530.757544459020095928,0.00,0.00,-4.150000000000000355,0.133333333333333331,1698.709519893659717127,-2237.535599170244040579,0.000000000000000000,7.966999999999999638,1698.709519893659717127,-2236.535599170244040579,,7.966999999999999638
2026-04-11,15,2026-04-11T06:00:00Z,2026-04-12T06:45:19Z,-4.139999999999999680,-4.139999999999999680,False,N,0.000000000000000000,-121.105162768340278490,0.00,0.00,-4.139999999999999680,0.116666666666666669,1785.041625148326374983,-2011.264105833333360351,0.000000000000000000,105.480000000000003979,1785.041625148326374983,-2010.264105833333360351,,105.480000000000003979
2026-04-11,16,2026-04-11T06:30:00Z,2026-04-12T07:14:56Z,-1.004118297606114041,-1.004118297606114041,False,N,0.000000000000000000,-61.804780972222225444,0.00,0.00,-0.341824382153811335,0.250230833333333347,1834.453321250000044529,-2046.036655487893540339,0.000000000000000000,149.879999999999995453,1834.453321250000044529,-2045.036655487893540339,,149.879999999999995453
2026-04-11,17,2026-04-11T07:00:00Z,2026-04-12T07:45:09Z,-9.359999999999999432,-9.359999999999999432,False,N,0.000000000000000000,-149.642460185185171895,0.00,0.00,-9.359999999999999432,1.000000000000000000,1801.099223148148212204,-2051.023016666666535457,0.000000000000000000,100.543000000000006366,1801.099223148148212204,-2050.023016666666535457,,100.543000000000006366
2026-04-11,18,2026-04-11T07:30:00Z,2026-04-12T08:14:45Z,26.423703907742673636,26.423703907742673636,False,P,0.000000000000000000,28.188574508142348662,0.00,0.00,,,2010.385233627690013236,-2005.102586335874320866,0.000000000000000000,23.161999999999999034,2009.385233627690013236,-2005.102586335874320866,,23.161999999999999034
2026-04-11,19,2026-04-11T08:00:00Z,2026-04-12T08:44:56Z,-14.949999999999999289,-14.949999999999999289,False,N,0.000000000000000000,-306.712231610986407304,0.00,0.00,,,1415.125574639013620981,-1748.976340112862317255,0.000000000000000000,27.821999999999999176,1415.125574639013620981,-1747.976340112862317255,,27.821999999999999176
2026-04-11,20,2026-04-11T08:30:00Z,2026-04-12T09:14:55Z,-23.989999999999998437,-23.989999999999998437,False,N,0.000000000000000000,-824.465628015872994183,0.00,0.00,-23.989999999999998437,1.000000000000000000,1075.412543234127042524,-1900.015915972222273922,0.000000000000000000,0.000000000000000000,1075.412543234127042524,-1899.015915972222273922,,
2026-04-11,21,2026-04-11T09:00:00Z,2026-04-12T09:44:51Z,-16.940383311950853340,-16.940383311950853340,False,N,0.000000000000000000,-648.810071428571404795,0.00,0.00,-16.648333333333333428,1.000000000000000000,1186.633523015872924589,-1835.492644305555586470,0.000000000000000000,0.000000000000000000,1186.633523015872924589,-1834.492644305555586470,,
2026-04-11,22,2026-04-11T09:30:00Z,2026-04-12T10:14:54Z,-21.510000000000001563,-21.510000000000001563,False,N,0.000000000000000000,-698.428423055555526844,0.00,0.00,-21.510000000000001563,1.000000000000000000,981.550765277777827578,-1680.000763055555580650,0.000000000000000000,0.000000000000000000,981.550765277777827578,-1679.000763055555580650,,
2026-04-11,23,2026-04-11T10:00:00Z,2026-04-12T10:45:11Z,-24.670000000000001705,-24.670000000000001705,False,N,0.000000000000000000,-713.381944027777763040,0.00,0.00,-24.670000000000001705,1.000000000000000000,944.035441666666656602,-1657.253496805555641913,0.000000000000000000,0.000000000000000000,944.035441666666656602,-1656.253496805555641913,,
2026-04-11,24,2026-04-11T10:30:00Z,2026-04-12T11:15:27Z,-27.336492981576537176,-27.336492981576537176,False,N,0.000000000000000000,-586.612521111111163918,0.00,0.00,-27.182999999999999829,1.000000000000000000,1159.000987400788062587,-1745.876944186502214507,0.000000000000000000,0.000000000000000000,1159.000987400788062587,-1744.876944186502214507,,
2026-04-11,25,2026-04-11T11:00:00Z,2026-04-12T11:45:09Z,-20.064947913419668879,-20.064947913419668879,False,N,0.000000000000000000,-424.887329206349193100,0.00,0.00,-19.176250246428573121,1.000000000000000000,1019.349363844246909139,-1444.314525555555519531,0.000000000000000000,0.000000000000000000,1019.349363844246909139,-1443.314525555555519531,,
2026-04-11,26,2026-04-11T11:30:00Z,2026-04-12T12:15:46Z,-40.000000000000000000,-40.000000000000000000,False,N,0.000000000000000000,-638.046126250000043001,0.00,0.00,,,1006.836842083333294795,-1644.808490972222216442,0.000000000000000000,0.000000000000000000,1006.836842083333294795,-1643.808490972222216442,,
2026-04-11,27,2026-04-11T12:00:00Z,2026-04-12T12:44:53Z,-14.150000000000000355,-14.150000000000000355,False,N,0.000000000000000000,-905.003332222222184100,0.00,0.00,-14.150000000000000355,0.000000000000000000,953.902587473118273920,-1858.886027222222310229,0.000000000000000000,0.000000000000000000,953.902587473118273920,-1857.886027222222310229,,
2026-04-11,28,2026-04-11T12:30:00Z,2026-04-12T13:15:03Z,-15.359999999999999432,-15.359999999999999432,False,N,0.000000000000000000,-715.078824225599646525,0.00,0.00,-15.359999999999999432,0.000000000000000000,1152.855342441067023174,-1868.017499999999927240,0.000000000000000000,0.000000000000000000,1152.855342441067023174,-1867.017499999999927240,,
2026-04-11,29,2026-04-11T13:00:00Z,2026-04-12T13:44:46Z,18.210000000000000853,18.210000000000000853,False,P,0.000000000000000000,59.548480374268926596,0.00,0.00,,,2002.316927318713396744,-1942.589233611111012578,0.000000000000000000,0.000000000000000000,2001.316927318713396744,-1942.589233611111012578,,
2026-04-11,30,2026-04-11T13:30:00Z,2026-04-12T14:15:04Z,24.800000000000000711,24.800000000000000711,False,P,0.000000000000000000,91.049604783309874279,0.00,0.00,,,1979.061475490380644260,-1887.923217262880825729,0.000000000000000000,0.000000000000000000,1978.061475490380644260,-1887.923217262880825729,,
2026-04-11,31,2026-04-11T14:00:00Z,2026-04-12T14:44:45Z,-10.000000000000000000,-10.000000000000000000,False,N,0.000000000000000000,-124.205144300902190935,0.00,0.00,,,2329.453004846094700042,-2453.900274784189150523,0.000000000000000000,0.000000000000000000,2329.453004846094700042,-2452.900274784189150523,,
2026-04-11,32,2026-04-11T14:30:00Z,2026-04-12T15:14:51Z,-14.949999999999999289,-14.949999999999999289,False,N,0.000000000000000000,-426.930793487761263805,0.00,0.00,,,2180.553710956683062250,-2608.308406413032571436,0.000000000000000000,0.000000000000000000,2180.553710956683062250,-2607.308406413032571436,,
2026-04-11,33,2026-04-11T15:00:00Z,2026-04-12T15:44:44Z,3.350000000000000089,3.350000000000000089,False,N,0.000000000000000000,-380.926890987679541922,0.00,0.00,3.350000000000000089,0.170833333333333337,2230.381443317875891807,-3011.548136877173419634,0.000000000000000000,400.000000000000000000,2230.381443317875891807,-3010.548136877173419634,,400.000000000000000000
2026-04-11,34,2026-04-11T15:30:00Z,2026-04-12T16:14:43Z,-10.000000000000000000,-10.000000000000000000,False,N,0.000000000000000000,-97.097558333333338965,0.00,0.00,,,2478.159310138888940855,-3033.863482083333110495,0.000000000000000000,458.300000000000011369,2478.159310138888940855,-3032.863482083333110495,,458.300000000000011369
2026-04-11,35,2026-04-11T16:00:00Z,2026-04-12T16:44:56Z,-10.519001162781620451,-10.519001162781620451,False,N,0.000000000000000000,-591.551914386728185491,0.00,0.00,-10.293333333333333002,1.000000000000000000,2540.908479842494216427,-3181.556110011785676761,0.000000000000000000,48.781999999999996476,2540.908479842494216427,-3180.556110011785676761,,48.781999999999996476
2026-04-11,36,2026-04-11T16:30:00Z,2026-04-12T17:14:45Z,-10.000000000000000000,-10.000000000000000000,False,N,0.000000000000000000,-231.457226481639764870,0.00,0.00,,,2684.754935179551466717,-3031.063195389538122981,0.000000000000000000,114.646000000000000796,2684.754935179551466717,-3030.063195389538122981,,114.646000000000000796
2026-04-11,37,2026-04-11T17:00:00Z,2026-04-12T17:45:14Z,8.617146585131168379,8.617146585131168379,False,N,0.000000000000000000,-489.227115256248225705,0.00,0.00,9.266249999999999432,1.000000000000000000,2630.463907019283851696,-3248.904742059792170039,0.000000000000000000,129.000000000000000000,2630.463907019283851696,-3247.904742059792170039,,129.000000000000000000
2026-04-11,38,2026-04-11T17:30:00Z,2026-04-12T18:14:44Z,19.469999999999998863,19.469999999999998863,False,N,0.000000000000000000,-204.747050959637164169,0.00,0.00,19.469999999999998863,0.000000000000000000,3006.115261696812012815,-3300.062672335333445517,0.000000000000000000,89.049000000000006594,3006.115261696812012815,-3299.062672335333445517,,89.049000000000006594
2026-04-11,39,2026-04-11T18:00:00Z,2026-04-12T18:44:55Z,15.189999999999999503,15.189999999999999503,False,N,0.000000000000000000,-40.021209544095022181,0.00,0.00,,,3353.479746748860179650,-3474.307649629704883409,0.000000000000000000,80.771000000000000796,3353.479746748860179650,-3473.307649629704883409,,80.771000000000000796
2026-04-11,40,2026-04-11T18:30:00Z,2026-04-12T19:14:45Z,15.145229770477662612,15.145229770477662612,False,N,0.000000000000000000,-202.353627173818296114,0.00,0.00,15.166666666666666075,1.000000000000000000,3289.258656166562104772,-3576.892551151433053747,0.000000000000000000,85.200000000000002842,3289.258656166562104772,-3575.892551151433053747,,85.200000000000002842
2026-04-11,41,2026-04-11T19:00:00Z,2026-04-12T19:44:48Z,62.219999999999998863,62.219999999999998863,False,P,0.000000000000000000,114.914894621428857135,0.00,0.00,,,3600.893909088579675881,-3495.847344488568978704,0.000000000000000000,9.949999999999999289,3599.893909088579675881,-3495.847344488568978704,,9.949999999999999289
2026-04-11,42,2026-04-11T19:30:00Z,2026-04-12T20:15:24Z,1.389999999999999902,1.389999999999999902,False,N,0.000000000000000000,-213.897688076291501602,0.00,0.00,1.389999999999999902,1.000000000000000000,3294.080175573358246766,-3507.653850064904418105,0.000000000000000000,0.000000000000000000,3294.080175573358246766,-3506.653850064904418105,,
2026-04-11,43,2026-04-11T20:00:00Z,2026-04-12T20:44:51Z,-1.834689369219536292,-1.834689369219536292,False,N,0.000000000000000000,-370.188242846858486246,0.00,0.00,-1.776711125000000058,1.000000000000000000,3063.853686625619502593,-3493.879092281277735310,0.000000000000000000,60.216000000000001080,3063.853686625619502593,-3492.879092281277735310,,60.216000000000001080
2026-04-11,44,2026-04-11T20:30:00Z,2026-04-12T21:14:46Z,34.979999999999996874,34.979999999999996874,False,N,0.000000000000000000,-471.942976948312320928,0.00,0.00,34.979999999999996874,0.729614444444444454,2909.482148999840774195,-3389.782498347012733575,0.000000000000000000,8.516000000000000014,2909.482148999840774195,-3388.782498347012733575,,8.516000000000000014
2026-04-11,45,2026-04-11T21:00:00Z,2026-04-12T21:44:52Z,19.679999999999999716,19.679999999999999716,False,N,0.000000000000000000,-480.929666666666662422,0.00,0.00,19.679999999999999716,0.000000000000000000,2761.869999444444601977,-3279.658333333333303017,0.000000000000000000,37.017000000000003013,2761.869999444444601977,-3278.658333333333303017,,37.017000000000003013
2026-04-11,46,2026-04-11T21:30:00Z,2026-04-12T22:14:46Z,10.259999999999999787,10.259999999999999787,False,N,0.000000000000000000,-471.854753385416643141,0.00,0.00,10.259999999999999787,0.000000000000000000,2714.944650781249947613,-3186.972854392361114151,0.000000000000000000,0.000000000000000000,2714.944650781249947613,-3185.972854392361114151,,
2026-04-11,47,2026-04-11T22:00:00Z,2026-04-12T22:45:01Z,9.570000000000000284,9.570000000000000284,False,N,0.000000000000000000,-643.953306908740501058,0.00,0.00,9.570000000000000284,0.000000000000000000,2529.065183427145711903,-3173.340395269851342164,0.000000000000000000,0.000000000000000000,2529.065183427145711903,-3172.340395269851342164,,
2026-04-11,48,2026-04-11T22:30:00Z,2026-04-12T23:14:52Z,14.230000000000000426,14.230000000000000426,False,N,0.000000000000000000,-434.477061248079508005,0.00,0.00,14.230000000000000426,0.000000000000000000,2750.482398386998283968,-3184.665778644644888118,0.000000000000000000,0.000000000000000000,2750.482398386998283968,-3183.665778644644888118,,
2026-04-12,1,2026-04-11T23:00:00Z,2026-04-12T23:44:55Z,14.949999999999999289,14.949999999999999289,False,N,0.000000000000000000,-480.825462962962944857,0.00,0.00,14.949999999999999289,0.000000000000000000,2653.383596550926085911,-3133.973642847222436103,0.000000000000000000,0.000000000000000000,2653.383596550926085911,-3132.973642847222436103,,
2026-04-12,2,2026-04-11T23:30:00Z,2026-04-13T00:14:51Z,10.630000000000000782,10.630000000000000782,False,N,0.000000000000000000,-681.914305199074078701,0.00,0.00,10.630000000000000782,0.219727083333333323,2316.541100217592429544,-2998.370700865740673180,0.000000000000000000,0.000000000000000000,2316.541100217592429544,-2997.370700865740673180,,
2026-04-12,3,2026-04-12T00:00:00Z,2026-04-13T00:44:45Z,13.349999999999999645,13.349999999999999645,False,N,0.000000000000000000,-646.812453825757529557,0.00,0.00,13.349999999999999645,0.000000000000000000,2293.844266604349741101,-2940.527086628787856171,0.000000000000000000,0.000000000000000000,2293.844266604349741101,-2939.527086628787856171,,
2026-04-12,4,2026-04-12T00:30:00Z,2026-04-13T01:14:46Z,1.939999999999999947,1.939999999999999947,False,N,0.000000000000000000,-435.427641752891986471,0.00,0.00,1.939999999999999947,0.316344583333333318,2504.369258385997000005,-2939.699758706385637197,0.000000000000000000,0.000000000000000000,2504.369258385997000005,-2938.699758706385637197,,
2026-04-12,5,2026-04-12T01:00:00Z,2026-04-13T01:44:50Z,20.390548612775262427,20.390548612775262427,False,N,0.000000000000000000,-324.420833379629641513,0.00,0.00,20.821409361132044324,0.837668749999999962,2611.768502037037251284,-2936.286151805555618921,0.000000000000000000,0.000000000000000000,2611.768502037037251284,-2935.286151805555618921,,
2026-04-12,6,2026-04-12T01:30:00Z,2026-04-13T07:17:37Z,14.242067775494550830,14.242067775494550830,False,N,0.000000000000000000,-157.777986420452151606,0.00,0.00,16.426225251795838034,0.652783055555555602,2590.528696572277567611,-2748.364783715326666425,0.000000000000000000,0.000000000000000000,2590.528696572277567611,-2747.364783715326666425,,
2026-04-12,7,2026-04-12T02:00:00Z,2026-04-13T02:49:24Z,20.719999999999998863,20.719999999999998863,False,N,0.000000000000000000,-475.146217597853535608,0.00,0.00,20.719999999999998863,0.000000000000000000,1883.774406310876656789,-2358.485849409722050041,0.000000000000000000,0.000000000000000000,1883.774406310876656789,-2357.485849409722050041,,
2026-04-12,8,2026-04-12T02:30:00Z,2026-04-13T03:14:50Z,12.929999999999999716,12.929999999999999716,False,N,0.000000000000000000,-328.177674186163073955,0.00,0.00,12.929999999999999716,0.110526250000000006,2174.503830359291441710,-2502.715509487475628703,0.000000000000000000,0.000000000000000000,2174.503830359291441710,-2501.715509487475628703,,
2026-04-12,9,2026-04-12T03:00:00Z,2026-04-13T03:44:32Z,21.280000000000001137,21.280000000000001137,False,N,0.000000000000000000,-288.934399684532422725,0.00,0.00,21.280000000000001137,0.000000000000000000,2167.921882676578661631,-2456.715627243746439490,0.000000000000000000,0.000000000000000000,2167.921882676578661631,-2455.715627243746439490,,
2026-04-12,10,2026-04-12T03:30:00Z,2026-04-13T04:14:32Z,21.699812470984660706,21.699812470984660706,False,N,0.000000000000000000,-339.003970555555554256,0.00,0.00,22.576619074985401880,0.482382777777777771,2176.199578888888936490,-2514.951245277777616138,0.000000000000000000,0.000000000000000000,2176.199578888888936490,-2513.951245277777616138,,
2026-04-12,11,2026-04-12T04:00:00Z,2026-04-13T04:44:35Z,16.529751054583609715,16.529751054583609715,False,N,0.000000000000000000,-456.726471123737383095,0.00,0.00,16.659583333333333854,1.000000000000000000,2219.715668320707209205,-2676.035891250000076980,0.000000000000000000,0.000000000000000000,2219.715668320707209205,-2675.035891250000076980,,
2026-04-12,12,2026-04-12T04:30:00Z,2026-04-13T05:14:41Z,12.437693300539976349,12.437693300539976349,False,N,0.000000000000000000,-340.558402545312503662,0.00,0.00,12.486874999999999503,1.000000000000000000,2373.099433149131982645,-2713.636929166666504898,0.000000000000000000,0.000000000000000000,2373.099433149131982645,-2712.636929166666504898,,
2026-04-12,13,2026-04-12T05:00:00Z,2026-04-13T05:45:01Z,29.019999999999999574,29.019999999999999574,False,N,0.000000000000000000,-263.756388858756281479,0.00,0.00,29.019999999999999574,0.000000000000000000,2348.848406974576846551,-2612.556759954982680938,0.000000000000000000,0.000000000000000000,2348.848406974576846551,-2611.556759954982680938,,
2026-04-12,14,2026-04-12T05:30:00Z,2026-04-13T06:14:42Z,15.067623712174778916,15.067623712174778916,False,N,0.000000000000000000,-208.520883558199955132,0.00,0.00,15.089333333333334153,1.000000000000000000,2214.791418108466587000,-2422.755380219155085797,0.000000000000000000,0.000000000000000000,2214.791418108466587000,-2421.755380219155085797,,
2026-04-12,15,2026-04-12T06:00:00Z,2026-04-13T06:45:14Z,66.200000000000002842,66.200000000000002842,False,P,0.000000000000000000,131.549459221871217096,0.00,0.00,,,2607.534119430093596748,-2475.769737571887162630,0.000000000000000000,0.000000000000000000,2606.534119430093596748,-2475.769737571887162630,,
2026-04-12,16,2026-04-12T06:30:00Z,2026-04-13T07:15:29Z,80.000000000000000000,80.000000000000000000,False,P,0.000000000000000000,47.794489408735493896,0.00,0.00,,,2584.343223436513198976,-2536.615970885416572855,0.000000000000000000,0.000000000000000000,2583.343223436513198976,-2536.615970885416572855,,
2026-04-12,17,2026-04-12T07:00:00Z,2026-04-13T07:44:50Z,50.609999999999999432,50.609999999999999432,False,N,0.000000000000000000,-84.677355992063496615,0.00,0.00,50.609999999999999432,0.000000000000000000,2435.390282896825283387,-2520.325047023809474922,0.000000000000000000,0.000000000000000000,2435.390282896825283387,-2519.325047023809474922,,
2026-04-12,18,2026-04-12T07:30:00Z,2026-04-13T08:14:51Z,50.429999999999999716,50.429999999999999716,False,N,0.000000000000000000,-368.896270833333346673,0.00,0.00,50.429999999999999716,0.000000000000000000,2197.731220138889057125,-2566.405376944444469700,0.000000000000000000,0.000000000000000000,2197.731220138889057125,-2565.405376944444469700,,
2026-04-12,19,2026-04-12T08:00:00Z,2026-04-13T08:44:38Z,-6.856178614714063535,-6.856178614714063535,False,N,0.000000000000000000,-325.231705730676310395,0.00,0.00,-5.717996783333333610,1.000000000000000000,2314.564222880434954277,-2639.705887860306120274,0.000000000000000000,0.000000000000000000,2314.564222880434954277,-2638.705887860306120274,,
2026-04-12,20,2026-04-12T08:30:00Z,2026-04-13T09:14:49Z,24.820000000000000284,24.820000000000000284,False,N,0.000000000000000000,-100.445560699953702510,0.00,0.00,24.820000000000000284,0.000000000000000000,2440.717711800046345161,-2574.432408217592637811,0.000000000000000000,33.402999999999998693,2440.717711800046345161,-2573.432408217592637811,,33.402999999999998693
2026-04-12,21,2026-04-12T09:00:00Z,2026-04-13T09:44:46Z,25.129999999999999005,25.129999999999999005,False,N,0.000000000000000000,-144.828590945664160472,0.00,0.00,25.129999999999999005,0.000000000000000000,2550.616005998780110531,-2795.722971303418944444,0.000000000000000000,100.483999999999994657,2550.616005998780110531,-2794.722971303418944444,,100.483999999999994657
2026-04-12,22,2026-04-12T09:30:00Z,2026-04-13T10:14:45Z,55.000000000000000000,55.000000000000000000,False,P,0.000000000000000000,227.147395100972232740,0.00,0.00,,,2769.848672878750221571,-2634.872852878750109085,0.000000000000000000,91.864000000000004320,2768.848672878750221571,-2634.872852878750109085,,91.864000000000004320
2026-04-12,23,2026-04-12T10:00:00Z,2026-04-13T10:44:42Z,49.869999999999997442,49.869999999999997442,False,P,0.000000000000000000,119.852617725694443607,0.00,0.00,,,2607.660699670138910733,-2501.876483142360939382,0.000000000000000000,14.117000000000000881,2606.660699670138910733,-2501.876483142360939382,,14.117000000000000881
2026-04-12,24,2026-04-12T10:30:00Z,2026-04-13T11:14:52Z,44.200000000000002842,44.200000000000002842,False,P,0.000000000000000000,9.500760462962963615,0.00,0.00,,,2564.853198518518638593,-2574.278115046296079527,0.000000000000000000,19.538000000000000256,2563.853198518518638593,-2574.278115046296079527,,19.538000000000000256
2026-04-12,25,2026-04-12T11:00:00Z,2026-04-13T11:44:38Z,46.420000000000001705,46.420000000000001705,False,P,0.000000000000000000,19.927274212962963418,0.00,0.00,,,2641.500920879629575211,-2656.046065219907632127,0.000000000000000000,34.810999999999999943,2640.500920879629575211,-2656.046065219907632127,,34.810999999999999943
2026-04-12,26,2026-04-12T11:30:00Z,2026-04-13T12:14:33Z,49.600000000000001421,49.600000000000001421,False,P,0.000000000000000000,4.882821547619047742,0.00,0.00,,,2567.520241686508143175,-2646.243067579365288111,0.000000000000000000,83.500000000000000000,2566.520241686508143175,-2646.243067579365288111,,83.500000000000000000
2026-04-12,27,2026-04-12T12:00:00Z,2026-04-13T12:45:22Z,65.299999999999997158,65.299999999999997158,False,P,0.000000000000000000,313.597391435185159025,0.00,0.00,,,2873.652597962962772726,-2575.593582314814739220,0.000000000000000000,15.449999999999999289,2872.652597962962772726,-2575.593582314814739220,,15.449999999999999289
2026-04-12,28,2026-04-12T12:30:00Z,2026-04-13T13:14:47Z,-9.061459472758480516,-9.061459472758480516,False,N,0.000000000000000000,-124.603069947335100665,0.00,0.00,-8.577926456742204664,1.000000000000000000,2316.706555903268508700,-2504.198929519967350643,0.000000000000000000,62.700000000000002842,2316.706555903268508700,-2503.198929519967350643,,62.700000000000002842
2026-04-12,29,2026-04-12T13:00:00Z,2026-04-13T13:44:43Z,0.000000000000000000,0.000000000000000000,False,N,0.000000000000000000,-177.657959446140864657,0.00,0.00,0.000000000000000000,1.000000000000000000,2544.171986664970063430,-2805.652550879632599390,0.000000000000000000,83.500000000000000000,2544.171986664970063430,-2804.652550879632599390,,83.500000000000000000
2026-04-12,30,2026-04-12T13:30:00Z,2026-04-13T14:14:34Z,5.421680746889274261,5.421680746889274261,False,N,0.000000000000000000,-44.813813117127430985,0.00,0.00,8.138143688888888505,1.000000000000000000,2683.547872993983673950,-2764.223123888888949296,0.000000000000000000,36.000999999999997669,2683.547872993983673950,-2763.223123888888949296,,36.000999999999997669
2026-04-12,31,2026-04-12T14:00:00Z,2026-04-13T14:44:33Z,24.070000000000000284,24.070000000000000284,False,N,0.000000000000000000,-691.958335308640243966,0.00,0.00,24.070000000000000284,0.250000000000000000,2464.653683046060450579,-3164.326265899470854492,0.000000000000000000,7.799999999999999822,2464.653683046060450579,-3163.326265899470854492,,7.799999999999999822
2026-04-12,32,2026-04-12T14:30:00Z,2026-04-13T15:14:34Z,14.585173763593633822,14.585173763593633822,False,N,0.000000000000000000,-679.544102908666673102,0.00,0.00,16.410651224166667106,1.000000000000000000,2541.489143933925788588,-3274.106221997538796131,0.000000000000000000,52.878999999999997783,2541.489143933925788588,-3273.106221997538796131,,52.878999999999997783
2026-04-12,33,2026-04-12T15:00:00Z,2026-04-13T15:44:34Z,20.000000000000000000,20.000000000000000000,False,N,0.000000000000000000,-327.913984302768312773,0.00,0.00,20.000000000000000000,1.000000000000000000,2842.120399314956557646,-3176.205341271722318197,0.000000000000000000,6.320999999999999730,2842.120399314956557646,-3175.205341271722318197,,6.320999999999999730
2026-04-12,34,2026-04-12T15:30:00Z,2026-04-13T16:14:37Z,117.000000000000000000,117.000000000000000000,False,P,0.000000000000000000,98.487084254650696380,0.00,0.00,,,2900.957692720259274211,-2802.261027298310636979,0.000000000000000000,0.000000000000000000,2899.957692720259274211,-2802.261027298310636979,,
2026-04-12,35,2026-04-12T16:00:00Z,2026-04-13T16:44:38Z,121.500000000000000000,121.500000000000000000,False,P,0.000000000000000000,175.789111203703697583,0.00,0.00,,,2760.486021898148010223,-2626.851575925925772026,0.000000000000000000,42.595999999999996533,2759.486021898148010223,-2626.851575925925772026,,42.595999999999996533
2026-04-12,36,2026-04-12T16:30:00Z,2026-04-13T17:14:38Z,139.500000000000000000,139.500000000000000000,False,P,0.000000000000000000,857.448860302438788494,0.00,0.00,,,3424.729526274661111529,-2705.791371527777755546,0.000000000000000000,138.387000000000000455,3423.729526274661111529,-2705.791371527777755546,,138.387000000000000455
2026-04-12,37,2026-04-12T17:00:00Z,2026-04-13T17:44:34Z,142.449999999999988631,142.449999999999988631,False,P,0.000000000000000000,500.966352232576582537,0.00,0.00,,,3275.940130010354550905,-2804.695332910599972820,0.000000000000000000,29.579000000000000625,3274.940130010354550905,-2804.695332910599972820,,29.579000000000000625
2026-04-12,38,2026-04-12T17:30:00Z,2026-04-13T18:14:37Z,139.500000000000000000,139.500000000000000000,False,P,0.000000000000000000,318.504990580476373907,0.00,0.00,,,3105.247939102970121894,-2915.093394322057974932,0.000000000000000000,129.000000000000000000,3104.247939102970121894,-2915.093394322057974932,,129.000000000000000000
2026-04-12,39,2026-04-12T18:00:00Z,2026-04-13T18:44:36Z,142.449999999999988631,142.449999999999988631,False,P,0.000000000000000000,542.189630631720433485,0.00,0.00,,,2871.766013687275972188,-2858.748126307554230152,0.000000000000000000,529.000000000000000000,2870.766013687275972188,-2858.748126307554230152,,529.000000000000000000
2026-04-12,40,2026-04-12T18:30:00Z,2026-04-13T19:14:36Z,143.990000000000009095,143.990000000000009095,False,P,0.000000000000000000,1005.013750664025678816,0.00,0.00,,,3194.667753441803597525,-2718.892154859931906685,0.000000000000000000,529.000000000000000000,3193.667753441803597525,-2718.892154859931906685,,529.000000000000000000
2026-04-12,41,2026-04-12T19:00:00Z,2026-04-13T19:44:34Z,142.449999999999988631,142.449999999999988631,False,P,0.000000000000000000,404.951359099629314642,0.00,0.00,,,2918.554650766296163056,-2623.795995853030490252,0.000000000000000000,110.254000000000004889,2917.554650766296163056,-2623.795995853030490252,,110.254000000000004889
2026-04-12,42,2026-04-12T19:30:00Z,2026-04-13T20:14:37Z,142.449999999999988631,142.449999999999988631,False,P,0.000000000000000000,338.262844487179506814,0.00,0.00,,,2931.372733376068481448,-2620.777222222222007986,0.000000000000000000,27.583999999999999631,2930.372733376068481448,-2620.777222222222007986,,27.583999999999999631
2026-04-12,43,2026-04-12T20:00:00Z,2026-04-13T20:44:37Z,96.829999999999998295,96.829999999999998295,False,N,0.000000000000000000,-17.498307092257416429,0.00,0.00,,,2649.876358741075819125,-2688.334528161220077891,0.000000000000000000,21.516999999999999460,2649.876358741075819125,-2687.334528161220077891,,21.516999999999999460
2026-04-12,44,2026-04-12T20:30:00Z,2026-04-13T21:15:06Z,119.590000000000003411,119.590000000000003411,False,N,0.000000000000000000,-229.803031037326377373,0.00,0.00,119.590000000000003411,0.000000000000000000,2266.838635629340387823,-2496.646130312500190485,0.000000000000000000,0.000000000000000000,2266.838635629340387823,-2495.646130312500190485,,
2026-04-12,45,2026-04-12T21:00:00Z,2026-04-13T21:44:36Z,73.245244429806504627,73.245244429806504627,False,N,0.000000000000000000,-150.097375750891274038,0.00,0.00,73.627941347222218837,1.000000000000000000,2292.477920360219741269,-2492.913277442810340290,0.000000000000000000,50.219999999999998863,2292.477920360219741269,-2491.913277442810340290,,50.219999999999998863
2026-04-12,46,2026-04-12T21:30:00Z,2026-04-13T22:14:37Z,122.180000000000006821,122.180000000000006821,False,P,0.000000000000000000,40.698173461870254641,0.00,0.00,,,2405.352804711870248866,-2377.462287559523701930,0.000000000000000000,12.996999999999999886,2404.352804711870248866,-2377.462287559523701930,,12.996999999999999886
2026-04-12,47,2026-04-12T22:00:00Z,2026-04-13T22:44:37Z,107.480000000000003979,107.480000000000003979,False,N,0.000000000000000000,-48.760093552973074793,0.00,0.00,107.480000000000003979,0.000000000000000000,2208.264635035789524409,-2256.766910798266053462,0.000000000000000000,0.000000000000000000,2208.264635035789524409,-2255.766910798266053462,,
2026-04-12,48,2026-04-12T22:30:00Z,2026-04-13T23:14:33Z,104.510000000000005116,104.510000000000005116,False,N,0.000000000000000000,-244.108714587542095842,0.00,0.00,104.510000000000005116,0.000000000000000000,2025.263827499999933934,-2269.364689948652994644,0.000000000000000000,0.000000000000000000,2025.263827499999933934,-2268.364689948652994644,,
2026-04-13,1,2026-04-12T23:00:00Z,2026-04-13T23:44:34Z,111.900000000000005684,111.900000000000005684,False,P,0.000000000000000000,51.753656310187210465,0.00,0.00,,,2146.003100754631759628,-2159.388596655982837547,0.000000000000000000,65.219999999999998863,2145.003100754631759628,-2159.388596655982837547,,65.219999999999998863
2026-04-13,2,2026-04-12T23:30:00Z,2026-04-14T00:14:35Z,111.900000000000005684,111.900000000000005684,False,P,0.000000000000000000,84.741489237689393121,0.00,0.00,,,2063.284269793245130131,-2039.264101403093491172,0.000000000000000000,60.780000000000001137,2062.284269793245130131,-2039.264101403093491172,,60.780000000000001137
2026-04-13,3,2026-04-13T00:00:00Z,2026-04-14T00:44:32Z,111.900000000000005684,111.900000000000005684,False,P,0.000000000000000000,61.833986573275865339,0.00,0.00,,,1855.203610878831341324,-1793.117185833333223854,0.000000000000000000,0.000000000000000000,1854.203610878831341324,-1793.117185833333223854,,
2026-04-13,4,2026-04-13T00:30:00Z,2026-04-14T01:14:42Z,117.900000000000005684,117.900000000000005684,False,P,0.000000000000000000,157.696855012820520869,0.00,0.00,,,1860.308243901709374768,-1702.125006722222224198,0.000000000000000000,0.000000000000000000,1859.308243901709374768,-1702.125006722222224198,,
2026-04-13,5,2026-04-13T01:00:00Z,2026-04-14T01:44:34Z,127.000000000000000000,127.000000000000000000,False,P,0.000000000000000000,224.046859009615388914,0.00,0.00,,,1883.876927898504163750,-1660.563562513888882677,0.000000000000000000,1.070000000000000062,1882.876927898504163750,-1660.563562513888882677,,1.070000000000000062
2026-04-13,6,2026-04-13T01:30:00Z,2026-04-14T02:15:31Z,127.000000000000000000,127.000000000000000000,False,P,0.000000000000000000,353.882048718554869993,0.00,0.00,,,1897.944213718554919978,-1600.520018265473481733,0.000000000000000000,56.500000000000000000,1896.944213718554919978,-1600.520018265473481733,,56.500000000000000000
2026-04-13,7,2026-04-13T02:00:00Z,2026-04-14T02:44:33Z,127.000000000000000000,127.000000000000000000,False,P,0.000000000000000000,253.090572241276731802,0.00,0.00,,,1580.770763074610158583,-1439.582013769054583463,0.000000000000000000,111.945999999999997954,1579.770763074610158583,-1439.582013769054583463,,111.945999999999997954
2026-04-13,8,2026-04-13T02:30:00Z,2026-04-14T03:14:34Z,127.000000000000000000,127.000000000000000000,False,P,0.000000000000000000,358.165244109401101014,0.00,0.00,,,1639.484577442734462238,-1290.196240655384826823,0.000000000000000000,8.833999999999999631,1638.484577442734462238,-1290.196240655384826823,,8.833999999999999631
2026-04-13,9,2026-04-13T03:00:00Z,2026-04-14T03:44:28Z,127.000000000000000000,127.000000000000000000,False,P,0.000000000000000000,325.786229580147221441,0.00,0.00,,,1482.681947016044659904,-1157.031242415542237723,0.000000000000000000,0.000000000000000000,1481.681947016044659904,-1157.031242415542237723,,
2026-04-13,10,2026-04-13T03:30:00Z,2026-04-14T04:14:31Z,127.400000000000005684,127.400000000000005684,False,P,0.000000000000000000,432.517602979193952706,0.00,0.00,,,1417.675990525490306027,-1063.637183066840634638,0.000000000000000000,78.834000000000003183,1416.675990525490306027,-1063.637183066840634638,,78.834000000000003183
2026-04-13,11,2026-04-13T04:00:00Z,2026-04-14T04:44:29Z,146.639999999999986358,146.639999999999986358,False,P,0.000000000000000000,543.085107024487228955,0.00,0.00,,,1365.899537128653946638,-967.385405599441014601,0.000000000000000000,144.544999999999987494,1364.899537128653946638,-967.385405599441014601,,144.544999999999987494
2026-04-13,12,2026-04-13T04:30:00Z,2026-04-14T05:14:29Z,147.000000000000000000,147.000000000000000000,False,P,0.000000000000000000,335.414775996969694916,0.00,0.00,,,1132.999299806493581855,-966.626495174413662426,0.000000000000000000,169.000000000000000000,1132.999299806493581855,-966.626495174413662426,,168.000000000000000000
2026-04-13,13,2026-04-13T05:00:00Z,2026-04-14T05:44:38Z,160.000000000000000000,160.000000000000000000,False,P,0.000000000000000000,362.900080761847789290,0.00,0.00,,,1110.876754761847905684,-928.445611954191008408,0.000000000000000000,180.752999999999985903,1109.876754761847905684,-928.445611954191008408,,180.752999999999985903
2026-04-13,14,2026-04-13T05:30:00Z,2026-04-14T06:14:29Z,175.330000000000012506,175.330000000000012506,False,P,0.000000000000000000,1046.985700032290196759,0.00,0.00,,,1615.966084198956878026,-783.991007807922073880,0.000000000000000000,214.780000000000001137,1614.966084198956878026,-783.991007807922073880,,214.780000000000001137
2026-04-13,15,2026-04-13T06:00:00Z,2026-04-14T06:44:32Z,177.219999999999998863,177.219999999999998863,False,P,0.000000000000000000,916.700676162800959901,0.00,0.00,,,1448.584634994175985412,-836.934580893796351120,0.000000000000000000,305.427999999999997272,1447.584634994175985412,-836.934580893796351120,,305.427999999999997272
2026-04-13,16,2026-04-13T06:30:00Z,2026-04-14T07:14:30Z,199.099999999999994316,199.099999999999994316,False,P,0.000000000000000000,1215.162542975434007531,0.00,0.00,,,1536.374774336858763490,-711.165872777777735791,0.000000000000000000,389.836000000000012733,1535.374774336858763490,-711.165872777777735791,,389.836000000000012733
2026-04-13,17,2026-04-13T07:00:00Z,2026-04-14T07:44:29Z,215.319999999999993179,215.319999999999993179,False,P,0.000000000000000000,856.178534966475126566,0.00,0.00,,,1158.449901772030671054,-564.060380416666703240,0.000000000000000000,261.665999999999996817,1157.449901772030671054,-564.060380416666703240,,261.665999999999996817
2026-04-13,18,2026-04-13T07:30:00Z,2026-04-14T08:14:30Z,179.912604428658852385,179.912604428658852385,False,P,0.000000000000000000,185.851702996031747261,0.00,0.00,,,609.629623690476137199,-498.455459674846565576,0.000000000000000000,74.191000000000002501,608.629623690476137199,-498.455459674846565576,,74.191000000000002501
2026-04-13,19,2026-04-13T08:00:00Z,2026-04-14T08:44:31Z,80.000000000000000000,80.000000000000000000,False,N,0.000000000000000000,-314.745004523809541297,0.00,0.00,80.000000000000000000,1.000000000000000000,101.758397698412693444,-524.523403809523756536,0.000000000000000000,107.932000000000002160,101.758397698412693444,-523.523403809523756536,,107.932000000000002160
2026-04-13,20,2026-04-13T08:30:00Z,2026-04-14T09:14:23Z,40.880000000000002558,40.880000000000002558,False,N,0.000000000000000000,-370.150713194444449528,0.00,0.00,40.880000000000002558,1.000000000000000000,69.028939861111112464,-438.948667638888878173,0.000000000000000000,0.000000000000000000,69.028939861111112464,-437.948667638888878173,,
2026-04-13,21,2026-04-13T09:00:00Z,2026-04-14T09:44:30Z,91.909999999999996589,91.909999999999996589,False,N,0.000000000000000000,-51.263400555555556082,0.00,0.00,,,266.206304444444469937,-317.772063429989430006,0.000000000000000000,0.000000000000000000,266.206304444444469937,-316.772063429989430006,,
2026-04-13,22,2026-04-13T09:30:00Z,2026-04-14T10:14:29Z,87.120000000000004547,87.120000000000004547,False,N,0.000000000000000000,-91.916964285714286120,0.00,0.00,,,238.000000000000000000,-330.383630952380940471,0.000000000000000000,0.000000000000000000,238.000000000000000000,-329.383630952380940471,,
2026-04-13,23,2026-04-13T10:00:00Z,2026-04-14T10:44:27Z,97.299999999999997158,97.299999999999997158,False,P,0.000000000000000000,5.056944444444444464,0.00,0.00,97.299999999999997158,0.000000000000000000,238.000000000000000000,-233.318055555555559977,0.000000000000000000,0.000000000000000000,237.000000000000000000,-233.318055555555559977,,
2026-04-13,24,2026-04-13T10:30:00Z,2026-04-14T11:14:25Z,94.049999999999997158,94.049999999999997158,False,N,0.000000000000000000,-62.794441666666664048,0.00,0.00,,,251.450001111111106411,-314.689680873015845464,0.000000000000000000,0.000000000000000000,251.450001111111106411,-313.689680873015845464,,
2026-04-13,25,2026-04-13T11:00:00Z,2026-04-14T11:44:31Z,89.780000000000001137,89.780000000000001137,False,N,0.000000000000000000,-130.024499173280418063,0.00,0.00,,,238.000000000000000000,-368.596544312169328350,0.000000000000000000,0.000000000000000000,238.000000000000000000,-367.596544312169328350,,
2026-04-13,26,2026-04-13T11:30:00Z,2026-04-14T12:15:12Z,88.819999999999993179,88.819999999999993179,False,N,0.000000000000000000,-44.194870000000001653,0.00,0.00,,,238.000000833333331229,-282.987498333333348910,0.000000000000000000,0.000000000000000000,238.000000833333331229,-281.987498333333348910,,
2026-04-13,27,2026-04-13T12:00:00Z,2026-04-14T12:47:43Z,98.079999999999998295,98.079999999999998295,False,P,0.000000000000000000,8.412499999999999645,0.00,0.00,98.079999999999998295,0.000000000000000000,238.000000000000000000,-230.020833333333342807,0.000000000000000000,0.000000000000000000,237.000000000000000000,-230.020833333333342807,,
2026-04-13,28,2026-04-13T12:30:00Z,2026-04-14T13:14:33Z,85.750000000000000000,85.750000000000000000,False,N,0.000000000000000000,-166.362478956228954985,0.00,0.00,,,238.000000000000000000,-404.470812289562275055,0.000000000000000000,0.000000000000000000,238.000000000000000000,-403.470812289562275055,,
2026-04-13,29,2026-04-13T13:00:00Z,2026-04-14T13:44:34Z,121.450000000000002842,121.450000000000002842,False,P,0.000000000000000000,173.503373394360266957,0.00,0.00,121.450000000000002842,1.000000000000000000,280.774990972222212804,-107.214950911195288086,0.000000000000000000,0.000000000000000000,279.774990972222212804,-107.214950911195288086,,
2026-04-13,30,2026-04-13T13:30:00Z,2026-04-14T14:14:48Z,122.890362316118853414,122.890362316118853414,False,P,0.000000000000000000,13.976060284391534694,0.00,0.00,,,276.566668472222204400,-262.757273048941783600,0.000000000000000000,0.000000000000000000,275.566668472222204400,-262.757273048941783600,,
2026-04-13,31,2026-04-13T14:00:00Z,2026-04-14T14:44:53Z,85.750000000000000000,85.750000000000000000,False,N,0.000000000000000000,-454.243599470660399220,0.00,0.00,,,264.297290835097669515,-718.639432803993713605,0.000000000000000000,0.000000000000000000,264.297290835097669515,-717.639432803993713605,,
2026-04-13,32,2026-04-13T14:30:00Z,2026-04-14T15:14:36Z,85.750000000000000000,85.750000000000000000,False,N,0.000000000000000000,-457.568467087337921839,0.00,0.00,,,307.201745593434338844,-764.769855976226835992,0.000000000000000000,0.000000000000000000,307.201745593434338844,-763.769855976226835992,,
2026-04-13,33,2026-04-13T15:00:00Z,2026-04-14T15:44:31Z,85.780000000000001137,85.780000000000001137,False,N,0.000000000000000000,-212.087438559265820004,0.00,0.00,,,381.680586614583319260,-593.900771892599095736,0.000000000000000000,0.000000000000000000,381.680586614583319260,-592.900771892599095736,,
2026-04-13,34,2026-04-13T15:30:00Z,2026-04-14T16:14:44Z,85.780000000000001137,85.780000000000001137,False,N,0.000000000000000000,-280.341268234913059132,0.00,0.00,,,450.805885923202595222,-732.142831884836937206,0.000000000000000000,0.000000000000000000,450.805885923202595222,-731.142831884836937206,,
2026-04-13,35,2026-04-13T16:00:00Z,2026-04-14T16:44:43Z,85.780000000000001137,85.780000000000001137,False,N,0.000000000000000000,-136.453334861111102327,0.00,0.00,85.780000000000001137,1.000000000000000000,535.944345694444450601,-672.356013888888924157,0.000000000000000000,0.000000000000000000,535.944345694444450601,-671.356013888888924157,,
2026-04-13,36,2026-04-13T16:30:00Z,2026-04-14T17:14:31Z,120.450000000000002842,120.450000000000002842,False,N,0.000000000000000000,-56.026076388888888857,0.00,0.00,120.450000000000002842,0.000000000000000000,466.145795833333352221,-521.524233333333313567,0.000000000000000000,0.000000000000000000,466.145795833333352221,-520.524233333333313567,,
2026-04-13,37,2026-04-13T17:00:00Z,2026-04-14T17:44:31Z,121.620000000000004547,121.620000000000004547,False,N,0.000000000000000000,-176.676153510384210676,0.00,0.00,121.620000000000004547,0.000000000000000000,552.729686701453829301,-728.781240694444477413,0.000000000000000000,0.000000000000000000,552.729686701453829301,-727.781240694444477413,,
2026-04-13,38,2026-04-13T17:30:00Z,2026-04-14T18:14:30Z,103.420000000000001705,103.420000000000001705,False,N,0.000000000000000000,-230.212283981481476758,0.00,0.00,103.420000000000001705,0.345869027777777782,668.089140601851795509,-897.847478852885842571,0.000000000000000000,0.000000000000000000,668.089140601851795509,-896.847478852885842571,,
2026-04-13,39,2026-04-13T18:00:00Z,2026-04-14T18:44:34Z,117.109999999999999432,117.109999999999999432,False,N,0.000000000000000000,-85.782326388888890278,0.00,0.00,117.109999999999999432,0.000000000000000000,580.044272803018543527,-665.277599305555554565,0.000000000000000000,0.000000000000000000,580.044272803018543527,-664.277599305555554565,,
2026-04-13,40,2026-04-13T18:30:00Z,2026-04-14T19:14:33Z,140.000000000000000000,140.000000000000000000,False,P,0.000000000000000000,101.596412916666665183,0.00,0.00,,,771.113024305555541105,-735.785939444444466062,0.000000000000000000,66.332999999999998408,770.113024305555541105,-735.785939444444466062,,66.332999999999998408
2026-04-13,41,2026-04-13T19:00:00Z,2026-04-14T19:44:35Z,131.650000000000005684,131.650000000000005684,False,P,0.000000000000000000,56.366057777777776039,0.00,0.00,,,788.323931249999986903,-731.485029027777727606,0.000000000000000000,0.000000000000000000,787.323931249999986903,-731.485029027777727606,,
2026-04-13,42,2026-04-13T19:30:00Z,2026-04-14T20:14:33Z,98.047983436191969986,98.047983436191969986,False,N,0.000000000000000000,-47.887656111111112978,0.00,0.00,98.515749999999997044,1.000000000000000000,577.612334722210675864,-624.881773935173555401,0.000000000000000000,0.000000000000000000,577.612334722210675864,-623.881773935173555401,,
2026-04-13,43,2026-04-13T20:00:00Z,2026-04-14T20:44:33Z,85.799999999999997158,85.799999999999997158,False,N,0.000000000000000000,-77.860129991830064000,0.00,0.00,85.799999999999997158,1.000000000000000000,560.398203758169984212,-637.842655964052255513,0.000000000000000000,0.000000000000000000,560.398203758169984212,-636.842655964052255513,,
2026-04-13,44,2026-04-13T20:30:00Z,2026-04-14T21:14:37Z,85.799999999999997158,85.799999999999997158,False,N,0.000000000000000000,-96.245529217194444982,0.00,0.00,85.799999999999997158,1.000000000000000000,477.832080227250003190,-573.348752449472272019,0.000000000000000000,0.000000000000000000,477.832080227250003190,-572.348752449472272019,,
2026-04-13,45,2026-04-13T21:00:00Z,2026-04-14T21:44:32Z,121.599999999999994316,121.599999999999994316,False,P,0.000000000000000000,12.933609722222222160,0.00,0.00,,,495.637221041666691690,-512.616390277777782103,0.000000000000000000,30.199999999999999289,494.637221041666691690,-512.616390277777782103,,30.199999999999999289
2026-04-13,46,2026-04-13T21:30:00Z,2026-04-14T22:14:34Z,129.990000000000009095,129.990000000000009095,False,P,0.000000000000000000,456.683072798333341780,0.00,0.00,,,851.327543631666685542,-394.021725784444470264,0.000000000000000000,0.000000000000000000,850.327543631666685542,-394.021725784444470264,,
2026-04-13,47,2026-04-13T22:00:00Z,2026-04-14T22:44:41Z,118.000000000000000000,118.000000000000000000,False,P,0.000000000000000000,3.607290138888888720,0.00,0.00,,,444.624998472222216606,-440.601041666666674246,0.000000000000000000,0.000000000000000000,443.624998472222216606,-440.601041666666674246,,
2026-04-13,48,2026-04-13T22:30:00Z,2026-04-14T23:14:33Z,89.349999999999994316,89.349999999999994316,False,N,0.000000000000000000,-25.537500000000001421,0.00,0.00,,,439.695833333333325754,-465.329166666666651508,0.000000000000000000,0.000000000000000000,439.695833333333325754,-464.329166666666651508,,
2026-04-14,1,2026-04-13T23:00:00Z,2026-04-14T23:44:36Z,99.340000000000003411,99.340000000000003411,False,P,0.000000000000000000,98.756971153846151878,0.00,0.00,99.340000000000003411,0.000000000000000000,438.000000000000000000,-339.276362179487193771,0.000000000000000000,0.000000000000000000,437.000000000000000000,-339.276362179487193771,,
2026-04-14,2,2026-04-13T23:30:00Z,2026-04-15T00:14:31Z,98.329999999999998295,98.329999999999998295,False,P,0.000000000000000000,20.592498611111111018,0.00,0.00,98.329999999999998295,0.000000000000000000,438.000000000000000000,-417.532501388888874772,0.000000000000000000,0.000000000000000000,437.000000000000000000,-417.532501388888874772,,
2026-04-14,3,2026-04-14T00:00:00Z,2026-04-15T00:44:32Z,88.650000000000005684,88.650000000000005684,False,N,0.000000000000000000,-60.138198750000000814,0.00,0.00,,,438.000000000000000000,-498.238198749999980919,0.000000000000000000,0.000000000000000000,438.000000000000000000,-497.238198749999980919,,
2026-04-14,4,2026-04-14T00:30:00Z,2026-04-15T01:14:53Z,90.659999999999996589,90.659999999999996589,False,N,0.000000000000000000,-50.083888888888886015,0.00,0.00,,,432.444444444444457076,-482.528333333333307564,0.000000000000000000,0.000000000000000000,432.444444444444457076,-481.528333333333307564,,
2026-04-14,5,2026-04-14T01:00:00Z,2026-04-15T01:44:32Z,82.120000000000004547,82.120000000000004547,False,N,0.000000000000000000,-235.320278888888879010,0.00,0.00,,,260.222222222222228538,-495.567501111111084811,0.000000000000000000,0.000000000000000000,260.222222222222228538,-494.567501111111084811,,
2026-04-14,6,2026-04-14T01:30:00Z,2026-04-15T02:17:00Z,82.120000000000004547,82.120000000000004547,False,N,0.000000000000000000,-148.777173913043469611,0.00,0.00,,,239.197222222222222854,-387.791062801932355342,0.000000000000000000,0.000000000000000000,239.197222222222222854,-386.791062801932355342,,
2026-04-14,7,2026-04-14T02:00:00Z,2026-04-15T02:44:50Z,124.310250335578643899,124.310250335578643899,False,P,0.000000000000000000,201.088283017890404381,0.00,0.00,124.121416666666661399,1.000000000000000000,424.912309336328405607,-224.361845966494797722,0.000000000000000000,0.000000000000000000,423.912309336328405607,-224.361845966494797722,,
2026-04-14,8,2026-04-14T02:30:00Z,2026-04-15T03:14:50Z,105.010000000000005116,105.010000000000005116,False,P,0.000000000000000000,0.687051466049382720,0.00,0.00,,,340.307016743827148275,-339.769965277777771462,0.000000000000000000,0.000000000000000000,339.619965277777794199,-339.769965277777771462,,
2026-04-14,9,2026-04-14T03:00:00Z,2026-04-15T03:44:31Z,81.250000000000000000,81.250000000000000000,False,N,0.000000000000000000,-34.502777777777779988,0.00,0.00,,,238.000000000000000000,-273.222222222222228538,0.000000000000000000,0.000000000000000000,238.000000000000000000,-272.222222222222228538,,
2026-04-14,10,2026-04-14T03:30:00Z,2026-04-15T04:14:44Z,90.620676997422336285,90.620676997422336285,False,N,0.000000000000000000,-68.216666666666668561,0.00,0.00,,,242.599999999999994316,-310.800000000000011369,0.000000000000000000,0.000000000000000000,242.599999999999994316,-309.800000000000011369,,
2026-04-14,11,2026-04-14T04:00:00Z,2026-04-15T04:44:48Z,142.560000000000002274,142.560000000000002274,False,P,0.000000000000000000,154.606565656565663858,0.00,0.00,,,499.027777777777771462,-344.265656565656570365,0.000000000000000000,0.000000000000000000,498.027777777777771462,-344.265656565656570365,,
2026-04-14,12,2026-04-14T04:30:00Z,2026-04-15T05:14:31Z,137.610000000000013642,137.610000000000013642,False,P,0.000000000000000000,58.533870211640213199,0.00,0.00,,,452.616674444444470282,-393.899470899470884433,0.000000000000000000,0.000000000000000000,451.616674444444470282,-393.899470899470884433,,
2026-04-14,13,2026-04-14T05:00:00Z,2026-04-15T05:44:30Z,144.500000000000000000,144.500000000000000000,False,P,0.000000000000000000,65.432454838681849196,0.00,0.00,,,496.933681026570070571,-431.163839285714288962,0.000000000000000000,0.000000000000000000,495.933681026570070571,-431.163839285714288962,,
2026-04-14,14,2026-04-14T05:30:00Z,2026-04-15T06:14:33Z,157.500000000000000000,157.500000000000000000,False,P,0.000000000000000000,421.693348696581210788,0.00,0.00,,,765.586502068194477033,-343.926035377488233280,0.000000000000000000,0.000000000000000000,764.586502068194477033,-343.926035377488233280,,
2026-04-14,15,2026-04-14T06:00:00Z,2026-04-15T06:44:31Z,144.500000000000000000,144.500000000000000000,False,P,0.000000000000000000,118.324127711840631605,0.00,0.00,,,513.057257037381191367,-394.326663540363938409,0.000000000000000000,0.000000000000000000,512.057257037381191367,-394.326663540363938409,,
2026-04-14,16,2026-04-14T06:30:00Z,2026-04-15T07:14:29Z,146.900000000000005684,146.900000000000005684,False,P,0.000000000000000000,303.995185185185164300,0.00,0.00,,,541.505185185185155206,-238.191666666666662877,0.000000000000000000,0.000000000000000000,540.505185185185155206,-238.191666666666662877,,
2026-04-14,17,2026-04-14T07:00:00Z,2026-04-15T07:44:35Z,95.400000000000005684,95.400000000000005684,False,N,0.000000000000000000,-58.643496435185184623,0.00,0.00,,,357.125852731481472802,-415.975619027777781866,0.000000000000000000,0.000000000000000000,357.125852731481472802,-414.975619027777781866,,
2026-04-14,18,2026-04-14T07:30:00Z,2026-04-15T08:14:39Z,144.500000000000000000,144.500000000000000000,False,P,0.000000000000000000,17.811515555555555324,0.00,0.00,,,355.008584374999998090,-337.664493611111083737,0.000000000000000000,0.000000000000000000,354.008584374999998090,-337.664493611111083737,,
2026-04-14,19,2026-04-14T08:00:00Z,2026-04-15T08:44:31Z,83.230000000000003979,83.230000000000003979,False,N,0.000000000000000000,-264.751812259259281745,0.00,0.00,,,432.675569111111087750,-697.707619727159681133,0.000000000000000000,0.000000000000000000,432.675569111111087750,-696.707619727159681133,,
2026-04-14,20,2026-04-14T08:30:00Z,2026-04-15T09:14:37Z,82.260000000000005116,82.260000000000005116,False,N,0.000000000000000000,-180.835287096765540582,0.00,0.00,,,662.684254267676806194,-843.831901861743631343,0.000000000000000000,0.000000000000000000,662.684254267676806194,-842.831901861743631343,,
2026-04-14,21,2026-04-14T09:00:00Z,2026-04-15T09:44:31Z,83.239999999999994884,83.239999999999994884,False,N,0.000000000000000000,-145.580809568903305262,0.00,0.00,,,852.486496388888895126,-998.349004013347780528,0.000000000000000000,0.000000000000000000,852.486496388888895126,-997.349004013347780528,,
2026-04-14,22,2026-04-14T09:30:00Z,2026-04-15T10:14:35Z,81.140000000000000568,81.140000000000000568,False,N,0.000000000000000000,-672.333066717171732307,0.00,0.00,,,896.007802777777783376,-1293.429276300505080144,-275.000000000000000000,0.000000000000000000,896.007802777777783376,-1293.429276300505080144,-274.000000000000000000,
2026-04-14,23,2026-04-14T10:00:00Z,2026-04-15T10:44:53Z,80.000000000000000000,80.000000000000000000,False,N,0.000000000000000000,-331.298871918498150535,0.00,0.00,,,876.067826666666633173,-882.940135397664789707,-325.009999999999990905,0.000000000000000000,876.067826666666633173,-881.940135397664789707,-325.009999999999990905,
2026-04-14,24,2026-04-14T10:30:00Z,2026-04-15T11:15:29Z,80.000000000000000000,80.000000000000000000,False,N,0.000000000000000000,-426.273616414532909857,0.00,0.00,,,888.622991607147014292,-989.756955997866270991,-325.009999999999990905,0.000000000000000000,888.622991607147014292,-988.756955997866270991,-325.009999999999990905,
2026-04-14,25,2026-04-14T11:00:00Z,2026-04-15T11:44:52Z,61.740000000000001990,61.740000000000001990,False,N,0.000000000000000000,-327.110085814565991313,0.00,0.00,,,893.503146065709415780,-845.372861411226381279,-375.024999999999977263,0.000000000000000000,893.503146065709415780,-844.372861411226381279,-375.024999999999977263,
2026-04-14,26,2026-04-14T11:30:00Z,2026-04-15T12:14:39Z,63.450000000000002842,63.450000000000002842,False,N,0.000000000000000000,-168.256402503142282967,0.00,0.00,,,891.503819489379111474,-684.860916392031185751,-375.024999999999977263,0.000000000000000000,891.503819489379111474,-684.860916392031185751,-374.024999999999977263,
2026-04-14,27,2026-04-14T12:00:00Z,2026-04-15T12:45:19Z,50.009999999999998010,50.009999999999998010,False,N,0.000000000000000000,-488.786780306275829844,0.00,0.00,,,899.559058130455355240,-987.875727964227280609,-400.045000000000015916,0.000000000000000000,899.559058130455355240,-986.875727964227280609,-400.045000000000015916,
2026-04-14,28,2026-04-14T12:30:00Z,2026-04-15T13:14:40Z,40.950000000000002842,40.950000000000002842,False,N,0.000000000000000000,-756.286671186946364287,0.00,0.00,,,775.241446672564393339,-1131.411678193272791759,-400.045000000000015916,0.000000000000000000,775.241446672564393339,-1131.411678193272791759,-399.045000000000015916,
2026-04-14,29,2026-04-14T13:00:00Z,2026-04-15T13:44:51Z,55.340000000000003411,55.340000000000003411,False,N,0.000000000000000000,-331.405112828057383467,0.00,0.00,,,807.832982410037857335,-739.238123102678628129,-400.050000000000011369,0.000000000000000000,807.832982410037857335,-739.238123102678628129,-399.050000000000011369,
2026-04-14,30,2026-04-14T13:30:00Z,2026-04-15T14:14:27Z,71.010000000000005116,71.010000000000005116,False,N,0.000000000000000000,-384.506144158684548984,0.00,0.00,71.010000000000005116,0.000000000000000000,1009.316991481996410585,-993.708350416666689853,-400.045000000000015916,0.000000000000000000,1009.316991481996410585,-993.705793023635919781,-399.047557393030729145,
2026-04-14,31,2026-04-14T14:00:00Z,2026-04-15T14:44:56Z,105.000000000000000000,105.000000000000000000,False,P,0.000000000000000000,90.340688255911388183,0.00,0.00,,,1285.041191726447323163,-1019.717127515342326660,-175.039999999999992042,0.000000000000000000,1284.041191726447323163,-1019.717127515342326660,-175.039999999999992042,
2026-04-14,32,2026-04-14T14:30:00Z,2026-04-15T15:14:30Z,89.549999999999997158,89.549999999999997158,False,N,0.000000000000000000,-5.891926758087200788,0.00,0.00,89.549999999999997158,0.000000000000000000,1516.201336297468287739,-1346.799309722222233177,-175.030000000000001137,0.000000000000000000,1516.201336297468287739,-1346.799309722222233177,-174.030000000000001137,
2026-04-14,33,2026-04-14T15:00:00Z,2026-04-15T15:44:33Z,97.280000000000001137,97.280000000000001137,False,N,0.000000000000000000,-103.747921003086418068,0.00,0.00,97.280000000000001137,0.000000000000000000,1597.292748719135715874,-1700.852694444444523469,0.000000000000000000,0.000000000000000000,1597.292748719135715874,-1699.852694444444523469,,
2026-04-14,34,2026-04-14T15:30:00Z,2026-04-15T16:14:38Z,120.989999999999994884,120.989999999999994884,False,P,0.000000000000000000,33.974762552776411439,0.00,0.00,,,1912.404940330554154571,-1878.211098190092343430,0.000000000000000000,0.000000000000000000,1911.404940330554154571,-1878.211098190092343430,,
2026-04-14,35,2026-04-14T16:00:00Z,2026-04-15T16:44:27Z,119.840000000000003411,119.840000000000003411,False,P,0.000000000000000000,119.825091477263882211,0.00,0.00,,,2272.823989770874959504,-2197.548982965319282812,0.000000000000000000,45.149000000000000909,2271.823989770874959504,-2197.548982965319282812,,45.149000000000000909
2026-04-14,36,2026-04-14T16:30:00Z,2026-04-15T17:14:25Z,124.000000000000000000,124.000000000000000000,False,P,0.000000000000000000,302.531828697232640479,0.00,0.00,,,2494.693062835409364197,-2191.996084447065186396,0.000000000000000000,0.000000000000000000,2493.693062835409364197,-2191.996084447065186396,,
2026-04-14,37,2026-04-14T17:00:00Z,2026-04-15T17:44:30Z,124.000000000000000000,124.000000000000000000,False,P,0.000000000000000000,142.524755787027771703,0.00,0.00,,,2493.423339814805331116,-2350.795290555555766332,0.000000000000000000,0.000000000000000000,2492.423339814805331116,-2350.795290555555766332,,
2026-04-14,38,2026-04-14T17:30:00Z,2026-04-15T18:14:27Z,125.009783328508802924,125.009783328508802924,False,P,0.000000000000000000,221.694454444444431829,0.00,0.00,,,2553.352787777777848532,-2331.758333333333212067,0.000000000000000000,0.000000000000000000,2552.352787777777848532,-2331.758333333333212067,,
2026-04-14,39,2026-04-14T18:00:00Z,2026-04-15T18:44:29Z,124.000000000000000000,124.000000000000000000,False,P,0.000000000000000000,87.506880972222219839,0.00,0.00,,,2355.870563698597379698,-2478.456104074074119126,0.000000000000000000,210.000000000000000000,2354.870563698597379698,-2478.456104074074119126,,210.000000000000000000
2026-04-14,40,2026-04-14T18:30:00Z,2026-04-15T19:14:39Z,135.000000000000000000,135.000000000000000000,False,P,0.000000000000000000,500.201423333333309529,0.00,0.00,,,2772.247656527777962765,-2482.109328194444515248,0.000000000000000000,210.000000000000000000,2771.247656527777962765,-2482.109328194444515248,,210.000000000000000000
2026-04-14,41,2026-04-14T19:00:00Z,2026-04-15T19:44:30Z,135.000000000000000000,135.000000000000000000,False,P,0.000000000000000000,567.548576168229942596,0.00,0.00,,,2941.701350057118816039,-2545.759694515303635853,0.000000000000000000,171.816000000000002501,2940.701350057118816039,-2545.759694515303635853,,171.816000000000002501
2026-04-14,42,2026-04-14T19:30:00Z,2026-04-15T20:14:32Z,135.000000000000000000,135.000000000000000000,False,P,0.000000000000000000,403.125814475515483082,0.00,0.00,,,2780.784040463177461788,-2452.091418927637278102,0.000000000000000000,75.000000000000000000,2779.784040463177461788,-2452.091418927637278102,,75.000000000000000000
2026-04-14,43,2026-04-14T20:00:00Z,2026-04-15T20:44:40Z,139.979999999999989768,139.979999999999989768,False,P,0.000000000000000000,375.118437596568242043,0.00,0.00,,,2739.387854104485086282,-2363.873234226180557016,0.000000000000000000,0.000000000000000000,2738.387854104485086282,-2363.873234226180557016,,
2026-04-14,44,2026-04-14T20:30:00Z,2026-04-15T21:14:35Z,119.530000000000001137,119.530000000000001137,False,P,0.000000000000000000,32.561741495562642967,0.00,0.00,,,2139.892597235665562039,-2107.418854205851403094,-0.035000000000000003,0.000000000000000000,2138.892597235665562039,-2107.418854205851403094,-0.035000000000000003,
2026-04-14,45,2026-04-14T21:00:00Z,2026-04-15T21:44:33Z,97.719999999999998863,97.719999999999998863,False,N,0.000000000000000000,-82.751951946849445108,0.00,0.00,97.719999999999998863,0.000000000000000000,2049.032087524049984495,-2131.630813113576095930,-0.035000000000000003,0.000000000000000000,2049.032087524049984495,-2130.630813113576095930,-0.035000000000000003,
2026-04-14,46,2026-04-14T21:30:00Z,2026-04-15T22:14:42Z,119.500000000000000000,119.500000000000000000,False,P,0.000000000000000000,147.816910188672437698,0.00,0.00,,,2286.500114734126782423,-2138.128023440957349521,-1.018999999999999906,0.000000000000000000,2285.500114734126782423,-2138.128023440957349521,-1.018999999999999906,
2026-04-14,47,2026-04-14T22:00:00Z,2026-04-15T22:44:44Z,101.411785290413831717,101.411785290413831717,False,P,0.000000000000000000,93.534975241607384078,0.00,0.00,,,2303.806965140597185382,-2209.254601640087912529,-0.997999999999999998,0.000000000000000000,2302.806965140597185382,-2209.254601640087912529,-0.997999999999999998,
2026-04-14,48,2026-04-14T22:30:00Z,2026-04-15T23:14:37Z,73.939999999999997726,73.939999999999997726,False,N,0.000000000000000000,-124.528753234126980942,0.00,0.00,73.939999999999997726,0.000000000000000000,2286.862580099206297746,-2410.702375992063480226,-1.002999999999999892,0.000000000000000000,2286.862580099206297746,-2409.702375992063480226,-1.002999999999999892,
2026-04-15,1,2026-04-14T23:00:00Z,2026-04-15T23:44:35Z,70.627972840695179002,70.627972840695179002,False,N,0.000000000000000000,-97.548516397011042045,0.00,0.00,75.335106680555554703,1.000000000000000000,2440.953832214100202691,-2537.557474938271752762,-1.042999999999999927,0.000000000000000000,2440.953832214100202691,-2536.557474938271752762,-1.042999999999999927,
2026-04-15,2,2026-04-14T23:30:00Z,2026-04-16T00:14:34Z,53.469999999999998863,53.469999999999998863,False,N,0.000000000000000000,-92.991882678250107119,0.00,0.00,53.469999999999998863,0.108333333333333337,2373.131672877305391012,-2475.966114181286684470,-1.042999999999999927,11.900000000000000355,2373.131672877305391012,-2474.966114181286684470,-1.042999999999999927,11.900000000000000355
2026-04-15,3,2026-04-15T00:00:00Z,2026-04-16T00:44:43Z,58.000000000000000000,58.000000000000000000,False,N,0.000000000000000000,-24.013067281137338682,0.00,0.00,58.000000000000000000,1.000000000000000000,2407.718559593862664769,-2442.101606469640955765,-1.028000000000000025,11.432999999999999829,2407.718559593862664769,-2441.101606469640955765,-1.028000000000000025,11.432999999999999829
2026-04-15,4,2026-04-15T00:30:00Z,2026-04-16T01:14:31Z,85.000000000000000000,85.000000000000000000,False,P,0.000000000000000000,3.500587111111111316,0.00,0.00,,,2466.193950444444453751,-2461.745271826023326867,-1.022999999999999909,0.000000000000000000,2465.193950444444453751,-2461.745271826023326867,-1.022999999999999909,
2026-04-15,5,2026-04-15T01:00:00Z,2026-04-16T01:44:34Z,87.500000000000000000,87.500000000000000000,False,P,0.000000000000000000,96.222326416666660975,0.00,0.00,,,2556.266087759259335144,-2459.198325277777712472,-1.012999999999999901,0.000000000000000000,2555.266087759259335144,-2459.198325277777712472,-1.012999999999999901,
2026-04-15,6,2026-04-15T01:30:00Z,2026-04-16T02:17:54Z,97.000000000000000000,97.000000000000000000,False,P,0.000000000000000000,223.416435055555552935,0.00,0.00,,,2677.320820611111230392,-2489.232758527777605195,-1.018000000000000016,36.116999999999997328,2676.320820611111230392,-2489.232758527777605195,-1.018000000000000016,36.116999999999997328
2026-04-15,7,2026-04-15T02:00:00Z,2026-04-16T02:44:45Z,98.000000000000000000,98.000000000000000000,False,P,0.000000000000000000,216.148613055555557594,0.00,0.00,,,2798.962976944444562832,-2582.112974305555781029,-1.018000000000000016,0.000000000000000000,2797.962976944444562832,-2582.112974305555781029,-1.018000000000000016,
2026-04-15,8,2026-04-15T02:30:00Z,2026-04-16T03:14:39Z,95.530000000000001137,95.530000000000001137,False,P,0.000000000000000000,81.961899275247731111,0.00,0.00,,,2700.499267268079165660,-2617.634258921304990508,-1.008000000000000007,0.000000000000000000,2699.499267268079165660,-2617.634258921304990508,-1.008000000000000007,
2026-04-15,9,2026-04-15T03:00:00Z,2026-04-16T03:44:34Z,111.209999999999993747,111.209999999999993747,False,P,0.000000000000000000,177.561240509259249620,0.00,0.00,,,2868.713837592592426518,-2690.227723750000222935,-1.002999999999999892,0.000000000000000000,2867.713837592592426518,-2690.227723750000222935,-1.002999999999999892,
2026-04-15,10,2026-04-15T03:30:00Z,2026-04-16T04:17:58Z,107.000000000000000000,107.000000000000000000,False,P,0.000000000000000000,37.075251422326388706,0.00,0.00,,,2750.456468644548749580,-2712.506489708508979675,-1.038000000000000034,0.000000000000000000,2749.456468644548749580,-2712.506489708508979675,-1.038000000000000034,
2026-04-15,11,2026-04-15T04:00:00Z,2026-04-16T04:44:32Z,71.939999999999997726,71.939999999999997726,False,N,0.000000000000000000,-143.020586743022619203,0.00,0.00,71.939999999999997726,0.349999999999999978,2584.795053673643906222,-2727.066713852826524089,-1.042999999999999927,0.000000000000000000,2584.795053673643906222,-2726.066713852826524089,-1.042999999999999927,
2026-04-15,12,2026-04-15T04:30:00Z,2026-04-16T05:14:33Z,111.670000000000001705,111.670000000000001705,False,P,0.000000000000000000,76.827947083333327782,0.00,0.00,,,2721.509280416666570090,-2672.832891388889038353,-1.038000000000000034,29.149999999999998579,2720.509280416666570090,-2672.832891388889038353,-1.038000000000000034,29.149999999999998579
2026-04-15,13,2026-04-15T05:00:00Z,2026-04-16T05:44:30Z,114.450000000000002842,114.450000000000002842,False,P,0.000000000000000000,494.290315026902931095,0.00,0.00,,,3262.966925019296013488,-2828.046973814745342679,-1.008999999999999897,60.350000000000001421,3261.966925019296013488,-2828.046973814745342679,-1.008999999999999897,60.350000000000001421
2026-04-15,14,2026-04-15T05:30:00Z,2026-04-16T06:14:27Z,117.000000000000000000,117.000000000000000000,False,P,0.000000000000000000,723.943996111111118807,0.00,0.00,,,3456.615273597541545314,-2890.320552007498463354,-1.030000000000000027,158.362999999999999545,3455.615273597541545314,-2890.320552007498463354,-1.030000000000000027,158.362999999999999545
2026-04-15,15,2026-04-15T06:00:00Z,2026-04-16T06:44:35Z,128.900000000000005684,128.900000000000005684,False,P,0.000000000000000000,1209.011282263792963931,0.00,0.00,,,3866.486848180459674040,-2942.290046940455340518,-1.030000000000000027,285.860999999999989996,3865.486848180459674040,-2942.290046940455340518,-1.030000000000000027,285.860999999999989996
2026-04-15,16,2026-04-15T06:30:00Z,2026-04-16T07:14:31Z,128.800000000000011369,128.800000000000011369,False,P,0.000000000000000000,1534.971423229507990982,0.00,0.00,,,4266.077653202005421917,-3084.266338556986283947,-1.010000000000000009,354.226999999999975444,4265.077653202005421917,-3084.266338556986283947,-1.010000000000000009,354.226999999999975444
2026-04-15,17,2026-04-15T07:00:00Z,2026-04-16T07:44:30Z,121.849999999999994316,121.849999999999994316,False,P,0.000000000000000000,381.214751023141616315,0.00,0.00,,,3468.398253288453361165,-3091.511299274791781500,0.000000000000000000,4.615999999999999659,3467.398253288453361165,-3091.511299274791781500,,4.615999999999999659
2026-04-15,18,2026-04-15T07:30:00Z,2026-04-16T08:14:38Z,120.000000000000000000,120.000000000000000000,False,P,0.000000000000000000,154.507971346688009362,0.00,0.00,,,2983.380475513354667783,-2828.749479288408565480,0.000000000000000000,0.000000000000000000,2982.380475513354667783,-2828.749479288408565480,,
2026-04-15,19,2026-04-15T08:00:00Z,2026-04-16T08:44:41Z,88.150000000000005684,88.150000000000005684,False,N,0.000000000000000000,-201.052630838744221364,0.00,0.00,88.150000000000005684,0.000000000000000000,2778.339869901996735280,-2978.841066495005634351,-0.005000000000000000,0.000000000000000000,2778.339869901996735280,-2977.841066495005634351,-0.005000000000000000,
2026-04-15,20,2026-04-15T08:30:00Z,2026-04-16T09:15:04Z,74.340000000000003411,74.340000000000003411,False,N,0.000000000000000000,-152.058924843073583588,0.00,0.00,74.340000000000003411,0.000000000000000000,2232.224029702380903473,-2384.194135101010033395,-0.005000000000000000,0.000000000000000000,2232.224029702380903473,-2383.194135101010033395,-0.005000000000000000,
2026-04-15,21,2026-04-15T09:00:00Z,2026-04-16T09:44:42Z,69.659999999999996589,69.659999999999996589,False,N,0.000000000000000000,-113.816334285395541315,0.00,0.00,69.659999999999996589,0.000000000000000000,2290.578084085816499282,-2404.357155014730778930,-0.010000000000000000,0.000000000000000000,2290.578084085816499282,-2403.357155014730778930,-0.010000000000000000,
2026-04-15,22,2026-04-15T09:30:00Z,2026-04-16T10:14:41Z,63.399999999999998579,63.399999999999998579,False,N,0.000000000000000000,-237.299416642132939614,0.00,0.00,63.399999999999998579,0.000000000000000000,2310.455283080089429859,-2546.975236835906798660,0.000000000000000000,0.000000000000000000,2310.455283080089429859,-2545.975236835906798660,,
2026-04-15,23,2026-04-15T10:00:00Z,2026-04-16T10:44:29Z,22.937329197662087665,22.937329197662087665,False,N,0.000000000000000000,-328.871760972222205055,0.00,0.00,23.212275375000000821,1.000000000000000000,2295.692379305555732572,-2624.357753194444285327,-0.010000000000000000,0.000000000000000000,2295.692379305555732572,-2623.357753194444285327,-0.010000000000000000,
2026-04-15,24,2026-04-15T10:30:00Z,2026-04-16T11:14:31Z,7.820000000000000284,7.820000000000000284,False,N,0.000000000000000000,-419.875111929888191753,0.00,0.00,7.820000000000000284,1.000000000000000000,2175.465178347889377619,-2595.068237142686484731,-0.010000000000000000,0.000000000000000000,2175.465178347889377619,-2594.068237142686484731,-0.010000000000000000,
2026-04-15,25,2026-04-15T11:00:00Z,2026-04-16T11:44:41Z,34.960000000000000853,34.960000000000000853,False,N,0.000000000000000000,-254.062287354465269118,0.00,0.00,34.960000000000000853,0.000000000000000000,2407.162146256645883113,-2661.212152777777646406,-0.025000000000000001,0.000000000000000000,2407.162146256645883113,-2660.212152777777646406,-0.025000000000000001,
2026-04-15,26,2026-04-15T11:30:00Z,2026-04-16T12:14:43Z,64.700000000000002842,64.700000000000002842,False,P,0.000000000000000000,128.527296073513440433,0.00,0.00,,,2733.465507893199628597,-2604.850088617232358956,-0.025000000000000001,0.000000000000000000,2732.465507893199628597,-2604.850088617232358956,-0.025000000000000001,
2026-04-15,27,2026-04-15T12:00:00Z,2026-04-16T12:51:33Z,72.000000000000000000,72.000000000000000000,False,P,0.000000000000000000,244.773801388213712471,0.00,0.00,,,2923.668728796357299871,-2678.629706636042101309,-0.044999999999999998,0.000000000000000000,2922.668728796357299871,-2678.629706636042101309,-0.044999999999999998,
2026-04-15,28,2026-04-15T12:30:00Z,2026-04-16T13:14:49Z,112.000000000000000000,112.000000000000000000,False,P,0.000000000000000000,713.297385105134821970,0.00,0.00,,,3345.411896077357141621,-2692.469426968866628158,-0.044999999999999998,59.588000000000000966,3344.411896077357141621,-2692.469426968866628158,-0.044999999999999998,59.588000000000000966
2026-04-15,29,2026-04-15T13:00:00Z,2026-04-16T13:44:44Z,113.500000000000000000,113.500000000000000000,False,P,0.000000000000000000,901.448002018609713559,0.00,0.00,,,3654.566960970630134398,-2794.259992093502205535,-0.050000000000000003,41.643999999999998352,3653.566960970630134398,-2794.259992093502205535,-0.050000000000000003,41.643999999999998352
2026-04-15,30,2026-04-15T13:30:00Z,2026-04-16T14:14:39Z,113.000000000000000000,113.000000000000000000,False,P,0.000000000000000000,893.348480451388923029,0.00,0.00,,,3692.167512118055583414,-2799.105002847222294804,-0.044999999999999998,0.000000000000000000,3691.167512118055583414,-2799.105002847222294804,-0.044999999999999998,
2026-04-15,31,2026-04-15T14:00:00Z,2026-04-16T14:44:44Z,114.790000000000006253,114.790000000000006253,False,P,0.000000000000000000,375.817990988756946535,0.00,0.00,,,3028.390414854497521446,-2652.616785684800561285,-0.040000000000000001,0.000000000000000000,3027.390414854497521446,-2652.616785684800561285,-0.040000000000000001,
2026-04-15,32,2026-04-15T14:30:00Z,2026-04-16T15:14:30Z,84.819999999999993179,84.819999999999993179,False,N,0.000000000000000000,-219.007117948717962008,0.00,0.00,84.819999999999993179,0.000000000000000000,2466.856377884615540097,-2685.536541440972087003,-0.029999999999999999,0.000000000000000000,2466.856377884615540097,-2684.536541440972087003,-0.029999999999999999,
2026-04-15,33,2026-04-15T15:00:00Z,2026-04-16T15:44:28Z,89.430000000000006821,89.430000000000006821,False,N,0.000000000000000000,-181.492388034188024903,0.00,0.00,89.430000000000006821,0.000000000000000000,2575.621056410256187519,-2770.284118728632620332,0.000000000000000000,13.525999999999999801,2575.621056410256187519,-2769.284118728632620332,,13.525999999999999801
2026-04-15,34,2026-04-15T15:30:00Z,2026-04-16T16:14:29Z,83.000000000000000000,83.000000000000000000,False,N,0.000000000000000000,-157.422606875000013815,0.00,0.00,83.000000000000000000,1.000000000000000000,2657.817855416666589008,-2826.458477569444312394,0.000000000000000000,11.273999999999999133,2657.817855416666589008,-2825.458477569444312394,,11.273999999999999133
2026-04-15,35,2026-04-15T16:00:00Z,2026-04-16T16:44:36Z,103.930000000000006821,103.930000000000006821,False,N,0.000000000000000000,-112.968657790290293974,0.00,0.00,103.930000000000006821,0.000000000000000000,2625.847072068615489115,-2795.725672126173321885,0.000000000000000000,56.926000000000001933,2625.847072068615489115,-2794.725672126173321885,,56.926000000000001933
2026-04-15,36,2026-04-15T16:30:00Z,2026-04-16T17:14:36Z,45.000000000000000000,45.000000000000000000,False,N,0.000000000000000000,-247.553431737549715308,0.00,0.00,,,2772.896508217149857956,-3097.129469261307349370,0.000000000000000000,76.638999999999995794,2772.896508217149857956,-3096.129469261307349370,,76.638999999999995794
2026-04-15,37,2026-04-15T17:00:00Z,2026-04-16T17:45:30Z,66.000000000000000000,66.000000000000000000,False,P,0.000000000000000000,90.172325709064324428,0.00,0.00,,,2730.215103486842053826,-2783.155823749999854044,-11.439999999999999503,154.500000000000000000,2730.215103486842053826,-2783.155823749999854044,-11.439999999999999503,153.500000000000000000
2026-04-15,38,2026-04-15T17:30:00Z,2026-04-16T18:14:27Z,104.450000000000002842,104.450000000000002842,False,N,0.000000000000000000,-123.819904445487594558,0.00,0.00,104.450000000000002842,0.000000000000000000,2543.208901784676982061,-2801.316186514201035607,-11.439999999999999503,145.681000000000011596,2543.208901784676982061,-2800.316186514201035607,-11.439999999999999503,145.681000000000011596
2026-04-15,39,2026-04-15T18:00:00Z,2026-04-16T18:44:30Z,103.599999999999994316,103.599999999999994316,False,N,0.000000000000000000,-150.579648347844113232,0.00,0.00,103.599999999999994316,0.000000000000000000,2592.730156818171508348,-2861.337369042288628407,-11.439999999999999503,129.500000000000000000,2592.730156818171508348,-2860.337369042288628407,-11.439999999999999503,129.500000000000000000
2026-04-15,40,2026-04-15T18:30:00Z,2026-04-16T19:14:29Z,128.012268048329900694,128.012268048329900694,False,P,0.000000000000000000,240.016137029410657533,0.00,0.00,,,2762.414192584966258437,-2640.671426683280060388,-11.439999999999999503,129.500000000000000000,2761.414192584966258437,-2640.671426683280060388,-11.439999999999999503,129.500000000000000000
2026-04-15,41,2026-04-15T19:00:00Z,2026-04-16T19:44:37Z,134.400000000000005684,134.400000000000005684,False,P,0.000000000000000000,305.898438323412676709,0.00,0.00,,,2855.403716828031974728,-2647.433297798092098674,-11.439999999999999503,109.159999999999996589,2854.403716828031974728,-2647.433297798092098674,-11.439999999999999503,109.159999999999996589
2026-04-15,42,2026-04-15T19:30:00Z,2026-04-16T20:14:58Z,134.400000000000005684,134.400000000000005684,False,P,0.000000000000000000,238.846666882960306566,0.00,0.00,,,2814.714583533615495980,-2660.420046265187920653,-11.439999999999999503,96.099999999999994316,2813.714583533615495980,-2660.420046265187920653,-11.439999999999999503,96.099999999999994316
2026-04-15,43,2026-04-15T20:00:00Z,2026-04-16T20:44:32Z,129.000000000000000000,129.000000000000000000,False,P,0.000000000000000000,311.376022654970768144,0.00,0.00,,,2842.484133766081868089,-2550.174621095516613423,-11.439999999999999503,30.577999999999999403,2841.484133766081868089,-2550.174621095516613423,-11.439999999999999503,30.577999999999999403
2026-04-15,44,2026-04-15T20:30:00Z,2026-04-16T21:14:30Z,122.849999999999994316,122.849999999999994316,False,P,0.000000000000000000,351.325481233240111578,0.00,0.00,,,2635.683903194436425110,-2272.811912590826068481,-11.474999999999999645,0.000000000000000000,2634.683903194436425110,-2272.811912590826068481,-11.474999999999999645,
2026-04-15,45,2026-04-15T21:00:00Z,2026-04-16T21:44:31Z,118.900000000000005684,118.900000000000005684,False,P,0.000000000000000000,21.034387841527074414,0.00,0.00,,,2333.251039005810980598,-2300.993623425854821107,-11.474999999999999645,0.000000000000000000,2332.251039005810980598,-2300.993623425854821107,-11.474999999999999645,
2026-04-15,46,2026-04-15T21:30:00Z,2026-04-16T22:14:31Z,116.799999999999997158,116.799999999999997158,False,P,0.000000000000000000,310.702572297855226680,0.00,0.00,,,2419.791406186744097795,-2096.416920330368611758,-12.458999999999999631,0.000000000000000000,2418.791406186744097795,-2096.416920330368611758,-12.458999999999999631,
2026-04-15,47,2026-04-15T22:00:00Z,2026-04-16T22:44:37Z,81.010000000000005116,81.010000000000005116,False,N,0.000000000000000000,-24.023445731872293152,0.00,0.00,,,2273.139062601460864244,-2522.991208194444425317,-12.438000000000000611,238.000000000000000000,2273.139062601460864244,-2521.991208194444425317,-12.438000000000000611,238.000000000000000000
2026-04-15,48,2026-04-15T22:30:00Z,2026-04-16T23:14:33Z,65.488560262618833008,65.488560262618833008,False,N,0.000000000000000000,-8.464565423881673212,0.00,0.00,65.859666666666669244,1.000000000000000000,2224.400379020562922960,-2459.116509805555779167,-12.442999999999999616,238.000000000000000000,2224.400379020562922960,-2458.116509805555779167,-12.442999999999999616,238.000000000000000000
2026-04-16,1,2026-04-15T23:00:00Z,2026-04-16T23:44:32Z,106.900000000000005684,106.900000000000005684,False,P,0.000000000000000000,57.166533703715245451,0.00,0.00,,,2126.241609461290863692,-2295.694445695057311241,-11.484999999999999432,238.000000000000000000,2125.241609461290863692,-2295.694445695057311241,-11.484999999999999432,238.000000000000000000
2026-04-16,2,2026-04-15T23:30:00Z,2026-04-17T00:14:27Z,107.750000000000000000,107.750000000000000000,False,P,0.000000000000000000,219.950464646464638463,0.00,0.00,,,2046.783001944444549736,-2053.232438686868590594,-11.484999999999999432,238.000000000000000000,2045.783001944444549736,-2053.232438686868590594,-11.484999999999999432,238.000000000000000000
2026-04-16,3,2026-04-16T00:00:00Z,2026-04-17T00:44:34Z,106.689999999999997726,106.689999999999997726,False,P,0.000000000000000000,518.485543724747458327,0.00,0.00,,,2130.254432613636254246,-1838.329066388888804795,-11.470000000000000639,238.000000000000000000,2129.254432613636254246,-1838.329066388888804795,-11.470000000000000639,238.000000000000000000
2026-04-16,4,2026-04-16T00:30:00Z,2026-04-17T01:14:31Z,105.450000000000002842,105.450000000000002842,False,P,0.000000000000000000,394.431867268518544734,0.00,0.00,,,2162.701867268518526544,-1994.685689212962870442,-11.464999999999999858,238.000000000000000000,2161.701867268518526544,-1994.685689212962870442,-11.464999999999999858,238.000000000000000000
2026-04-16,5,2026-04-16T01:00:00Z,2026-04-17T01:44:30Z,92.140000000000000568,92.140000000000000568,False,N,0.000000000000000000,-38.205024045138891609,0.00,0.00,92.140000000000000568,0.000000000000000000,1924.626370954861158680,-2188.861478066789004515,-11.455000000000000071,238.000000000000000000,1924.626370954861158680,-2187.861478066789004515,-11.455000000000000071,238.000000000000000000
2026-04-16,6,2026-04-16T01:30:00Z,2026-04-17T02:16:04Z,68.583744568379813700,68.583744568379813700,False,N,0.000000000000000000,-239.402445138888879228,0.00,0.00,68.834833333333335759,1.000000000000000000,1736.007726361111053848,-2202.232491965686222102,-11.460000000000000853,238.000000000000000000,1736.007726361111053848,-2201.232491965686222102,-11.460000000000000853,238.000000000000000000
2026-04-16,7,2026-04-16T02:00:00Z,2026-04-17T02:45:25Z,87.049999999999997158,87.049999999999997158,False,N,0.000000000000000000,-1.844095972222222324,0.00,0.00,87.049999999999997158,0.000000000000000000,1871.026485138888801885,-2099.577595833333361952,-11.460000000000000853,238.000000000000000000,1871.026485138888801885,-2098.577595833333361952,-11.460000000000000853,238.000000000000000000
2026-04-16,8,2026-04-16T02:30:00Z,2026-04-17T03:15:13Z,86.700000000000002842,86.700000000000002842,False,N,0.000000000000000000,-60.167396111111109747,0.00,0.00,86.700000000000002842,0.000000000000000000,1712.435103888888988877,-1999.139271805555608807,-11.449999999999999289,238.000000000000000000,1712.435103888888988877,-1998.139271805555608807,-11.449999999999999289,238.000000000000000000
2026-04-16,9,2026-04-16T03:00:00Z,2026-04-17T03:44:31Z,102.750000000000000000,102.750000000000000000,False,P,0.000000000000000000,283.840558194444440687,0.00,0.00,,,1930.739530972222155469,-1873.462306111111047358,-11.445000000000000284,238.000000000000000000,1929.739530972222155469,-1873.462306111111047358,-11.445000000000000284,238.000000000000000000
2026-04-16,10,2026-04-16T03:30:00Z,2026-04-17T04:14:57Z,102.400000000000005684,102.400000000000005684,False,P,0.000000000000000000,116.274097393652183996,0.00,0.00,,,1597.359723435318755946,-1708.535644326862893649,-11.480000000000000426,238.000000000000000000,1596.359723435318755946,-1708.535644326862893649,-11.480000000000000426,238.000000000000000000
2026-04-16,11,2026-04-16T04:00:00Z,2026-04-17T04:44:28Z,50.000000000000000000,50.000000000000000000,False,N,0.000000000000000000,-96.880420334967325857,0.00,0.00,50.000000000000000000,1.000000000000000000,1648.003488930893809083,-1972.482707458671484346,-11.484999999999999432,238.000000000000000000,1648.003488930893809083,-1971.482707458671484346,-11.484999999999999432,238.000000000000000000
2026-04-16,12,2026-04-16T04:30:00Z,2026-04-17T05:15:09Z,55.000000000000000000,55.000000000000000000,False,N,0.000000000000000000,-65.609767139114680390,0.00,0.00,,,1949.633392027551963110,-2241.803172031250142027,-11.480000000000000426,238.000000000000000000,1949.633392027551963110,-2240.803172031250142027,-11.480000000000000426,238.000000000000000000
2026-04-16,13,2026-04-16T05:00:00Z,2026-04-17T05:44:32Z,107.000000000000000000,107.000000000000000000,False,P,0.000000000000000000,315.373483943292399090,0.00,0.00,,,2268.518752832181235135,-2179.820421111111045320,-11.455000000000000071,238.000000000000000000,2267.518752832181235135,-2179.820421111111045320,-11.455000000000000071,238.000000000000000000
2026-04-16,14,2026-04-16T05:30:00Z,2026-04-17T06:14:29Z,119.400000000000005684,119.400000000000005684,False,P,0.000000000000000000,295.480817951388871734,0.00,0.00,,,2153.856870590277594602,-2191.940959382719938731,-11.474999999999999645,344.935000000000002274,2152.856870590277594602,-2191.940959382719938731,-11.474999999999999645,344.935000000000002274
2026-04-16,15,2026-04-16T06:00:00Z,2026-04-17T06:44:32Z,119.400000000000005684,119.400000000000005684,False,P,0.000000000000000000,589.160749701278632529,0.00,0.00,,,2358.204608451278545544,-1920.945619848482238012,-11.439999999999999503,163.491999999999990223,2357.204608451278545544,-1920.945619848482238012,-11.439999999999999503,163.491999999999990223
2026-04-16,16,2026-04-16T06:30:00Z,2026-04-17T07:14:33Z,123.450000000000002842,123.450000000000002842,False,P,0.000000000000000000,773.125933139221274359,0.00,0.00,,,2489.162584726075692743,-1833.770356297107582577,-11.439999999999999503,129.349999999999994316,2488.162584726075692743,-1833.770356297107582577,-11.439999999999999503,129.349999999999994316
2026-04-16,17,2026-04-16T07:00:00Z,2026-04-17T07:44:29Z,122.000000000000000000,122.000000000000000000,False,P,0.000000000000000000,513.898142550417787788,0.00,0.00,,,2243.917971673860847659,-1774.774702698441615212,-11.439999999999999503,56.125000000000000000,2242.917971673860847659,-1774.774702698441615212,-11.439999999999999503,56.125000000000000000
2026-04-16,18,2026-04-16T07:30:00Z,2026-04-17T08:14:42Z,112.000000000000000000,112.000000000000000000,False,P,0.000000000000000000,223.790439440310848340,0.00,0.00,,,2140.311112819940262852,-1905.780758778935251030,-11.439999999999999503,0.000000000000000000,2139.311112819940262852,-1905.780758778935251030,-11.439999999999999503,
2026-04-16,19,2026-04-16T08:00:00Z,2026-04-17T08:44:33Z,69.209999999999993747,69.209999999999993747,False,N,0.000000000000000000,-96.315762496392494540,0.00,0.00,69.209999999999993747,1.000000000000000000,1800.718405559163102225,-1885.069193383838410227,-11.439999999999999503,0.000000000000000000,1800.718405559163102225,-1884.069193383838410227,-11.439999999999999503,
2026-04-16,20,2026-04-16T08:30:00Z,2026-04-17T09:14:45Z,40.000000000000000000,40.000000000000000000,False,N,0.000000000000000000,-259.611518787878765124,0.00,0.00,40.000000000000000000,1.000000000000000000,1564.369870101010064900,-1812.133232742899281220,-11.439999999999999503,0.000000000000000000,1564.369870101010064900,-1811.133232742899281220,-11.439999999999999503,
2026-04-16,21,2026-04-16T09:00:00Z,2026-04-17T09:44:57Z,102.920000000000001705,102.920000000000001705,False,P,0.000000000000000000,97.459318749999994225,0.00,0.00,,,1895.222496249999949214,-1797.700011696642604875,0.000000000000000000,0.000000000000000000,1894.222496249999949214,-1797.700011696642604875,,
2026-04-16,22,2026-04-16T09:30:00Z,2026-04-17T10:16:02Z,101.500000000000000000,101.500000000000000000,False,P,0.000000000000000000,306.181127764021823623,0.00,0.00,,,2021.000972358637682191,-1714.911790150171327696,0.000000000000000000,0.000000000000000000,2020.000972358637682191,-1714.911790150171327696,,
2026-04-16,23,2026-04-16T10:00:00Z,2026-04-17T10:44:41Z,93.872271124691863520,93.872271124691863520,False,P,0.000000000000000000,55.877072182051009008,0.00,0.00,,,1962.218089161864782000,-1906.628522916178098967,0.000000000000000000,0.000000000000000000,1961.218089161864782000,-1906.628522916178098967,,
2026-04-16,24,2026-04-16T10:30:00Z,2026-04-17T11:14:57Z,111.450000000000002842,111.450000000000002842,False,P,0.000000000000000000,215.565499583333320288,0.00,0.00,,,1979.875265416666707097,-1764.485278749999906722,0.000000000000000000,0.000000000000000000,1978.875265416666707097,-1764.485278749999906722,,
2026-04-16,25,2026-04-16T11:00:00Z,2026-04-17T11:44:40Z,65.930000000000006821,65.930000000000006821,False,N,0.000000000000000000,-23.580282222222223254,0.00,0.00,,,1783.779861805555583487,-1807.267088472222212658,0.000000000000000000,0.000000000000000000,1783.779861805555583487,-1806.267088472222212658,,
2026-04-16,26,2026-04-16T11:30:00Z,2026-04-17T12:14:39Z,58.399999999999998579,58.399999999999998579,False,N,0.000000000000000000,-211.075228333333342334,0.00,0.00,58.399999999999998579,1.000000000000000000,1599.270405972222306445,-1811.356522361111046848,0.000000000000000000,0.000000000000000000,1599.270405972222306445,-1810.356522361111046848,,
2026-04-16,27,2026-04-16T12:00:00Z,2026-04-17T12:46:43Z,9.369999999999999218,9.369999999999999218,False,N,0.000000000000000000,-293.406295833333331302,0.00,0.00,,,1486.457922916666575475,-1780.495713502319404142,0.000000000000000000,0.000000000000000000,1486.457922916666575475,-1779.495713502319404142,,
2026-04-16,28,2026-04-16T12:30:00Z,2026-04-17T13:15:29Z,43.659999999999996589,43.659999999999996589,False,N,0.000000000000000000,-220.404537638888882611,0.00,0.00,,,1491.583149999999932334,-1711.996349583333312694,0.000000000000000000,0.000000000000000000,1491.583149999999932334,-1710.996349583333312694,,
2026-04-16,29,2026-04-16T13:00:00Z,2026-04-17T13:44:33Z,11.500000000000000000,11.500000000000000000,False,N,0.000000000000000000,-288.512050394736832004,0.00,0.00,,,1477.751944861111041973,-1766.437605950292436319,0.000000000000000000,0.000000000000000000,1477.751944861111041973,-1765.437605950292436319,,
2026-04-16,30,2026-04-16T13:30:00Z,2026-04-17T14:14:36Z,11.500000000000000000,11.500000000000000000,False,N,0.000000000000000000,-312.474499212138937310,0.00,0.00,,,1429.929884054372678293,-1742.510827148646967544,0.000000000000000000,0.000000000000000000,1429.929884054372678293,-1741.510827148646967544,,
2026-04-16,31,2026-04-16T14:00:00Z,2026-04-17T14:44:53Z,50.170000000000001705,50.170000000000001705,False,N,0.000000000000000000,-70.271400595238091569,0.00,0.00,,,1405.891959841269908793,-1477.027070714285628128,0.000000000000000000,0.000000000000000000,1405.891959841269908793,-1476.027070714285628128,,
2026-04-16,32,2026-04-16T14:30:00Z,2026-04-17T15:14:39Z,49.170000000000001705,49.170000000000001705,False,N,0.000000000000000000,-291.740165056849889424,0.00,0.00,,,1373.534166661244171337,-1665.382375056849923567,0.000000000000000000,0.000000000000000000,1373.534166661244171337,-1664.382375056849923567,,
2026-04-16,33,2026-04-16T15:00:00Z,2026-04-17T15:44:31Z,40.000000000000000000,40.000000000000000000,False,N,0.000000000000000000,-323.671479384920644407,0.00,0.00,,,1275.026217083333222035,-1599.279548412698432003,0.000000000000000000,0.000000000000000000,1275.026217083333222035,-1598.279548412698432003,,
2026-04-16,34,2026-04-16T15:30:00Z,2026-04-17T16:14:30Z,49.580678817493996746,49.580678817493996746,False,N,0.000000000000000000,-631.660386732026154277,0.00,0.00,49.780000000000001137,1.000000000000000000,992.481187196545306506,-1624.997777440476284028,0.000000000000000000,0.000000000000000000,992.481187196545306506,-1623.997777440476284028,,
2026-04-16,35,2026-04-16T16:00:00Z,2026-04-17T16:44:31Z,75.099999999999994316,75.099999999999994316,False,N,0.000000000000000000,-323.711363636363614660,0.00,0.00,75.099999999999994316,1.000000000000000000,802.633333333333325754,-1391.136780303030263894,0.000000000000000000,264.649999999999977263,802.633333333333325754,-1390.136780303030263894,,264.649999999999977263
2026-04-16,36,2026-04-16T16:30:00Z,2026-04-17T17:14:35Z,74.278213666720361630,74.278213666720361630,False,N,0.000000000000000000,-222.805346998366019307,0.00,0.00,74.507999999999995566,1.000000000000000000,758.594607843137282543,-1248.974954841503176795,0.000000000000000000,266.750000000000000000,758.594607843137282543,-1247.974954841503176795,,266.750000000000000000
2026-04-16,37,2026-04-16T17:00:00Z,2026-04-17T17:44:29Z,88.109999999999999432,88.109999999999999432,False,N,0.000000000000000000,-255.371774798469431289,0.00,0.00,,,758.000009814437930800,-2131.672381742913785274,0.000000000000000000,1117.450000000000045475,758.000009814437930800,-2130.672381742913785274,,1117.450000000000045475
2026-04-16,38,2026-04-16T17:30:00Z,2026-04-17T18:14:32Z,137.460000000000007958,137.460000000000007958,False,P,0.000000000000000000,89.330231101508786651,0.00,0.00,,,758.000000000000000000,-1791.227667926269077725,0.000000000000000000,1122.250000000000000000,758.000000000000000000,-1791.227667926269077725,,1121.250000000000000000
2026-04-16,39,2026-04-16T18:00:00Z,2026-04-17T18:44:34Z,79.150000000000005684,79.150000000000005684,False,N,0.000000000000000000,-329.703075509581765346,0.00,0.00,,,1033.103263330605841475,-1964.717271493960424777,0.000000000000000000,602.220000000000027285,1033.103263330605841475,-1963.717271493960424777,,602.220000000000027285
2026-04-16,40,2026-04-16T18:30:00Z,2026-04-17T19:14:39Z,115.390000000000000568,115.390000000000000568,False,N,0.000000000000000000,-133.972906045751642523,0.00,0.00,115.390000000000000568,0.000000000000000000,1137.518851176470661812,-1802.882568333333438204,0.000000000000000000,531.450000000000045475,1137.518851176470661812,-1801.882568333333438204,,531.450000000000045475
2026-04-16,41,2026-04-16T19:00:00Z,2026-04-17T19:44:47Z,125.000000000000000000,125.000000000000000000,False,P,0.000000000000000000,45.363969812238536861,0.00,0.00,,,1420.688013978905246404,-1690.979403168132421342,0.000000000000000000,315.545000000000015916,1420.143661713429764859,-1690.979403168132421342,,315.089352265475440618
2026-04-16,42,2026-04-16T19:30:00Z,2026-04-17T20:14:53Z,140.000000000000000000,140.000000000000000000,False,P,0.000000000000000000,536.890514087301539803,0.00,0.00,,,1681.716399642857140861,-1451.941046666666579767,0.000000000000000000,307.586000000000012733,1680.716399642857140861,-1451.941046666666579767,,307.586000000000012733
2026-04-16,43,2026-04-16T20:00:00Z,2026-04-17T20:44:34Z,137.490000000000009095,137.490000000000009095,False,P,0.000000000000000000,317.722870125661358998,0.00,0.00,,,1589.020453458994779794,-1281.986366851851926185,0.000000000000000000,10.666999999999999815,1588.020453458994779794,-1281.986366851851926185,,10.666999999999999815
2026-04-16,44,2026-04-16T20:30:00Z,2026-04-17T21:14:56Z,125.000000000000000000,125.000000000000000000,False,P,0.000000000000000000,202.084992363597365284,0.00,0.00,,,1380.123715342923333083,-1177.498167274061643184,0.000000000000000000,0.000000000000000000,1379.123715342923333083,-1177.498167274061643184,,
2026-04-16,45,2026-04-16T21:00:00Z,2026-04-17T21:44:33Z,69.337596178573150496,69.337596178573150496,False,N,0.000000000000000000,-87.006205158730153926,0.00,0.00,69.931740791666669566,1.000000000000000000,1165.342111785714223515,-1268.950559930555527899,0.000000000000000000,16.838999999999998636,1165.342111785714223515,-1267.950559930555527899,,16.838999999999998636
2026-04-16,46,2026-04-16T21:30:00Z,2026-04-17T22:14:33Z,121.357742373485422149,121.357742373485422149,False,P,0.000000000000000000,297.628702446923455227,0.00,0.00,,,1786.661440687692220308,-1489.771867908552849258,0.000000000000000000,0.726999999999999980,1785.661440687692220308,-1489.771867908552849258,,0.726999999999999980
2026-04-16,47,2026-04-16T22:00:00Z,2026-04-17T22:44:33Z,115.799999999999997158,115.799999999999997158,False,P,0.000000000000000000,125.543575821428575523,0.00,0.00,,,1652.920903015872909236,-1765.501656329545539847,0.000000000000000000,238.000000000000000000,1651.920903015872909236,-1765.501656329545539847,,238.000000000000000000
2026-04-16,48,2026-04-16T22:30:00Z,2026-04-17T23:14:34Z,111.900000000000005684,111.900000000000005684,False,P,0.000000000000000000,111.277971485760971859,0.00,0.00,,,2039.185471485760899668,-2165.908028444549927372,0.000000000000000000,238.000000000000000000,2038.185471485760899668,-2165.908028444549927372,,238.000000000000000000
2026-04-17,1,2026-04-16T23:00:00Z,2026-04-17T23:44:39Z,109.450000000000002842,109.450000000000002842,False,P,0.000000000000000000,22.842120456862744504,0.00,0.00,,,2084.925120456862714491,-2300.229205424182964634,0.000000000000000000,238.000000000000000000,2083.925120456862714491,-2300.229205424182964634,,238.000000000000000000
2026-04-17,2,2026-04-16T23:30:00Z,2026-04-18T00:14:36Z,79.989999999999994884,79.989999999999994884,False,N,0.000000000000000000,-75.732020818586306632,0.00,0.00,79.989999999999994884,1.000000000000000000,1884.966312514746960005,-2198.856907752842289483,0.000000000000000000,238.000000000000000000,1884.966312514746960005,-2197.856907752842289483,,238.000000000000000000
2026-04-17,3,2026-04-17T00:00:00Z,2026-04-18T00:44:33Z,76.030000000000001137,76.030000000000001137,False,N,0.000000000000000000,-395.259830674603165335,0.00,0.00,76.030000000000001137,1.000000000000000000,1734.923502658730058101,-2368.725328055555564788,0.000000000000000000,238.000000000000000000,1734.923502658730058101,-2367.725328055555564788,,238.000000000000000000
2026-04-17,4,2026-04-17T00:30:00Z,2026-04-18T01:14:38Z,73.154396517223489127,73.154396517223489127,False,N,0.000000000000000000,-270.680542500000001382,0.00,0.00,75.119547624999995605,1.000000000000000000,1752.193864444444443507,-2260.736084722222130949,0.000000000000000000,238.000000000000000000,1752.193864444444443507,-2259.736084722222130949,,238.000000000000000000
2026-04-17,5,2026-04-17T01:00:00Z,2026-04-18T01:44:38Z,90.379999999999995453,90.379999999999995453,False,N,0.000000000000000000,-178.240116388888878873,0.00,0.00,90.379999999999995453,0.000000000000000000,1942.578309444444357723,-2358.772194182098701276,0.000000000000000000,238.000000000000000000,1942.578309444444357723,-2357.772194182098701276,,238.000000000000000000
2026-04-17,6,2026-04-17T01:30:00Z,2026-04-18T02:14:50Z,85.930000000000006821,85.930000000000006821,False,N,0.000000000000000000,-240.027403191137580052,0.00,0.00,85.930000000000006821,0.000000000000000000,1971.661485697751231783,-2449.347590625000066211,0.000000000000000000,238.000000000000000000,1971.661485697751231783,-2448.347590625000066211,,238.000000000000000000
2026-04-17,7,2026-04-17T02:00:00Z,2026-04-18T02:44:35Z,100.000000000000000000,100.000000000000000000,False,P,0.000000000000000000,93.752769911816585591,0.00,0.00,,,2493.375018800705674948,-2637.210891512345824594,0.000000000000000000,238.000000000000000000,2492.375018800705674948,-2637.210891512345824594,,238.000000000000000000
2026-04-17,8,2026-04-17T02:30:00Z,2026-04-18T03:14:37Z,100.500000000000000000,100.500000000000000000,False,P,0.000000000000000000,139.348390414910795698,0.00,0.00,,,2501.393529303799823538,-2600.062958582001101604,0.000000000000000000,238.000000000000000000,2500.393529303799823538,-2600.062958582001101604,,238.000000000000000000
2026-04-17,9,2026-04-17T03:00:00Z,2026-04-18T03:44:31Z,103.780000000000001137,103.780000000000001137,False,P,0.000000000000000000,52.445414346539159567,0.00,0.00,,,2330.662803235427873005,-2516.244195585285979178,0.000000000000000000,238.000000000000000000,2329.662803235427873005,-2516.244195585285979178,,238.000000000000000000
2026-04-17,10,2026-04-17T03:30:00Z,2026-04-18T04:14:35Z,103.780000000000001137,103.780000000000001137,False,P,0.000000000000000000,184.127054136949084295,0.00,0.00,,,2393.313527470282224385,-2446.926030158137564285,0.000000000000000000,238.000000000000000000,2392.313527470282224385,-2446.926030158137564285,,238.000000000000000000
2026-04-17,11,2026-04-17T04:00:00Z,2026-04-18T04:44:31Z,94.680000000000006821,94.680000000000006821,False,N,0.000000000000000000,-217.546988452380958279,0.00,0.00,94.680000000000006821,0.000000000000000000,2355.171984067460471124,-2841.851291666666838864,0.000000000000000000,269.579999999999984084,2355.171984067460471124,-2840.851291666666838864,,269.579999999999984084
2026-04-17,12,2026-04-17T04:30:00Z,2026-04-18T05:14:30Z,119.599999999999994316,119.599999999999994316,False,P,0.000000000000000000,131.526789444444432320,0.00,0.00,,,2632.106296388888949878,-2816.602833750000172586,0.000000000000000000,316.204000000000007731,2631.106296388888949878,-2816.602833750000172586,,316.204000000000007731
2026-04-17,13,2026-04-17T05:00:00Z,2026-04-18T05:44:31Z,120.000000000000000000,120.000000000000000000,False,P,0.000000000000000000,172.692413492063479907,0.00,0.00,,,2788.840469047619080811,-3102.056097777777722513,0.000000000000000000,485.769999999999981810,2787.840469047619080811,-3102.056097777777722513,,485.769999999999981810
2026-04-17,14,2026-04-17T05:30:00Z,2026-04-18T06:14:29Z,123.450000000000002842,123.450000000000002842,False,P,0.000000000000000000,421.228559585812945443,0.00,0.00,,,3054.902742085812860751,-3146.884745829040184617,0.000000000000000000,513.173999999999978172,3053.902742085812860751,-3146.884745829040184617,,513.173999999999978172
2026-04-17,15,2026-04-17T06:00:00Z,2026-04-18T06:44:30Z,91.790000000000006253,91.790000000000006253,False,N,0.000000000000000000,-55.254557519575406843,0.00,0.00,91.790000000000006253,0.000000000000000000,2735.867046508193197951,-3037.541802025107699592,0.000000000000000000,247.169999999999987494,2735.867046508193197951,-3036.541802025107699592,,247.169999999999987494
2026-04-17,16,2026-04-17T06:30:00Z,2026-04-18T07:14:33Z,134.000000000000000000,134.000000000000000000,False,P,0.000000000000000000,385.846362309625533271,0.00,0.00,,,3241.904856416517304751,-3097.197754057238853420,0.000000000000000000,241.294000000000011141,3240.904856416517304751,-3097.197754057238853420,,241.294000000000011141
2026-04-17,17,2026-04-17T07:00:00Z,2026-04-18T07:44:35Z,134.000000000000000000,134.000000000000000000,False,P,0.000000000000000000,531.302563461130375799,0.00,0.00,,,3404.530939660625335819,-2911.487923615703493851,0.000000000000000000,38.372999999999997556,3403.530939660625335819,-2911.487923615703493851,,38.372999999999997556
2026-04-17,18,2026-04-17T07:30:00Z,2026-04-18T08:14:31Z,78.569999999999993179,78.569999999999993179,False,N,0.000000000000000000,-18.372387030803487562,0.00,0.00,78.569999999999993179,0.000000000000000000,2915.976302585907887988,-2933.866332512975986901,0.000000000000000000,0.000000000000000000,2915.976302585907887988,-2932.866332512975986901,,
2026-04-17,19,2026-04-17T08:00:00Z,2026-04-18T08:44:31Z,52.869999999999997442,52.869999999999997442,False,N,0.000000000000000000,-96.598993463412696769,0.00,0.00,52.869999999999997442,0.000000000000000000,2481.809977369920488854,-2578.457627194444285124,0.000000000000000000,0.000000000000000000,2481.809977369920488854,-2577.457627194444285124,,
2026-04-17,20,2026-04-17T08:30:00Z,2026-04-18T09:14:27Z,54.310000000000002274,54.310000000000002274,False,N,0.000000000000000000,-94.250280667989414951,0.00,0.00,54.310000000000002274,0.000000000000000000,2333.885274054232922936,-2427.774560740740525944,0.000000000000000000,0.000000000000000000,2333.885274054232922936,-2426.774560740740525944,,
2026-04-17,21,2026-04-17T09:00:00Z,2026-04-18T09:44:31Z,51.350000000000001421,51.350000000000001421,False,N,0.000000000000000000,-158.668713801829255772,0.00,0.00,51.350000000000001421,0.000000000000000000,2277.825644032115633308,-2436.484958928092055430,0.000000000000000000,0.000000000000000000,2277.825644032115633308,-2435.484958928092055430,,
2026-04-17,22,2026-04-17T09:30:00Z,2026-04-18T10:14:34Z,44.049999999999997158,44.049999999999997158,False,N,0.000000000000000000,-292.698107140840193097,0.00,0.00,44.049999999999997158,0.000000000000000000,2102.667121257636608789,-2395.450585022784707689,0.000000000000000000,0.000000000000000000,2102.667121257636608789,-2394.450585022784707689,,
2026-04-17,23,2026-04-17T10:00:00Z,2026-04-18T10:44:39Z,30.160000000000000142,30.160000000000000142,False,N,0.000000000000000000,-292.845651440866788562,0.00,0.00,30.160000000000000142,0.000000000000000000,1911.968144948022199969,-2204.625905414259705140,0.000000000000000000,0.000000000000000000,1911.968144948022199969,-2203.625905414259705140,,
2026-04-17,24,2026-04-17T10:30:00Z,2026-04-18T11:14:31Z,24.510000000000001563,24.510000000000001563,False,N,0.000000000000000000,-208.830804999999998017,0.00,0.00,24.510000000000001563,0.000000000000000000,1996.614709583333251430,-2205.228726741453101567,0.000000000000000000,0.000000000000000000,1996.614709583333251430,-2204.228726741453101567,,
2026-04-17,25,2026-04-17T11:00:00Z,2026-04-18T11:44:32Z,23.260000000000001563,23.260000000000001563,False,N,0.000000000000000000,-430.061025915551851995,0.00,0.00,23.260000000000001563,0.265643888888888902,1901.277056787439505570,-2330.926126175213539682,0.000000000000000000,0.000000000000000000,1901.277056787439505570,-2329.926126175213539682,,
2026-04-17,26,2026-04-17T11:30:00Z,2026-04-18T12:14:34Z,-1.987852333128963922,-1.987852333128963922,False,N,0.000000000000000000,-428.098056805555529536,0.00,0.00,-1.968675555555555512,1.000000000000000000,1899.336222777777720694,-2327.269557361111310456,0.000000000000000000,0.000000000000000000,1899.336222777777720694,-2326.269557361111310456,,
2026-04-17,27,2026-04-17T12:00:00Z,2026-04-18T12:44:39Z,26.961728027080567927,26.961728027080567927,False,N,0.000000000000000000,-229.487349730392168112,0.00,0.00,32.199005055555552701,1.000000000000000000,2114.640294158496544696,-2344.203532532679673750,0.000000000000000000,0.000000000000000000,2114.640294158496544696,-2343.203532532679673750,,
2026-04-17,28,2026-04-17T12:30:00Z,2026-04-18T13:14:30Z,41.979999999999996874,41.979999999999996874,False,N,0.000000000000000000,-183.933624359678020710,0.00,0.00,41.979999999999996874,0.136111111111111099,2212.876691031736299919,-2396.984771335909044865,0.000000000000000000,0.000000000000000000,2212.876691031736299919,-2395.984771335909044865,,
2026-04-17,29,2026-04-17T13:00:00Z,2026-04-18T13:44:28Z,85.510000000000005116,85.510000000000005116,False,P,0.000000000000000000,257.625983055555536794,0.00,0.00,,,2616.779185349511408276,-2609.149736714590744668,0.000000000000000000,250.000000000000000000,2615.779185349511408276,-2609.149736714590744668,,250.000000000000000000
2026-04-17,30,2026-04-17T13:30:00Z,2026-04-18T14:14:30Z,86.590000000000003411,86.590000000000003411,False,P,0.000000000000000000,270.203219765396568164,0.00,0.00,,,2644.713212265396578005,-2624.679408026645432983,0.000000000000000000,250.000000000000000000,2643.713212265396578005,-2624.679408026645432983,,250.000000000000000000
2026-04-17,31,2026-04-17T14:00:00Z,2026-04-18T14:44:34Z,67.810040485829958357,67.810040485829958357,False,P,0.000000000000000000,184.924881352124174327,0.00,0.00,,,2751.049023296568520891,-2966.487901977124238329,0.000000000000000000,400.000000000000000000,2751.049023296568520891,-2966.487901977124238329,,399.000000000000000000
2026-04-17,32,2026-04-17T14:30:00Z,2026-04-18T15:14:32Z,71.200000000000002842,71.200000000000002842,False,N,0.000000000000000000,-95.467772239448748905,0.00,0.00,71.200000000000002842,0.000000000000000000,2529.060007482773471565,-3024.714075710072847869,0.000000000000000000,400.000000000000000000,2529.060007482773471565,-3023.714075710072847869,,400.000000000000000000
2026-04-17,33,2026-04-17T15:00:00Z,2026-04-18T15:44:31Z,64.150000000000005684,64.150000000000005684,False,N,0.000000000000000000,-227.311272685185173259,0.00,0.00,64.150000000000005684,0.649996666666666667,2343.082283702844506479,-2938.953572499140591390,0.000000000000000000,368.829999999999984084,2343.082283702844506479,-2937.953572499140591390,,368.829999999999984084
2026-04-17,34,2026-04-17T15:30:00Z,2026-04-18T16:14:27Z,85.000000000000000000,85.000000000000000000,False,N,0.000000000000000000,-194.963490064363156762,0.00,0.00,85.000000000000000000,1.000000000000000000,2407.312345352303509571,-2981.020671185636729206,0.000000000000000000,378.687000000000011823,2407.312345352303509571,-2980.020671185636729206,,378.687000000000011823
2026-04-17,35,2026-04-17T16:00:00Z,2026-04-18T16:44:29Z,87.079999999999998295,87.079999999999998295,False,N,0.000000000000000000,-419.964227594246040098,0.00,0.00,87.079999999999998295,0.000000000000000000,2457.219110226179054735,-2961.234112975300377002,0.000000000000000000,84.000000000000000000,2457.219110226179054735,-2960.234112975300377002,,84.000000000000000000
2026-04-17,36,2026-04-17T16:30:00Z,2026-04-18T17:14:32Z,77.629999999999995453,77.629999999999995453,False,N,0.000000000000000000,-478.997827299768516696,0.00,0.00,77.629999999999995453,0.833333333333333370,2549.546200498255529965,-3112.584773519183272583,0.000000000000000000,84.000000000000000000,2549.546200498255529965,-3111.584773519183272583,,84.000000000000000000
2026-04-17,37,2026-04-17T17:00:00Z,2026-04-18T17:44:40Z,102.604570505828988303,102.604570505828988303,False,N,0.000000000000000000,-96.234119570707065350,0.00,0.00,102.816943866666662188,1.000000000000000000,2962.403120442907038523,-3230.898824205016808264,0.000000000000000000,172.112999999999999545,2962.403120442907038523,-3229.898824205016808264,,172.112999999999999545
2026-04-17,38,2026-04-17T17:30:00Z,2026-04-18T18:14:33Z,117.000000000000000000,117.000000000000000000,False,P,0.000000000000000000,144.199596717547791513,0.00,0.00,,,3027.249318808792395430,-3145.161680020743915520,0.000000000000000000,261.994000000000028194,3026.249318808792395430,-3145.161680020743915520,,261.994000000000028194
2026-04-17,39,2026-04-17T18:00:00Z,2026-04-18T18:44:35Z,130.000000000000000000,130.000000000000000000,False,P,0.000000000000000000,529.975566571596232279,0.00,0.00,,,3196.237333006064091023,-3010.628693262763135863,0.000000000000000000,344.218999999999994088,3195.237333006064091023,-3010.628693262763135863,,344.218999999999994088
2026-04-17,40,2026-04-17T18:30:00Z,2026-04-18T19:14:50Z,132.000000000000000000,132.000000000000000000,False,P,0.000000000000000000,311.754438187039966124,0.00,0.00,,,3203.933179544379527215,-3292.964215540061104548,0.000000000000000000,400.916999999999973170,3203.933179544379527215,-3292.964215540061104548,,399.916999999999973170
2026-04-17,41,2026-04-17T19:00:00Z,2026-04-18T19:44:34Z,133.400000000000005684,133.400000000000005684,False,P,0.000000000000000000,377.864850648709762027,0.00,0.00,,,3187.974287432730307046,-3154.181333330126108194,0.000000000000000000,343.764000000000010004,3186.974287432730307046,-3154.181333330126108194,,343.764000000000010004
2026-04-17,42,2026-04-17T19:30:00Z,2026-04-18T20:14:34Z,129.250000000000000000,129.250000000000000000,False,P,0.000000000000000000,478.816278363751962388,0.00,0.00,,,3224.623781082005734788,-3052.492548899466328294,0.000000000000000000,306.910000000000025011,3223.623781082005734788,-3052.492548899466328294,,306.910000000000025011
2026-04-17,43,2026-04-17T20:00:00Z,2026-04-18T20:44:31Z,124.500000000000000000,124.500000000000000000,False,P,0.000000000000000000,153.104180215665962805,0.00,0.00,,,2932.917184521221315663,-2780.928054274864734907,0.000000000000000000,1.334000000000000075,2931.917184521221315663,-2780.928054274864734907,,1.334000000000000075
2026-04-17,44,2026-04-17T20:30:00Z,2026-04-18T21:14:30Z,75.030000000000001137,75.030000000000001137,False,N,0.000000000000000000,-18.535395885683762174,0.00,0.00,,,2467.574879402777696669,-2497.407575118589647900,0.000000000000000000,11.699999999999999289,2467.574879402777696669,-2496.407575118589647900,,11.699999999999999289
2026-04-17,45,2026-04-17T21:00:00Z,2026-04-18T21:44:36Z,71.797321371179549487,71.797321371179549487,False,N,0.000000000000000000,-43.644497418605702421,0.00,0.00,,,2468.158002581394157460,-2650.454805035353729181,0.000000000000000000,138.650000000000005684,2468.158002581394157460,-2649.454805035353729181,,138.650000000000005684
2026-04-17,46,2026-04-17T21:30:00Z,2026-04-18T22:14:33Z,123.489999999999994884,123.489999999999994884,False,P,0.000000000000000000,276.191268013438104845,0.00,0.00,,,2783.238425839665524109,-2541.336104824758422183,0.000000000000000000,34.350000000000001421,2782.238425839665524109,-2541.336104824758422183,,34.350000000000001421
2026-04-17,47,2026-04-17T22:00:00Z,2026-04-18T22:44:39Z,120.450000000000002842,120.450000000000002842,False,P,0.000000000000000000,324.288922777777770534,0.00,0.00,,,2549.760317222222056444,-2462.965828376068202488,0.000000000000000000,238.000000000000000000,2548.760317222222056444,-2462.965828376068202488,,238.000000000000000000
2026-04-17,48,2026-04-17T22:30:00Z,2026-04-18T23:15:19Z,110.000000000000000000,110.000000000000000000,False,P,0.000000000000000000,106.995989902726179821,0.00,0.00,,,2333.899431639739304956,-2464.860577556582484249,0.000000000000000000,238.000000000000000000,2332.899431639739304956,-2464.860577556582484249,,238.000000000000000000
2026-04-18,1,2026-04-17T23:00:00Z,2026-04-18T23:44:31Z,97.469999999999998863,97.469999999999998863,False,N,0.000000000000000000,-176.815481805555549499,0.00,0.00,97.469999999999998863,0.000000000000000000,2047.147018194444399342,-2460.358512550505110994,0.000000000000000000,238.000000000000000000,2047.147018194444399342,-2459.358512550505110994,,238.000000000000000000
2026-04-18,2,2026-04-17T23:30:00Z,2026-04-19T00:14:30Z,95.109999999999999432,95.109999999999999432,False,N,0.000000000000000000,-480.555838261648773369,0.00,0.00,95.109999999999999432,0.000000000000000000,1810.345828405017982732,-2528.860013303464711498,0.000000000000000000,238.000000000000000000,1810.345828405017982732,-2527.860013303464711498,,238.000000000000000000
2026-04-18,3,2026-04-18T00:00:00Z,2026-04-19T00:45:04Z,88.890000000000000568,88.890000000000000568,False,N,0.000000000000000000,-682.373500168552823197,0.00,0.00,88.890000000000000568,0.000000000000000000,1554.868166498113851048,-2474.725433523203264485,0.000000000000000000,238.000000000000000000,1554.868166498113851048,-2473.725433523203264485,,238.000000000000000000
2026-04-18,4,2026-04-18T00:30:00Z,2026-04-19T01:15:21Z,86.420000000000001705,86.420000000000001705,False,N,0.000000000000000000,-317.141944068529255674,0.00,0.00,86.420000000000001705,0.000000000000000000,1687.581944852895048825,-2242.582221846307220403,0.000000000000000000,238.000000000000000000,1687.581944852895048825,-2241.582221846307220403,,238.000000000000000000
2026-04-18,5,2026-04-18T01:00:00Z,2026-04-19T01:44:34Z,85.159999999999996589,85.159999999999996589,False,N,0.000000000000000000,-350.766176311728372639,0.00,0.00,85.159999999999996589,0.000000000000000000,1623.071601466049287410,-2211.554444444444470719,0.000000000000000000,238.000000000000000000,1623.071601466049287410,-2210.554444444444470719,,238.000000000000000000
2026-04-18,6,2026-04-18T01:30:00Z,2026-04-19T02:15:40Z,48.274880132282014245,48.274880132282014245,False,N,0.000000000000000000,-416.833023688271623541,0.00,0.00,49.249238050000002431,1.000000000000000000,1456.869318533950718120,-2111.503281527777744486,0.000000000000000000,238.000000000000000000,1456.869318533950718120,-2110.503281527777744486,,238.000000000000000000
2026-04-18,7,2026-04-18T02:00:00Z,2026-04-19T02:44:32Z,57.779122752340413172,57.779122752340413172,False,N,0.000000000000000000,-422.807295972222220826,0.00,0.00,58.935000000000002274,1.000000000000000000,1504.041335694444342153,-2164.551962500000172440,0.000000000000000000,238.000000000000000000,1504.041335694444342153,-2163.551962500000172440,,238.000000000000000000
2026-04-18,8,2026-04-18T02:30:00Z,2026-04-19T03:14:40Z,69.810000000000002274,69.810000000000002274,False,N,0.000000000000000000,-411.798123809523815453,0.00,0.00,69.810000000000002274,0.000000000000000000,1493.758542857142856519,-2143.739732500000172877,0.000000000000000000,238.000000000000000000,1493.758542857142856519,-2142.739732500000172877,,238.000000000000000000
2026-04-18,9,2026-04-18T03:00:00Z,2026-04-19T03:44:31Z,66.359999999999999432,66.359999999999999432,False,N,0.000000000000000000,-135.098452896825392600,0.00,0.00,66.359999999999999432,0.000000000000000000,1749.535119047618991317,-2122.675833888888973888,0.000000000000000000,238.000000000000000000,1749.535119047618991317,-2121.675833888888973888,,238.000000000000000000
2026-04-18,10,2026-04-18T03:30:00Z,2026-04-19T04:14:31Z,67.219999999999998863,67.219999999999998863,False,N,0.000000000000000000,-10.110379464285713880,0.00,0.00,67.219999999999998863,0.000000000000000000,1833.919047619047660191,-2082.025000000000090949,0.000000000000000000,238.000000000000000000,1833.919047619047660191,-2081.025000000000090949,,238.000000000000000000
2026-04-18,11,2026-04-18T04:00:00Z,2026-04-19T04:44:27Z,66.549999999999997158,66.549999999999997158,False,N,0.000000000000000000,-74.479881692937624393,0.00,0.00,66.549999999999997158,0.000000000000000000,1776.501547389185816428,-2089.186471683317449788,0.000000000000000000,238.000000000000000000,1776.501547389185816428,-2088.186471683317449788,,238.000000000000000000
2026-04-18,12,2026-04-18T04:30:00Z,2026-04-19T05:14:27Z,68.780000000000001137,68.780000000000001137,False,N,0.000000000000000000,-73.767070932539681394,0.00,0.00,68.780000000000001137,0.000000000000000000,1796.813484623015938269,-2108.213888888888959627,0.000000000000000000,238.000000000000000000,1796.813484623015938269,-2107.213888888888959627,,238.000000000000000000
2026-04-18,13,2026-04-18T05:00:00Z,2026-04-19T05:44:26Z,48.770000000000003126,48.770000000000003126,False,N,0.000000000000000000,-151.979238229166668361,0.00,0.00,48.770000000000003126,1.000000000000000000,1780.776239687500037689,-2170.630688532985914208,0.000000000000000000,238.000000000000000000,1780.776239687500037689,-2169.630688532985914208,,238.000000000000000000
2026-04-18,14,2026-04-18T05:30:00Z,2026-04-19T06:14:28Z,49.159999999999996589,49.159999999999996589,False,N,0.000000000000000000,-8.313681391568593426,0.00,0.00,,,1932.063697219542518724,-2178.538689166666699748,0.000000000000000000,238.000000000000000000,1932.063697219542518724,-2177.538689166666699748,,238.000000000000000000
2026-04-18,15,2026-04-18T06:00:00Z,2026-04-19T06:44:27Z,42.589328555342973459,42.589328555342973459,False,N,0.000000000000000000,-142.519787971308090846,0.00,0.00,43.555750000000003297,1.000000000000000000,2103.420956703189403925,-2246.012805473695152614,0.000000000000000000,0.000000000000000000,2103.420956703189403925,-2245.012805473695152614,,
2026-04-18,16,2026-04-18T06:30:00Z,2026-04-19T07:14:30Z,52.000000000000000000,52.000000000000000000,False,N,0.000000000000000000,-103.957826738834427260,0.00,0.00,52.000000000000000000,0.434633069444444464,2364.503441052832386049,-2468.338167411764516146,0.000000000000000000,0.000000000000000000,2364.503441052832386049,-2467.338167411764516146,,
2026-04-18,17,2026-04-18T07:00:00Z,2026-04-19T07:44:30Z,37.340000000000003411,37.340000000000003411,False,N,0.000000000000000000,-102.442642037037032310,0.00,0.00,,,2210.663573379629724514,-2313.227877175926096243,0.000000000000000000,0.000000000000000000,2210.663573379629724514,-2312.227877175926096243,,
2026-04-18,18,2026-04-18T07:30:00Z,2026-04-19T08:15:11Z,10.000000000000000000,10.000000000000000000,False,N,0.000000000000000000,-171.645492160472713294,0.00,0.00,,,2025.946179780828742878,-2197.450091102213718841,0.000000000000000000,0.000000000000000000,2025.946179780828742878,-2196.450091102213718841,,
2026-04-18,19,2026-04-18T08:00:00Z,2026-04-19T08:44:23Z,10.000000000000000000,10.000000000000000000,False,N,0.000000000000000000,-266.480991230158736016,0.00,0.00,,,1916.713197380952351523,-2183.506688611111258069,0.000000000000000000,0.000000000000000000,1916.713197380952351523,-2182.506688611111258069,,
2026-04-18,20,2026-04-18T08:30:00Z,2026-04-19T09:14:29Z,19.554761964058517520,19.554761964058517520,False,N,0.000000000000000000,-237.947961944444443816,0.00,0.00,19.693999999999999062,1.000000000000000000,1747.283334444444335531,-1985.113472222222299024,0.000000000000000000,0.000000000000000000,1747.283334444444335531,-1984.113472222222299024,,
2026-04-18,21,2026-04-18T09:00:00Z,2026-04-19T09:45:15Z,12.619999999999999218,12.619999999999999218,False,N,0.000000000000000000,-262.327088472222214932,0.00,0.00,12.619999999999999218,1.000000000000000000,1587.558328194444356996,-1849.793750000000045475,0.000000000000000000,0.000000000000000000,1587.558328194444356996,-1848.793750000000045475,,
2026-04-18,22,2026-04-18T09:30:00Z,2026-04-19T10:15:03Z,59.990000000000001990,59.990000000000001990,False,P,0.000000000000000000,41.825318981481480307,0.00,0.00,,,1772.419410648148186738,-1730.084412870370442761,0.000000000000000000,0.000000000000000000,1771.419410648148186738,-1730.084412870370442761,,
2026-04-18,23,2026-04-18T10:00:00Z,2026-04-19T10:44:32Z,115.000000000000000000,115.000000000000000000,False,P,0.000000000000000000,406.994199049783560440,0.00,0.00,,,1952.493901724205443315,-1545.402230751803699604,0.000000000000000000,0.000000000000000000,1951.493901724205443315,-1545.402230751803699604,,
2026-04-18,24,2026-04-18T10:30:00Z,2026-04-19T11:14:28Z,112.950000000000002842,112.950000000000002842,False,P,0.000000000000000000,257.132212098496097497,0.00,0.00,,,1751.614402256067251074,-1494.869385669974917619,0.000000000000000000,0.000000000000000000,1750.614402256067251074,-1494.869385669974917619,,
2026-04-18,25,2026-04-18T11:00:00Z,2026-04-19T11:44:29Z,112.750000000000000000,112.750000000000000000,False,P,0.000000000000000000,131.523356666666671799,0.00,0.00,,,1635.716627777777830488,-1504.251110277777797819,0.000000000000000000,0.000000000000000000,1634.716627777777830488,-1504.251110277777797819,,
2026-04-18,26,2026-04-18T11:30:00Z,2026-04-19T12:14:29Z,42.969999999999998863,42.969999999999998863,False,N,0.000000000000000000,-32.123563472222222970,0.00,0.00,42.969999999999998863,0.000000000000000000,1529.640603194444338442,-1561.543661527777885567,0.000000000000000000,0.000000000000000000,1529.640603194444338442,-1560.543661527777885567,,
2026-04-18,27,2026-04-18T12:00:00Z,2026-04-19T12:44:27Z,85.890000000000000568,85.890000000000000568,False,P,0.000000000000000000,68.014921041666667634,0.00,0.00,,,1653.965397291666704405,-1585.547619097222195705,0.000000000000000000,0.000000000000000000,1652.965397291666704405,-1585.547619097222195705,,
2026-04-18,28,2026-04-18T12:30:00Z,2026-04-19T13:14:29Z,90.230000000000003979,90.230000000000003979,False,P,0.000000000000000000,104.932267154854187652,0.00,0.00,,,1765.975898821520786441,-1661.023130575396862696,0.000000000000000000,0.000000000000000000,1764.975898821520786441,-1661.023130575396862696,,
2026-04-18,29,2026-04-18T13:00:00Z,2026-04-19T13:44:25Z,97.750000000000000000,97.750000000000000000,False,P,0.000000000000000000,49.445409027777778022,0.00,0.00,,,1595.768742361111208083,-1546.099999999999909051,0.000000000000000000,0.000000000000000000,1594.768742361111208083,-1546.099999999999909051,,
2026-04-18,30,2026-04-18T13:30:00Z,2026-04-19T14:15:01Z,103.899208653158027005,103.899208653158027005,False,P,0.000000000000000000,91.990120000000004552,0.00,0.00,,,1618.239647222222174605,-1526.978925694444342298,0.000000000000000000,0.000000000000000000,1617.239647222222174605,-1526.978925694444342298,,
2026-04-18,31,2026-04-18T14:00:00Z,2026-04-19T14:44:33Z,0.000000000000000000,0.000000000000000000,False,N,0.000000000000000000,-289.432886559829057660,0.00,0.00,,,1571.015384690171003967,-1860.598049722222185665,0.000000000000000000,0.000000000000000000,1571.015384690171003967,-1859.598049722222185665,,
2026-04-18,32,2026-04-18T14:30:00Z,2026-04-19T15:14:33Z,2.000000000000000000,2.000000000000000000,False,N,0.000000000000000000,-195.172820512820521799,0.00,0.00,2.000000000000000000,1.000000000000000000,1652.150000000000090949,-1847.462820512820599106,0.000000000000000000,0.000000000000000000,1652.150000000000090949,-1846.462820512820599106,,
2026-04-18,33,2026-04-18T15:00:00Z,2026-04-19T15:44:36Z,2.000000000000000000,2.000000000000000000,False,N,0.000000000000000000,-281.446401206896553049,0.00,0.00,2.000000000000000000,1.000000000000000000,1480.741671782089497356,-1763.128327406622474882,0.000000000000000000,0.000000000000000000,1480.741671782089497356,-1762.128327406622474882,,
2026-04-18,34,2026-04-18T15:30:00Z,2026-04-19T16:14:31Z,72.780000000000001137,72.780000000000001137,False,N,0.000000000000000000,-396.074166666666656056,0.00,0.00,72.780000000000001137,1.000000000000000000,1370.875000000000000000,-1767.541666666666742458,0.000000000000000000,0.000000000000000000,1370.875000000000000000,-1766.541666666666742458,,
2026-04-18,35,2026-04-18T16:00:00Z,2026-04-19T16:44:37Z,91.129999999999995453,91.129999999999995453,False,N,0.000000000000000000,-409.170555555555552019,0.00,0.00,91.129999999999995453,0.000000000000000000,1234.483333333333348492,-1632.125000000000000000,-11.439999999999999503,0.000000000000000000,1234.483333333333348492,-1631.125000000000000000,-11.439999999999999503,
2026-04-18,36,2026-04-18T16:30:00Z,2026-04-19T17:14:30Z,93.549999999999997158,93.549999999999997158,False,N,0.000000000000000000,-448.173413564814836718,0.00,0.00,93.549999999999997158,0.000000000000000000,1249.008253101851778410,-1685.686948611111120044,-11.439999999999999503,0.000000000000000000,1249.008253101851778410,-1684.686948611111120044,-11.439999999999999503,
2026-04-18,37,2026-04-18T17:00:00Z,2026-04-19T17:44:33Z,99.510000000000005116,99.510000000000005116,False,N,0.000000000000000000,-402.043660130718933488,0.00,0.00,99.510000000000005116,0.000000000000000000,1352.749673202614303591,-1743.186666666666724268,-11.439999999999999503,0.000000000000000000,1352.749673202614303591,-1742.186666666666724268,-11.439999999999999503,
2026-04-18,38,2026-04-18T17:30:00Z,2026-04-19T18:14:33Z,103.424809193364595217,103.424809193364595217,False,N,0.000000000000000000,-69.473003750641225906,0.00,0.00,105.459783783992008921,0.360557638888888865,1674.278358054914406239,-1731.707139347826114317,-11.439999999999999503,0.000000000000000000,1674.278358054914406239,-1730.707139347826114317,-11.439999999999999503,
2026-04-18,39,2026-04-18T18:00:00Z,2026-04-19T18:44:33Z,113.459999999999993747,113.459999999999993747,False,N,0.000000000000000000,-292.180116133751312191,0.00,0.00,113.459999999999993747,1.000000000000000000,1488.390239235022590947,-1779.048464337121231438,0.000000000000000000,0.000000000000000000,1488.390239235022590947,-1778.048464337121231438,,
2026-04-18,40,2026-04-18T18:30:00Z,2026-04-19T19:14:34Z,79.870000000000004547,79.870000000000004547,False,N,0.000000000000000000,-271.015407143582251592,0.00,0.00,79.870000000000004547,1.000000000000000000,1437.012540262269112645,-1708.152407535027805352,0.000000000000000000,0.000000000000000000,1437.012540262269112645,-1707.152407535027805352,,
2026-04-18,41,2026-04-18T19:00:00Z,2026-04-19T19:45:33Z,75.745130205099641785,75.745130205099641785,False,N,0.000000000000000000,-326.511327788461528598,0.00,0.00,78.121333333333339510,1.000000000000000000,1302.228501378205237415,-1628.728728429487091489,0.000000000000000000,0.000000000000000000,1302.228501378205237415,-1627.728728429487091489,,
2026-04-18,42,2026-04-18T19:30:00Z,2026-04-19T20:14:33Z,77.181272128673924726,77.181272128673924726,False,N,0.000000000000000000,-40.617650462962963331,0.00,0.00,79.011499999999998067,1.000000000000000000,1287.761579545448967110,-1327.837706119523090820,0.000000000000000000,0.000000000000000000,1287.761579545448967110,-1326.837706119523090820,,
2026-04-18,43,2026-04-18T20:00:00Z,2026-04-19T20:44:30Z,100.000000000000000000,100.000000000000000000,False,P,0.000000000000000000,6.236907638888888883,0.00,0.00,,,1238.451119166666558158,-1232.207789444444415494,0.000000000000000000,0.000000000000000000,1237.451119166666558158,-1232.207789444444415494,,
2026-04-18,44,2026-04-18T20:30:00Z,2026-04-19T21:15:01Z,74.329999999999998295,74.329999999999998295,False,N,0.000000000000000000,-87.703549166666661563,0.00,0.00,,,1000.540456666666614183,-1088.209353333333410774,0.000000000000000000,0.000000000000000000,1000.540456666666614183,-1087.209353333333410774,,
2026-04-18,45,2026-04-18T21:00:00Z,2026-04-19T21:44:32Z,73.000000000000000000,73.000000000000000000,False,N,0.000000000000000000,-269.733333333333348492,0.00,0.00,73.000000000000000000,1.000000000000000000,694.458333333333371229,-964.375000000000000000,0.000000000000000000,0.000000000000000000,694.458333333333371229,-963.375000000000000000,,
2026-04-18,46,2026-04-18T21:30:00Z,2026-04-19T22:14:52Z,71.563966228585982776,71.563966228585982776,False,N,0.000000000000000000,-242.312777777777768051,0.00,0.00,71.982833333333331893,1.000000000000000000,635.850714444444406581,-878.248492222222239434,0.000000000000000000,0.000000000000000000,635.850714444444406581,-877.248492222222239434,,
2026-04-18,47,2026-04-18T22:00:00Z,2026-04-19T22:44:30Z,94.180000000000006821,94.180000000000006821,False,P,0.000000000000000000,3.492878861111111011,0.00,0.00,,,756.283781277777734431,-752.973776722222169155,0.000000000000000000,0.000000000000000000,755.283781277777734431,-752.973776722222169155,,
2026-04-18,48,2026-04-18T22:30:00Z,2026-04-19T23:14:34Z,70.050897667140048952,70.050897667140048952,False,N,0.000000000000000000,-231.279804027777771580,0.00,0.00,70.109999999999999432,1.000000000000000000,722.826105694444436267,-953.982778472222207711,0.000000000000000000,0.000000000000000000,722.826105694444436267,-952.982778472222207711,,
2026-04-19,1,2026-04-18T23:00:00Z,2026-04-19T23:44:34Z,102.680000000000006821,102.680000000000006821,False,P,0.000000000000000000,54.420565486092591811,0.00,0.00,,,938.927023819425926376,-884.160348541648204446,0.000000000000000000,0.000000000000000000,937.927023819425926376,-884.160348541648204446,,
2026-04-19,2,2026-04-18T23:30:00Z,2026-04-20T00:14:50Z,61.240000000000001990,61.240000000000001990,False,N,0.000000000000000000,-29.764311249999998665,0.00,0.00,,,1016.415238692480329519,-1045.558567738437432126,0.000000000000000000,0.000000000000000000,1016.415238692480329519,-1044.558567738437432126,,
2026-04-19,3,2026-04-19T00:00:00Z,2026-04-20T00:44:30Z,102.719999999999998863,102.719999999999998863,False,P,0.000000000000000000,52.891026705943914976,0.00,0.00,,,1111.000290594832904389,-1057.719737261499403758,0.000000000000000000,0.000000000000000000,1110.000290594832904389,-1057.719737261499403758,,
2026-04-19,4,2026-04-19T00:30:00Z,2026-04-20T01:14:37Z,108.900000000000005684,108.900000000000005684,False,P,0.000000000000000000,80.861034444444442215,0.00,0.00,,,1114.107747499999959473,-1033.096636250000074142,0.000000000000000000,0.000000000000000000,1113.107747499999959473,-1033.096636250000074142,,
2026-04-19,5,2026-04-19T01:00:00Z,2026-04-20T01:44:31Z,108.900000000000005684,108.900000000000005684,False,P,0.000000000000000000,154.021688743686866019,0.00,0.00,,,1205.713402910353579500,-1051.796388027790499109,0.000000000000000000,0.000000000000000000,1204.713402910353579500,-1051.796388027790499109,,
2026-04-19,6,2026-04-19T01:30:00Z,2026-04-20T02:15:10Z,104.958443013292679780,104.958443013292679780,False,P,0.000000000000000000,71.952060378205132452,0.00,0.00,,,1115.962477044871775433,-1044.042106863247909132,0.000000000000000000,0.000000000000000000,1114.962477044871775433,-1044.042106863247909132,,
2026-04-19,7,2026-04-19T02:00:00Z,2026-04-20T02:44:39Z,94.349999999999994316,94.349999999999994316,False,N,0.000000000000000000,-59.341667638888885961,0.00,0.00,94.349999999999994316,0.000000000000000000,898.995832361111069986,-957.741666666666674246,0.000000000000000000,0.000000000000000000,898.995832361111069986,-956.741666666666674246,,
2026-04-19,8,2026-04-19T02:30:00Z,2026-04-20T03:14:42Z,77.450000000000002842,77.450000000000002842,False,N,0.000000000000000000,-25.629166250000000815,0.00,0.00,77.450000000000002842,1.000000000000000000,853.441667083333300070,-878.912500000000022737,0.000000000000000000,0.000000000000000000,853.441667083333300070,-877.912500000000022737,,
2026-04-19,9,2026-04-19T03:00:00Z,2026-04-20T03:44:38Z,98.069999999999993179,98.069999999999993179,False,P,0.000000000000000000,17.011010681216930607,0.00,0.00,,,842.398384570105804414,-825.303936435185164555,0.000000000000000000,0.000000000000000000,841.398384570105804414,-825.303936435185164555,,
2026-04-19,10,2026-04-19T03:30:00Z,2026-04-20T04:15:00Z,103.609999999999999432,103.609999999999999432,False,P,0.000000000000000000,66.757733194444440983,0.00,0.00,,,987.964677638888929323,-920.745370277777738011,0.000000000000000000,0.000000000000000000,986.964677638888929323,-920.745370277777738011,,
2026-04-19,11,2026-04-19T04:00:00Z,2026-04-20T04:44:37Z,114.500000000000000000,114.500000000000000000,False,P,0.000000000000000000,219.980642744408356748,0.00,0.00,,,1017.472309411075002572,-797.375126529344242954,0.000000000000000000,0.000000000000000000,1016.472309411075002572,-797.375126529344242954,,
2026-04-19,12,2026-04-19T04:30:00Z,2026-04-20T05:14:32Z,113.950000000000002842,113.950000000000002842,False,P,0.000000000000000000,92.074242424242427774,0.00,0.00,,,914.824242424242470406,-822.866666666666674246,0.000000000000000000,0.000000000000000000,913.824242424242470406,-822.866666666666674246,,
2026-04-19,13,2026-04-19T05:00:00Z,2026-04-20T05:45:29Z,67.670000000000001705,67.670000000000001705,False,N,0.000000000000000000,-174.588141944444430465,0.00,0.00,,,880.455125138888888614,-1055.084291805555494648,0.000000000000000000,0.000000000000000000,880.455125138888888614,-1054.084291805555494648,,
2026-04-19,14,2026-04-19T05:30:00Z,2026-04-20T06:15:17Z,103.280000000000001137,103.280000000000001137,False,P,0.000000000000000000,36.832302916666670001,0.00,0.00,,,970.043498194444396177,-933.851832083333306400,0.000000000000000000,0.000000000000000000,969.043498194444396177,-933.851832083333306400,,
2026-04-19,15,2026-04-19T06:00:00Z,2026-04-20T06:44:33Z,116.489999999999994884,116.489999999999994884,False,P,0.000000000000000000,64.302777777777777146,0.00,0.00,,,972.950000000000045475,-909.075000000000045475,0.000000000000000000,0.000000000000000000,971.950000000000045475,-909.075000000000045475,,
2026-04-19,16,2026-04-19T06:30:00Z,2026-04-20T07:14:41Z,116.489999999999994884,116.489999999999994884,False,P,0.000000000000000000,55.833332446488697087,0.00,0.00,,,1013.433333577441089801,-958.191667553511251754,0.000000000000000000,0.000000000000000000,1012.433333577441089801,-958.191667553511251754,,
2026-04-19,17,2026-04-19T07:00:00Z,2026-04-20T07:44:37Z,123.500000000000000000,123.500000000000000000,False,P,0.000000000000000000,378.050000000000011369,0.00,0.00,,,951.483333333333348492,-573.649999999999977263,0.000000000000000000,0.000000000000000000,950.483333333333348492,-573.649999999999977263,,
2026-04-19,18,2026-04-19T07:30:00Z,2026-04-20T08:15:30Z,116.500000000000000000,116.500000000000000000,False,P,0.000000000000000000,82.535833333333329165,0.00,0.00,,,889.208333333333371229,-807.014166666666710626,0.000000000000000000,0.000000000000000000,888.208333333333371229,-807.014166666666710626,,
2026-04-19,19,2026-04-19T08:00:00Z,2026-04-20T08:44:37Z,55.750000000000000000,55.750000000000000000,False,N,0.000000000000000000,-24.204999999999998295,0.00,0.00,,,881.316666666666719721,-906.029999999999972715,0.000000000000000000,0.000000000000000000,881.316666666666719721,-905.029999999999972715,,
2026-04-19,20,2026-04-19T08:30:00Z,2026-04-20T09:14:38Z,46.460000000000000853,46.460000000000000853,False,N,0.000000000000000000,-186.864358333333342443,0.00,0.00,,,795.000000000000000000,-981.989999305555556930,0.000000000000000000,0.000000000000000000,795.000000000000000000,-980.989999305555556930,,
2026-04-19,21,2026-04-19T09:00:00Z,2026-04-20T09:44:41Z,116.500000000000000000,116.500000000000000000,False,P,0.000000000000000000,126.211111111111108585,0.00,0.00,,,795.000000000000000000,-669.456667083333286428,0.000000000000000000,0.000000000000000000,794.000000000000000000,-669.456667083333286428,,
2026-04-19,22,2026-04-19T09:30:00Z,2026-04-20T10:14:34Z,38.469999999999998863,38.469999999999998863,False,N,0.000000000000000000,-105.003556944444440546,0.00,0.00,,,795.000000000000000000,-900.433611111111076752,0.000000000000000000,0.000000000000000000,795.000000000000000000,-899.433611111111076752,,
2026-04-19,23,2026-04-19T10:00:00Z,2026-04-20T10:44:44Z,42.259999999999998010,42.259999999999998010,False,N,0.000000000000000000,-162.059720416666664278,0.00,0.00,,,828.800005138888877809,-990.966670000000021901,0.000000000000000000,0.000000000000000000,828.800005138888877809,-989.966670000000021901,,
2026-04-19,24,2026-04-19T10:30:00Z,2026-04-20T11:14:33Z,116.500000000000000000,116.500000000000000000,False,P,0.000000000000000000,209.603255202020193337,0.00,0.00,,,814.475007448614064742,-605.333326844315251947,0.000000000000000000,0.000000000000000000,813.475007448614064742,-605.333326844315251947,,
2026-04-19,25,2026-04-19T11:00:00Z,2026-04-20T11:44:35Z,116.500000000000000000,116.500000000000000000,False,P,0.000000000000000000,141.649479511500004492,0.00,0.00,,,796.101617499999974825,-655.093280488499999592,0.000000000000000000,0.000000000000000000,795.101617499999974825,-655.093280488499999592,,
2026-04-19,26,2026-04-19T11:30:00Z,2026-04-20T12:16:01Z,133.000000000000000000,133.000000000000000000,False,P,0.000000000000000000,342.845000000000027285,0.00,0.00,,,824.003333333333330302,-481.066666666666662877,0.000000000000000000,0.000000000000000000,823.003333333333330302,-481.066666666666662877,,
2026-04-19,27,2026-04-19T12:00:00Z,2026-04-20T12:49:58Z,110.000000000000000000,110.000000000000000000,False,P,0.000000000000000000,550.072839444444412038,0.00,0.00,,,1479.402713194444459077,-429.261042777777788615,-500.000000000000000000,0.000000000000000000,1478.402713194444459077,-429.261042777777788615,-500.000000000000000000,
2026-04-19,28,2026-04-19T12:30:00Z,2026-04-20T13:14:31Z,106.739999999999994884,106.739999999999994884,False,P,0.000000000000000000,110.201318749999998658,0.00,0.00,,,1082.366675833333374612,-472.198343194444419169,-500.000000000000000000,0.000000000000000000,1081.366675833333374612,-472.198343194444419169,-500.000000000000000000,
2026-04-19,29,2026-04-19T13:00:00Z,2026-04-20T13:44:27Z,111.000000000000000000,111.000000000000000000,False,P,0.000000000000000000,54.437801527777779143,0.00,0.00,,,946.746134861111158898,-392.224049722222218861,-500.000000000000000000,0.000000000000000000,945.746134861111158898,-392.224049722222218861,-500.000000000000000000,
2026-04-19,30,2026-04-19T13:30:00Z,2026-04-20T14:14:32Z,115.950000000000002842,115.950000000000002842,False,P,0.000000000000000000,317.659499089506198288,0.00,0.00,,,970.589499089506148266,-153.791666666666657193,-500.000000000000000000,0.000000000000000000,969.589499089506148266,-153.791666666666657193,-500.000000000000000000,
2026-04-19,31,2026-04-19T14:00:00Z,2026-04-20T14:44:31Z,115.950000000000002842,115.950000000000002842,False,P,0.000000000000000000,36.501982098765431317,0.00,0.00,,,696.936879320987600295,-410.943647222222239179,-250.000000000000000000,0.000000000000000000,695.936879320987600295,-410.943647222222239179,-250.000000000000000000,
2026-04-19,32,2026-04-19T14:30:00Z,2026-04-20T15:14:32Z,75.760000000000005116,75.760000000000005116,False,N,0.000000000000000000,-111.804453665254243333,0.00,0.00,,,687.629709390301286476,-550.039464861111127902,-250.000000000000000000,0.000000000000000000,687.629709390301286476,-549.039464861111127902,-250.000000000000000000,
2026-04-19,33,2026-04-19T15:00:00Z,2026-04-20T15:44:57Z,73.000000000000000000,73.000000000000000000,False,N,0.000000000000000000,-194.064345391763311000,0.00,0.00,,,586.267005825341925629,-780.678321008771945344,0.000000000000000000,0.000000000000000000,586.267005825341925629,-779.678321008771945344,,
2026-04-19,34,2026-04-19T15:30:00Z,2026-04-20T16:14:38Z,73.000000000000000000,73.000000000000000000,False,N,0.000000000000000000,-76.472947613636364395,0.00,0.00,,,518.500001601548660801,-595.586110495863636061,0.000000000000000000,0.000000000000000000,518.500001601548660801,-594.586110495863636061,,
2026-04-19,35,2026-04-19T16:00:00Z,2026-04-20T16:45:14Z,77.689999999999997726,77.689999999999997726,False,N,0.000000000000000000,-115.398060549450548251,0.00,0.00,,,503.941667592592580149,-619.756393882783868321,0.000000000000000000,0.000000000000000000,503.941667592592580149,-618.756393882783868321,,
2026-04-19,36,2026-04-19T16:30:00Z,2026-04-20T17:14:29Z,79.010000000000005116,79.010000000000005116,False,N,0.000000000000000000,-144.358936896436887309,0.00,0.00,,,628.899999999999977263,-773.517270229770247170,0.000000000000000000,0.000000000000000000,628.899999999999977263,-772.517270229770247170,,
2026-04-19,37,2026-04-19T17:00:00Z,2026-04-20T17:45:16Z,81.000000000000000000,81.000000000000000000,False,N,0.000000000000000000,-64.154926412563128224,0.00,0.00,,,651.789473524305549290,-716.316622159090911737,0.000000000000000000,0.000000000000000000,651.789473524305549290,-715.316622159090911737,,
2026-04-19,38,2026-04-19T17:30:00Z,2026-04-20T18:14:23Z,137.599999999999994316,137.599999999999994316,False,P,0.000000000000000000,205.879646464646469894,0.00,0.00,,,648.000000000000000000,-442.203686868686872913,0.000000000000000000,0.000000000000000000,647.000000000000000000,-442.203686868686872913,,
2026-04-19,39,2026-04-19T18:00:00Z,2026-04-20T18:44:31Z,137.599999999999994316,137.599999999999994316,False,P,0.000000000000000000,146.460213434347224393,0.00,0.00,,,648.008335176763921481,-501.891666565652769805,0.000000000000000000,0.000000000000000000,647.008335176763921481,-501.891666565652769805,,
2026-04-19,40,2026-04-19T18:30:00Z,2026-04-20T19:14:37Z,94.609999999999999432,94.609999999999999432,False,N,0.000000000000000000,-76.026498470405840635,0.00,0.00,,,713.000009666281016507,-789.448336248183636599,0.000000000000000000,0.000000000000000000,713.000009666281016507,-788.448336248183636599,,
2026-04-19,41,2026-04-19T19:00:00Z,2026-04-20T19:44:30Z,137.599999999999994316,137.599999999999994316,False,P,0.000000000000000000,163.350000833333325545,0.00,0.00,,,648.009677419354829908,-485.308333194444458059,-0.116000000000000006,0.000000000000000000,647.009677419354829908,-485.308333194444458059,-0.116000000000000006,
2026-04-19,42,2026-04-19T19:30:00Z,2026-04-20T20:14:31Z,97.569999999999993179,97.569999999999993179,False,N,0.000000000000000000,-61.520001160910574356,0.00,0.00,,,692.293334216466178077,-754.055001160910592262,-0.129000000000000004,0.000000000000000000,692.293334216466178077,-753.055001160910592262,-0.129000000000000004,
2026-04-19,43,2026-04-19T20:00:00Z,2026-04-20T20:44:29Z,140.000000000000000000,140.000000000000000000,False,P,0.000000000000000000,188.328833371212112979,0.00,0.00,,,825.099666805555557403,-636.866666628787925220,-0.116000000000000006,0.000000000000000000,824.099666805555557403,-636.866666628787925220,-0.116000000000000006,
2026-04-19,44,2026-04-19T20:30:00Z,2026-04-20T21:14:28Z,140.000000000000000000,140.000000000000000000,False,P,0.000000000000000000,106.162922383512551505,0.00,0.00,,,748.543205716845932329,-642.650516428571449978,-0.109000000000000000,0.000000000000000000,747.543205716845932329,-642.650516428571449978,-0.109000000000000000,
2026-04-19,45,2026-04-19T21:00:00Z,2026-04-20T21:44:29Z,140.000000000000000000,140.000000000000000000,False,P,0.000000000000000000,14.431816982059158860,0.00,0.00,,,754.655886004579883775,-740.482446584249032639,0.000000000000000000,0.000000000000000000,753.655886004579883775,-740.482446584249032639,,
2026-04-19,46,2026-04-19T21:30:00Z,2026-04-20T22:14:29Z,80.000000000000000000,80.000000000000000000,False,N,0.000000000000000000,-246.119308955778507197,0.00,0.00,,,816.537816666666685705,-1063.007125622445300905,0.000000000000000000,0.000000000000000000,816.537816666666685705,-1062.007125622445300905,,
2026-04-19,47,2026-04-19T22:00:00Z,2026-04-20T22:44:32Z,83.250000000000000000,83.250000000000000000,False,N,0.000000000000000000,-157.282698913492168913,0.00,0.00,,,835.725000000000022737,-993.058278635714373195,0.000000000000000000,0.000000000000000000,835.725000000000022737,-992.058278635714373195,,
2026-04-19,48,2026-04-19T22:30:00Z,2026-04-20T23:14:33Z,79.010000000000005116,79.010000000000005116,False,N,0.000000000000000000,-284.890885307454880149,0.00,0.00,,,931.551447299382743950,-1216.143320958957929179,0.000000000000000000,0.000000000000000000,931.551447299382743950,-1215.143320958957929179,,
2026-04-20,1,2026-04-19T23:00:00Z,2026-04-20T23:44:27Z,79.010000000000005116,79.010000000000005116,False,N,0.000000000000000000,-156.047854319923004596,0.00,0.00,,,1083.944904152472190617,-990.092758472395189528,-250.000000000000000000,0.000000000000000000,1083.944904152472190617,-989.092758472395189528,-250.000000000000000000,
2026-04-20,2,2026-04-19T23:30:00Z,2026-04-21T00:14:32Z,79.099999999999994316,79.099999999999994316,False,N,0.000000000000000000,-175.821702870617940562,0.00,0.00,,,973.000000000000000000,-899.466702870617950794,-250.000000000000000000,0.000000000000000000,973.000000000000000000,-898.466702870617950794,-250.000000000000000000,
2026-04-20,3,2026-04-20T00:00:00Z,2026-04-21T00:44:28Z,79.010000000000005116,79.010000000000005116,False,N,0.000000000000000000,-233.148038987232581576,0.00,0.00,,,935.504882281746063200,-918.886927876121490044,-250.000000000000000000,0.000000000000000000,935.504882281746063200,-917.886927876121490044,-250.000000000000000000,
2026-04-20,4,2026-04-20T00:30:00Z,2026-04-21T01:14:31Z,79.870126582278487604,79.870126582278487604,False,N,0.000000000000000000,-67.115762539682535248,0.00,0.00,,,988.000000000000000000,-805.140762539682555143,-250.000000000000000000,0.000000000000000000,988.000000000000000000,-805.140762539682555143,-249.000000000000000000,
2026-04-20,5,2026-04-20T01:00:00Z,2026-04-21T01:44:29Z,79.010000000000005116,79.010000000000005116,False,N,0.000000000000000000,-191.468628284313723498,0.00,0.00,,,935.500000000000000000,-876.968628284313695076,-250.000000000000000000,0.000000000000000000,935.500000000000000000,-875.968628284313695076,-250.000000000000000000,
2026-04-20,6,2026-04-20T01:30:00Z,2026-04-21T02:16:30Z,79.010000000000005116,79.010000000000005116,False,N,0.000000000000000000,-181.523784836601294046,0.00,0.00,,,998.208333333333371229,-930.403784836601289499,-250.000000000000000000,0.000000000000000000,998.208333333333371229,-929.403784836601289499,-250.000000000000000000,
2026-04-20,7,2026-04-20T02:00:00Z,2026-04-21T02:44:30Z,79.019999999999996021,79.019999999999996021,False,N,0.000000000000000000,-146.603324124579131649,0.00,0.00,,,935.766800138888925176,-832.579990791245791115,-250.000000000000000000,0.000000000000000000,935.766800138888925176,-832.579990791245791115,-249.000000000000000000,
2026-04-20,8,2026-04-20T02:30:00Z,2026-04-21T03:14:29Z,79.010000000000005116,79.010000000000005116,False,N,0.000000000000000000,-210.812754822595707083,0.00,0.00,,,935.524999999999977263,-896.873727044817883325,-250.000000000000000000,0.000000000000000000,935.524999999999977263,-895.873727044817883325,-250.000000000000000000,
2026-04-20,9,2026-04-20T03:00:00Z,2026-04-21T03:44:28Z,79.010000000000005116,79.010000000000005116,False,N,0.000000000000000000,-464.353678482462896682,0.00,0.00,,,975.500005555555503634,-1190.815781538018427455,-250.000000000000000000,0.000000000000000000,975.500005555555503634,-1189.815781538018427455,-250.000000000000000000,
2026-04-20,10,2026-04-20T03:30:00Z,2026-04-21T04:15:35Z,79.010000000000005116,79.010000000000005116,False,N,0.000000000000000000,-563.048290315125996131,0.00,0.00,,,935.500032777777732917,-1249.152894342903891811,-250.000000000000000000,0.000000000000000000,935.500032777777732917,-1248.152894342903891811,-250.000000000000000000,
2026-04-20,11,2026-04-20T04:00:00Z,2026-04-21T04:44:26Z,79.010000000000005116,79.010000000000005116,False,N,0.000000000000000000,-271.384973991213030331,0.00,0.00,,,935.500000000000000000,-1207.172473991213109912,0.000000000000000000,0.000000000000000000,935.500000000000000000,-1206.172473991213109912,,
2026-04-20,12,2026-04-20T04:30:00Z,2026-04-21T05:14:28Z,79.010000000000005116,79.010000000000005116,False,N,0.000000000000000000,-132.577126765619993876,0.00,0.00,,,951.750000000000000000,-1085.231237876731029246,0.000000000000000000,0.000000000000000000,951.750000000000000000,-1084.231237876731029246,,
2026-04-20,13,2026-04-20T05:00:00Z,2026-04-21T05:44:26Z,148.550944061703432908,148.550944061703432908,False,P,0.000000000000000000,326.214872592135520790,0.00,0.00,148.293042987500001573,1.000000000000000000,1058.439014989316319770,-732.443372130086686411,0.000000000000000000,0.000000000000000000,1057.439014989316319770,-732.443372130086686411,,
2026-04-20,14,2026-04-20T05:30:00Z,2026-04-21T06:15:23Z,144.439999999999997726,144.439999999999997726,False,P,0.000000000000000000,517.065136802570009422,0.00,0.00,144.439999999999997726,1.000000000000000000,1038.399997316308372319,-521.371092443559405183,0.000000000000000000,0.000000000000000000,1037.399997316308372319,-521.371092443559405183,,
2026-04-20,15,2026-04-20T06:00:00Z,2026-04-21T06:44:31Z,145.000000000000000000,145.000000000000000000,False,P,0.000000000000000000,509.722439591014904181,0.00,0.00,145.000000000000000000,1.000000000000000000,1124.722261967654048931,-615.561905015527941032,0.000000000000000000,0.000000000000000000,1123.722261967654048931,-615.561905015527941032,,
2026-04-20,16,2026-04-20T06:30:00Z,2026-04-21T07:14:25Z,144.000000000000000000,144.000000000000000000,False,P,0.000000000000000000,356.409460652218172072,0.00,0.00,,,1056.700688155270654534,-700.538788336385891853,0.000000000000000000,0.000000000000000000,1055.700688155270654534,-700.538788336385891853,,
2026-04-20,17,2026-04-20T07:00:00Z,2026-04-21T07:44:28Z,143.000000000000000000,143.000000000000000000,False,P,0.000000000000000000,310.032804781746051503,0.00,0.00,,,1038.795000000000072760,-729.074181884920676566,0.000000000000000000,0.000000000000000000,1037.795000000000072760,-729.074181884920676566,,
2026-04-20,18,2026-04-20T07:30:00Z,2026-04-21T08:14:36Z,134.449999999999988631,134.449999999999988631,False,P,0.000000000000000000,52.723456339869279930,0.00,0.00,,,881.227029444444497130,-828.408130882352907065,0.000000000000000000,0.000000000000000000,880.227029444444497130,-828.408130882352907065,,
2026-04-20,19,2026-04-20T08:00:00Z,2026-04-21T08:44:37Z,134.449999999999988631,134.449999999999988631,False,P,0.000000000000000000,73.737032635365949318,0.00,0.00,,,638.340505642168750455,-564.948328262420773171,0.000000000000000000,0.000000000000000000,637.340505642168750455,-564.948328262420773171,,
2026-04-20,20,2026-04-20T08:30:00Z,2026-04-21T09:14:37Z,79.200000000000002842,79.200000000000002842,False,N,0.000000000000000000,-82.570207799006553273,0.00,0.00,,,667.916434394078123660,-750.707905021228725673,0.000000000000000000,0.000000000000000000,667.916434394078123660,-749.707905021228725673,,
2026-04-20,21,2026-04-20T09:00:00Z,2026-04-21T09:45:00Z,76.400000000000005684,76.400000000000005684,False,N,0.000000000000000000,-167.292286469080693223,0.00,0.00,,,641.808355345568770645,-809.358953135747356100,0.000000000000000000,0.000000000000000000,641.808355345568770645,-808.358953135747356100,,
2026-04-20,22,2026-04-20T09:30:00Z,2026-04-21T10:14:32Z,76.319999999999993179,76.319999999999993179,False,N,0.000000000000000000,-289.997224325176148341,0.00,0.00,,,686.833333644172512322,-976.900002102953862959,0.000000000000000000,0.000000000000000000,686.833333644172512322,-975.900002102953862959,,
2026-04-20,23,2026-04-20T10:00:00Z,2026-04-21T10:44:50Z,76.319999999999993179,76.319999999999993179,False,N,0.000000000000000000,-296.812079027777770079,0.00,0.00,,,782.833333333333371229,-1080.174995694444533001,0.000000000000000000,0.000000000000000000,782.833333333333371229,-1079.174995694444533001,,
2026-04-20,24,2026-04-20T10:30:00Z,2026-04-21T11:14:37Z,76.400000000000005684,76.400000000000005684,False,N,0.000000000000000000,-193.906861031746018398,0.00,0.00,,,806.389583333333348492,-1000.160981309523776872,0.000000000000000000,0.000000000000000000,806.389583333333348492,-999.160981309523776872,,
2026-04-20,25,2026-04-20T11:00:00Z,2026-04-21T11:45:01Z,105.950000000000002842,105.950000000000002842,False,P,0.000000000000000000,63.204760079365080117,0.00,0.00,,,843.500000000000000000,-780.311906587301564286,0.000000000000000000,0.000000000000000000,842.500000000000000000,-780.311906587301564286,,
2026-04-20,26,2026-04-20T11:30:00Z,2026-04-21T12:14:42Z,76.400000000000005684,76.400000000000005684,False,N,0.000000000000000000,-79.017951245039682817,0.00,0.00,,,797.500043519345240384,-877.213784578373065415,0.000000000000000000,0.000000000000000000,797.500043519345240384,-876.213784578373065415,,
2026-04-20,27,2026-04-20T12:00:00Z,2026-04-21T12:46:15Z,76.400000000000005684,76.400000000000005684,False,N,0.000000000000000000,-218.961901997179552382,0.00,0.00,,,828.845630661719155796,-1047.779759933686591467,0.000000000000000000,0.000000000000000000,828.845630661719155796,-1046.779759933686591467,,
2026-04-20,28,2026-04-20T12:30:00Z,2026-04-21T13:14:30Z,76.409999999999996589,76.409999999999996589,False,N,0.000000000000000000,-64.135946523809522546,0.00,0.00,,,859.720494376984106566,-923.952613190476199634,0.000000000000000000,0.000000000000000000,859.720494376984106566,-922.952613190476199634,,
2026-04-20,29,2026-04-20T13:00:00Z,2026-04-21T13:45:13Z,105.950000000000002842,105.950000000000002842,False,P,0.000000000000000000,159.589869709595973291,0.00,0.00,,,896.983604045138918082,-737.810126957070679055,0.000000000000000000,0.000000000000000000,895.983604045138918082,-737.810126957070679055,,
2026-04-20,30,2026-04-20T13:30:00Z,2026-04-21T14:14:40Z,111.500000000000000000,111.500000000000000000,False,P,0.000000000000000000,410.272858339598997190,0.00,0.00,,,986.858764360661211867,-576.618812625313239550,0.000000000000000000,0.000000000000000000,985.858764360661211867,-576.618812625313239550,,
2026-04-20,31,2026-04-20T14:00:00Z,2026-04-21T14:44:34Z,105.950000000000002842,105.950000000000002842,False,P,0.000000000000000000,145.502619113527515537,0.00,0.00,,,884.970719194099160632,-739.940804292905227157,0.000000000000000000,0.000000000000000000,883.970719194099160632,-739.940804292905227157,,
2026-04-20,32,2026-04-20T14:30:00Z,2026-04-21T15:14:36Z,105.950000000000002842,105.950000000000002842,False,P,0.000000000000000000,171.852580337516940290,0.00,0.00,,,924.566134704541582323,-753.163091033691216580,0.000000000000000000,0.000000000000000000,923.566134704541582323,-753.163091033691216580,,
2026-04-20,33,2026-04-20T15:00:00Z,2026-04-21T15:44:30Z,78.560000000000002274,78.560000000000002274,False,N,0.000000000000000000,-248.851586944444449045,0.00,0.00,,,966.415816666666614765,-1215.389920277777719093,0.000000000000000000,0.000000000000000000,966.415816666666614765,-1214.389920277777719093,,
2026-04-20,34,2026-04-20T15:30:00Z,2026-04-21T16:14:30Z,78.810000000000002274,78.810000000000002274,False,N,0.000000000000000000,-199.136169737168955862,0.00,0.00,,,1088.580836388888883448,-1287.971172792724473766,0.000000000000000000,0.000000000000000000,1088.580836388888883448,-1286.971172792724473766,,
2026-04-20,35,2026-04-20T16:00:00Z,2026-04-21T16:45:20Z,85.230000000000003979,85.230000000000003979,False,N,0.000000000000000000,-17.363831367521367355,0.00,0.00,,,899.750006944444407964,-917.297164700854750663,0.000000000000000000,0.000000000000000000,899.750006944444407964,-916.297164700854750663,,
2026-04-20,36,2026-04-20T16:30:00Z,2026-04-21T17:14:34Z,93.189999999999997726,93.189999999999997726,False,N,0.000000000000000000,-3.710084087301587452,0.00,0.00,,,774.164018529411805503,-777.877076816059798148,0.000000000000000000,0.000000000000000000,774.164018529411805503,-776.877076816059798148,,
2026-04-20,37,2026-04-20T17:00:00Z,2026-04-21T17:44:32Z,139.800000000000011369,139.800000000000011369,False,P,0.000000000000000000,249.436995705338290463,0.00,0.00,,,763.004175088312535991,-513.872314572439449876,0.000000000000000000,0.000000000000000000,762.004175088312535991,-513.872314572439449876,,
2026-04-20,38,2026-04-20T17:30:00Z,2026-04-21T18:14:33Z,85.000000000000000000,85.000000000000000000,False,N,0.000000000000000000,-33.830297931400281186,0.00,0.00,,,844.530140049767965138,-877.550968799481552196,0.000000000000000000,0.000000000000000000,844.530140049767965138,-876.550968799481552196,,
2026-04-20,39,2026-04-20T18:00:00Z,2026-04-21T18:44:34Z,139.800000000000011369,139.800000000000011369,False,P,0.000000000000000000,411.806425297599218993,0.00,0.00,,,830.896875671456314194,-419.119375376984123704,0.000000000000000000,0.000000000000000000,829.896875671456314194,-419.119375376984123704,,
2026-04-20,40,2026-04-20T18:30:00Z,2026-04-21T19:14:32Z,139.800000000000011369,139.800000000000011369,False,P,0.000000000000000000,284.292899444444458368,0.00,0.00,,,764.915437222222180935,-480.745433888888896945,0.000000000000000000,0.000000000000000000,763.915437222222180935,-480.745433888888896945,,
2026-04-20,41,2026-04-20T19:00:00Z,2026-04-21T19:44:39Z,139.900000000000005684,139.900000000000005684,False,P,0.000000000000000000,446.971447996031770344,0.00,0.00,,,768.000000000000000000,-321.484107559523806685,0.000000000000000000,0.000000000000000000,767.000000000000000000,-321.484107559523806685,,
2026-04-20,42,2026-04-20T19:30:00Z,2026-04-21T20:14:41Z,139.800000000000011369,139.800000000000011369,False,P,0.000000000000000000,398.696598670634898554,0.00,0.00,,,763.000000000000000000,-392.463401329365069614,0.000000000000000000,28.160000000000000142,762.000000000000000000,-392.463401329365069614,,28.160000000000000142
2026-04-20,43,2026-04-20T20:00:00Z,2026-04-21T20:44:35Z,134.000000000000000000,134.000000000000000000,False,P,0.000000000000000000,16.186719537037035366,0.00,0.00,,,728.916984074074093769,-713.021613796296264809,0.000000000000000000,0.000000000000000000,727.916984074074093769,-713.021613796296264809,,
2026-04-20,44,2026-04-20T20:30:00Z,2026-04-21T21:14:30Z,139.800000000000011369,139.800000000000011369,False,P,0.000000000000000000,295.564047619047642002,0.00,0.00,,,648.004166666666719721,-352.881785714285740596,0.000000000000000000,0.000000000000000000,647.004166666666719721,-352.881785714285740596,,
2026-04-20,45,2026-04-20T21:00:00Z,2026-04-21T21:45:44Z,116.900000000000005684,116.900000000000005684,False,P,0.000000000000000000,156.743402539682534780,0.00,0.00,,,648.000002043650738415,-491.923264126984122413,0.000000000000000000,0.000000000000000000,647.000002043650738415,-491.923264126984122413,,
2026-04-20,46,2026-04-20T21:30:00Z,2026-04-21T22:14:53Z,116.900000000000005684,116.900000000000005684,False,P,0.000000000000000000,163.275365147740075145,0.00,0.00,,,665.788853392812484344,-502.819595963371000380,0.000000000000000000,0.000000000000000000,664.788853392812484344,-502.819595963371000380,,
2026-04-20,47,2026-04-20T22:00:00Z,2026-04-21T22:44:32Z,74.209999999999993747,74.209999999999993747,False,N,0.000000000000000000,-139.932744461420924154,0.00,0.00,,,554.825001111111077989,-932.973577794754305614,0.000000000000000000,238.000000000000000000,554.825001111111077989,-931.973577794754305614,,238.000000000000000000
2026-04-20,48,2026-04-20T22:30:00Z,2026-04-21T23:14:34Z,74.250000000000000000,74.250000000000000000,False,N,0.000000000000000000,-67.273832754689749436,0.00,0.00,,,617.612561249999998836,-923.224475532467522498,0.000000000000000000,238.000000000000000000,617.612561249999998836,-922.224475532467522498,,238.000000000000000000
2026-04-21,1,2026-04-20T23:00:00Z,2026-04-21T23:44:35Z,90.780000000000001137,90.780000000000001137,False,P,0.000000000000000000,92.046345767195774101,0.00,0.00,90.780000000000001137,0.000000000000000000,617.000000000000000000,-763.530860482804200728,0.000000000000000000,238.000000000000000000,616.000000000000000000,-763.530860482804200728,,238.000000000000000000
2026-04-21,2,2026-04-20T23:30:00Z,2026-04-22T00:14:33Z,74.200000000000002842,74.200000000000002842,False,N,0.000000000000000000,-29.976702647907647048,0.00,0.00,,,617.018749999999954525,-885.473879175685397058,0.000000000000000000,238.000000000000000000,617.018749999999954525,-884.473879175685397058,,238.000000000000000000
2026-04-21,3,2026-04-21T00:00:00Z,2026-04-22T00:44:33Z,74.250000000000000000,74.250000000000000000,False,N,0.000000000000000000,-110.381614246031745097,0.00,0.00,,,617.033333333333303017,-966.530954999999948996,0.000000000000000000,238.000000000000000000,617.033333333333303017,-965.530954999999948996,,238.000000000000000000
2026-04-21,4,2026-04-21T00:30:00Z,2026-04-22T01:14:35Z,74.250000000000000000,74.250000000000000000,False,N,0.000000000000000000,-103.702077916666667079,0.00,0.00,,,627.000000000000000000,-969.068744583333341325,0.000000000000000000,238.000000000000000000,627.000000000000000000,-968.068744583333341325,,238.000000000000000000
2026-04-21,5,2026-04-21T01:00:00Z,2026-04-22T01:44:33Z,110.000000000000000000,110.000000000000000000,False,P,0.000000000000000000,36.846714849731561969,0.00,0.00,110.000000000000000000,1.000000000000000000,640.086328125000022737,-842.455292858601751504,0.000000000000000000,238.000000000000000000,639.086328125000022737,-842.455292858601751504,,238.000000000000000000
2026-04-21,6,2026-04-21T01:30:00Z,2026-04-22T02:18:00Z,74.209999999999993747,74.209999999999993747,False,N,0.000000000000000000,-66.113319226190469635,0.00,0.00,,,617.458391726190484405,-921.926308115079336858,0.000000000000000000,238.000000000000000000,617.458391726190484405,-920.926308115079336858,,238.000000000000000000
2026-04-21,7,2026-04-21T02:00:00Z,2026-04-22T02:44:54Z,74.209999999999993747,74.209999999999993747,False,N,0.000000000000000000,-50.451792490393593482,0.00,0.00,,,617.042611250000049949,-906.256489712615803001,0.000000000000000000,238.000000000000000000,617.042611250000049949,-905.256489712615803001,,238.000000000000000000
2026-04-21,8,2026-04-21T02:30:00Z,2026-04-22T03:14:32Z,81.609999999999999432,81.609999999999999432,False,P,0.000000000000000000,109.869501185897433970,0.00,0.00,81.609999999999999432,0.000000000000000000,617.157229583333332812,-745.857165480769253918,0.000000000000000000,238.000000000000000000,616.157229583333332812,-745.857165480769253918,,238.000000000000000000
2026-04-21,9,2026-04-21T03:00:00Z,2026-04-22T03:44:58Z,85.750000000000000000,85.750000000000000000,False,P,0.000000000000000000,490.012322780619058449,0.00,0.00,85.750000000000000000,0.000000000000000000,617.000002225455546068,-366.241248747158749666,0.000000000000000000,238.000000000000000000,616.163288573697968786,-366.241248747158749666,,237.836713651757605703
2026-04-21,10,2026-04-21T03:30:00Z,2026-04-22T04:14:30Z,121.500000000000000000,121.500000000000000000,False,P,0.000000000000000000,99.489748697089950724,0.00,0.00,,,617.290509027777829942,-756.763835469576747528,0.000000000000000000,238.000000000000000000,616.290509027777829942,-756.763835469576747528,,238.000000000000000000
2026-04-21,11,2026-04-21T04:00:00Z,2026-04-22T04:44:55Z,121.500000000000000000,121.500000000000000000,False,P,0.000000000000000000,185.686547619047615854,0.00,0.00,,,714.732612361111137034,-767.769812103174558615,0.000000000000000000,238.000000000000000000,713.732612361111137034,-767.769812103174558615,,238.000000000000000000
2026-04-21,12,2026-04-21T04:30:00Z,2026-04-22T05:15:31Z,129.000000000000000000,129.000000000000000000,False,P,0.000000000000000000,30.868194024884260784,0.00,0.00,,,1031.711232168864853520,-1239.317485311448990615,0.000000000000000000,238.000000000000000000,1030.711232168864853520,-1239.317485311448990615,,238.000000000000000000
2026-04-21,13,2026-04-21T05:00:00Z,2026-04-22T05:44:43Z,133.000000000000000000,133.000000000000000000,False,P,0.000000000000000000,282.943812738095232362,0.00,0.00,,,1104.857224166666583187,-1060.154739623015984762,0.000000000000000000,238.000000000000000000,1103.857224166666583187,-1060.154739623015984762,,238.000000000000000000
2026-04-21,14,2026-04-21T05:30:00Z,2026-04-22T06:14:36Z,136.000000000000000000,136.000000000000000000,False,P,0.000000000000000000,563.861502592592614747,0.00,0.00,,,1150.241705416666718520,-825.037776157407392930,0.000000000000000000,238.000000000000000000,1149.241705416666718520,-825.037776157407392930,,238.000000000000000000
2026-04-21,15,2026-04-21T06:00:00Z,2026-04-22T06:44:31Z,136.000000000000000000,136.000000000000000000,False,P,0.000000000000000000,556.197520046296290275,0.00,0.00,,,1200.650002043650829364,-644.174178247354461746,0.000000000000000000,0.000000000000000000,1199.650002043650829364,-644.174178247354461746,,
2026-04-21,16,2026-04-21T06:30:00Z,2026-04-22T07:14:31Z,136.000000000000000000,136.000000000000000000,False,P,0.000000000000000000,525.444910237301769484,0.00,0.00,,,949.708904217826443528,-424.596756429364859287,0.000000000000000000,0.000000000000000000,948.708904217826443528,-424.596756429364859287,,
2026-04-21,17,2026-04-21T07:00:00Z,2026-04-22T07:44:46Z,136.000000000000000000,136.000000000000000000,False,P,0.000000000000000000,683.352045375180409792,0.00,0.00,,,1085.750253273809448729,-402.798207819264064256,0.000000000000000000,0.000000000000000000,1084.750253273809448729,-402.798207819264064256,,
2026-04-21,18,2026-04-21T07:30:00Z,2026-04-22T08:14:38Z,133.000000000000000000,133.000000000000000000,False,P,0.000000000000000000,568.458332361111160935,0.00,0.00,,,1107.200000000000045475,-538.908334305555513311,0.000000000000000000,0.000000000000000000,1106.200000000000045475,-538.908334305555513311,,
2026-04-21,19,2026-04-21T08:00:00Z,2026-04-22T08:44:42Z,131.000000000000000000,131.000000000000000000,False,P,0.000000000000000000,535.193798749709230833,0.00,0.00,,,1042.606549386714050343,-508.406546055846320087,0.000000000000000000,0.000000000000000000,1041.606549386714050343,-508.406546055846320087,,
2026-04-21,20,2026-04-21T08:30:00Z,2026-04-22T09:14:39Z,128.900000000000005684,128.900000000000005684,False,P,0.000000000000000000,428.608416912875782145,0.00,0.00,,,1169.255805640529160883,-740.630806965932947605,0.000000000000000000,0.000000000000000000,1168.255805640529160883,-740.630806965932947605,,
2026-04-21,21,2026-04-21T09:00:00Z,2026-04-22T09:44:46Z,69.231023435391961129,69.231023435391961129,False,N,0.000000000000000000,-9.554181430023147570,0.00,0.00,,,1149.166669805080346123,-1159.130570318912077710,0.000000000000000000,0.000000000000000000,1149.166669805080346123,-1158.130570318912077710,,
2026-04-21,22,2026-04-21T09:30:00Z,2026-04-22T10:14:33Z,57.310000000000002274,57.310000000000002274,False,N,0.000000000000000000,-440.884328558231914030,0.00,0.00,,,1029.659658886514762344,-1470.975763419342911220,0.000000000000000000,0.000000000000000000,1029.659658886514762344,-1469.975763419342911220,,
2026-04-21,23,2026-04-21T10:00:00Z,2026-04-22T10:44:35Z,50.039999999999999147,50.039999999999999147,False,N,0.000000000000000000,-214.018687253880301569,0.00,0.00,,,924.637966811753926777,-1139.622984090126237788,0.000000000000000000,0.000000000000000000,924.637966811753926777,-1138.622984090126237788,,
2026-04-21,24,2026-04-21T10:30:00Z,2026-04-22T11:14:47Z,39.899999999999998579,39.899999999999998579,False,N,0.000000000000000000,-285.876308474306881635,0.00,0.00,,,936.512423953498796436,-1222.920759522690104859,0.000000000000000000,0.000000000000000000,936.512423953498796436,-1221.920759522690104859,,
2026-04-21,25,2026-04-21T11:00:00Z,2026-04-22T11:44:50Z,33.310000000000002274,33.310000000000002274,False,N,0.000000000000000000,-541.921200841749850952,0.00,0.00,,,838.074044784112061279,-1380.087948202861070968,0.000000000000000000,0.000000000000000000,838.074044784112061279,-1379.087948202861070968,,
2026-04-21,26,2026-04-21T11:30:00Z,2026-04-22T12:14:43Z,25.000000000000000000,25.000000000000000000,False,N,0.000000000000000000,-306.768486768119714725,0.00,0.00,,,768.162993278870885661,-1076.029391015674491427,0.000000000000000000,0.000000000000000000,768.162993278870885661,-1075.029391015674491427,,
2026-04-21,27,2026-04-21T12:00:00Z,2026-04-22T12:45:00Z,15.109999999999999432,15.109999999999999432,False,N,0.000000000000000000,-328.349651017684493581,0.00,0.00,,,768.406281844581826590,-1096.959073463942331728,0.000000000000000000,0.000000000000000000,768.406281844581826590,-1095.959073463942331728,,
2026-04-21,28,2026-04-21T12:30:00Z,2026-04-22T13:14:51Z,-29.002198231102124026,-29.002198231102124026,False,N,0.000000000000000000,-649.666876268408486794,0.00,0.00,,,768.189669927666614058,-1418.267987753451279787,0.000000000000000000,0.000000000000000000,768.189669927666614058,-1417.267987753451279787,,
2026-04-21,29,2026-04-21T13:00:00Z,2026-04-22T13:44:36Z,-73.340000000000003411,-73.340000000000003411,False,N,0.000000000000000000,-952.431959105317332615,0.00,0.00,,,770.513379040388940666,-1723.366963688650685071,0.000000000000000000,0.000000000000000000,770.513379040388940666,-1722.366963688650685071,,
2026-04-21,30,2026-04-21T13:30:00Z,2026-04-22T14:14:36Z,-83.989999999999994884,-83.989999999999994884,False,N,0.000000000000000000,-1234.268196927804865481,0.00,0.00,,,768.590637897532928946,-2003.500096176310080409,0.000000000000000000,0.000000000000000000,768.590637897532928946,-2002.500096176310080409,,
2026-04-21,31,2026-04-21T14:00:00Z,2026-04-22T14:44:50Z,-71.109999999999999432,-71.109999999999999432,False,N,0.000000000000000000,-752.083477703007361015,0.00,0.00,,,768.238508802697310784,-1520.862953397451747151,0.000000000000000000,0.000000000000000000,768.238508802697310784,-1519.862953397451747151,,
2026-04-21,32,2026-04-21T14:30:00Z,2026-04-22T15:15:07Z,-40.000000000000000000,-40.000000000000000000,False,N,0.000000000000000000,-605.603850927367716395,0.00,0.00,,,868.827085748796321241,-1475.236212455145505373,0.000000000000000000,0.000000000000000000,868.827085748796321241,-1474.236212455145505373,,
2026-04-21,33,2026-04-21T15:00:00Z,2026-04-22T15:44:41Z,38.000000000000000000,38.000000000000000000,False,N,0.000000000000000000,-150.467837923280427503,0.00,0.00,,,761.378853367954548048,-911.763337342454065038,0.000000000000000000,0.000000000000000000,761.378853367954548048,-910.763337342454065038,,
2026-04-21,34,2026-04-21T15:30:00Z,2026-04-22T16:14:50Z,40.000000000000000000,40.000000000000000000,False,N,0.000000000000000000,-42.846351652287772538,0.00,0.00,,,662.377524352699651899,-706.156247433558860394,0.000000000000000000,0.000000000000000000,662.377524352699651899,-705.156247433558860394,,
2026-04-21,35,2026-04-21T16:00:00Z,2026-04-22T16:44:46Z,50.000000000000000000,50.000000000000000000,False,N,0.000000000000000000,-55.667242172625556407,0.00,0.00,,,674.049526765190080368,-729.838175553977293930,0.000000000000000000,0.000000000000000000,674.049526765190080368,-728.838175553977293930,,
2026-04-21,36,2026-04-21T16:30:00Z,2026-04-22T17:14:43Z,134.000000000000000000,134.000000000000000000,False,P,0.000000000000000000,87.990626865079363483,0.00,0.00,,,830.042709246031790826,-742.693748134920610937,0.000000000000000000,0.000000000000000000,829.042709246031790826,-742.693748134920610937,,
2026-04-21,37,2026-04-21T17:00:00Z,2026-04-22T17:44:43Z,100.000000000000000000,100.000000000000000000,False,P,0.000000000000000000,8.863042568172057045,0.00,0.00,,,825.713871245609539073,-817.402036796907282223,0.000000000000000000,0.000000000000000000,824.713871245609539073,-817.402036796907282223,,
2026-04-21,38,2026-04-21T17:30:00Z,2026-04-22T18:14:42Z,149.800000000000011369,149.800000000000011369,False,P,0.000000000000000000,199.518931919793175211,0.00,0.00,,,719.405211666666673409,-520.171530024651247004,0.000000000000000000,0.000000000000000000,718.405211666666673409,-520.171530024651247004,,
2026-04-21,39,2026-04-21T18:00:00Z,2026-04-22T18:44:45Z,149.800000000000011369,149.800000000000011369,False,P,0.000000000000000000,213.970835370374999229,0.00,0.00,,,652.800000740736095395,-438.762497962958320841,0.000000000000000000,0.000000000000000000,651.800000740736095395,-438.762497962958320841,,
2026-04-21,40,2026-04-21T18:30:00Z,2026-04-22T19:15:08Z,73.000000000000000000,73.000000000000000000,False,N,0.000000000000000000,-53.716745352976005279,0.00,0.00,,,577.687224885809655461,-631.691189010378820967,0.000000000000000000,0.000000000000000000,577.687224885809655461,-630.691189010378820967,,
2026-04-21,41,2026-04-21T19:00:00Z,2026-04-22T19:44:44Z,113.530000000000001137,113.530000000000001137,False,P,0.000000000000000000,8.498055833333333808,0.00,0.00,,,597.936572258064529706,-589.378928472222241908,0.000000000000000000,0.000000000000000000,596.936572258064529706,-589.378928472222241908,,
2026-04-21,42,2026-04-21T19:30:00Z,2026-04-22T20:14:42Z,154.500000000000000000,154.500000000000000000,False,P,0.000000000000000000,296.986339950372212115,0.00,0.00,,,579.679032258064466987,-283.405831976495733215,0.000000000000000000,0.000000000000000000,578.679032258064466987,-283.405831976495733215,,
2026-04-21,43,2026-04-21T20:00:00Z,2026-04-22T20:44:39Z,149.800000000000011369,149.800000000000011369,False,P,0.000000000000000000,198.117816777777790094,0.00,0.00,,,564.879166666666719721,-367.191684611111099912,0.000000000000000000,0.000000000000000000,563.879166666666719721,-367.191684611111099912,,
2026-04-21,44,2026-04-21T20:30:00Z,2026-04-22T21:14:44Z,149.800000000000011369,149.800000000000011369,False,P,0.000000000000000000,165.230356111111120754,0.00,0.00,,,586.720833333333303017,-421.741667777777763604,0.000000000000000000,0.000000000000000000,585.720833333333303017,-421.741667777777763604,,
2026-04-21,45,2026-04-21T21:00:00Z,2026-04-22T21:44:43Z,73.000000000000000000,73.000000000000000000,False,N,0.000000000000000000,-254.840598368055566425,0.00,0.00,,,623.925608611111101709,-878.983112081510398639,0.000000000000000000,0.000000000000000000,623.925608611111101709,-877.983112081510398639,,
2026-04-21,46,2026-04-21T21:30:00Z,2026-04-22T22:14:42Z,73.000000000000000000,73.000000000000000000,False,N,0.000000000000000000,-268.174684305555558694,0.00,0.00,,,688.274999999999977263,-956.833341666666683523,0.000000000000000000,0.000000000000000000,688.274999999999977263,-955.833341666666683523,,
2026-04-21,47,2026-04-21T22:00:00Z,2026-04-22T22:45:00Z,69.349999999999994316,69.349999999999994316,False,N,0.000000000000000000,-357.178482421497562882,0.00,0.00,,,469.494545000000016444,-974.500596865942043223,-300.000000000000000000,448.000000000000000000,469.494545000000016444,-973.500596865942043223,-300.000000000000000000,448.000000000000000000
2026-04-21,48,2026-04-21T22:30:00Z,2026-04-22T23:14:40Z,70.090000000000003411,70.090000000000003411,False,N,0.000000000000000000,-320.673057956349225606,0.00,0.00,,,512.396434722222238634,-981.072224623015927136,-300.000000000000000000,448.000000000000000000,512.396434722222238634,-980.072224623015927136,-300.000000000000000000,448.000000000000000000
2026-04-22,1,2026-04-21T23:00:00Z,2026-04-22T23:44:44Z,75.019999999999996021,75.019999999999996021,False,N,0.000000000000000000,-283.975959890289459508,0.00,0.00,,,499.804623750000018845,-732.899491556956149907,-500.000000000000000000,448.000000000000000000,499.804623750000018845,-732.899491556956149907,-499.000000000000000000,448.000000000000000000
2026-04-22,2,2026-04-21T23:30:00Z,2026-04-23T00:14:44Z,73.069777777777773053,73.069777777777773053,False,N,0.000000000000000000,-365.086370533910553604,0.00,0.00,,,507.074684722222229993,-820.336370533910553604,-500.000000000000000000,448.000000000000000000,507.074684722222229993,-820.336370533910553604,-499.000000000000000000,448.000000000000000000
2026-04-22,3,2026-04-22T00:00:00Z,2026-04-23T00:44:44Z,70.930133333333330370,70.930133333333330370,False,N,0.000000000000000000,-240.270340357142856647,0.00,0.00,,,507.000000000000000000,-695.448812579365039710,-500.000000000000000000,448.000000000000000000,507.000000000000000000,-695.448812579365039710,-499.000000000000000000,448.000000000000000000
2026-04-22,4,2026-04-22T00:30:00Z,2026-04-23T01:14:43Z,76.990099009900987426,76.990099009900987426,False,N,0.000000000000000000,-119.302677976190480535,0.00,0.00,,,507.000000000000000000,-574.788689642857093531,-500.000000000000000000,448.000000000000000000,507.000000000000000000,-574.788689642857093531,-499.000000000000000000,448.000000000000000000
2026-04-22,5,2026-04-22T01:00:00Z,2026-04-23T01:44:46Z,73.620000000000004547,73.620000000000004547,False,N,0.000000000000000000,-79.892422824302130380,0.00,0.00,,,507.004500000000007276,-535.287422824302097979,-500.000000000000000000,448.000000000000000000,507.004500000000007276,-535.287422824302097979,-499.000000000000000000,448.000000000000000000
2026-04-22,6,2026-04-22T01:30:00Z,2026-04-23T02:17:53Z,74.900000000000005684,74.900000000000005684,False,P,0.000000000000000000,105.749195502189380136,0.00,0.00,74.900000000000005684,0.000000000000000000,507.029265277777767551,-349.724879497810604789,-500.000000000000000000,448.000000000000000000,506.029265277777767551,-349.724879497810604789,-500.000000000000000000,448.000000000000000000
2026-04-22,7,2026-04-22T02:00:00Z,2026-04-23T02:44:46Z,73.379999999999995453,73.379999999999995453,False,P,0.000000000000000000,10.748080277777777525,0.00,0.00,73.379999999999995453,0.000000000000000000,507.220633194444417313,-444.896681388888907804,-500.000000000000000000,448.000000000000000000,506.220633194444417313,-444.896681388888907804,-500.000000000000000000,448.000000000000000000
2026-04-22,8,2026-04-22T02:30:00Z,2026-04-23T03:14:41Z,70.459999999999993747,70.459999999999993747,False,N,0.000000000000000000,-147.187898819444455967,0.00,0.00,,,507.142739791666656402,-602.901076666666654091,-500.000000000000000000,448.000000000000000000,507.142739791666656402,-602.901076666666654091,-499.000000000000000000,448.000000000000000000
2026-04-22,9,2026-04-22T03:00:00Z,2026-04-23T03:44:36Z,66.200000000000002842,66.200000000000002842,False,N,0.000000000000000000,-293.726910921850958403,0.00,0.00,,,507.058709027777751999,-748.949410921850926570,-500.000000000000000000,448.000000000000000000,507.058709027777751999,-748.949410921850926570,-499.000000000000000000,448.000000000000000000
2026-04-22,10,2026-04-22T03:30:00Z,2026-04-23T04:14:37Z,71.846888083021170246,71.846888083021170246,False,N,0.000000000000000000,-110.792607878787876530,0.00,0.00,,,528.535842020202039748,-587.667964999999981046,-500.000000000000000000,448.000000000000000000,528.535842020202039748,-587.310572878787866102,-499.357392121212114944,448.000000000000000000
2026-04-22,11,2026-04-22T04:00:00Z,2026-04-23T04:44:44Z,96.480000000000003979,96.480000000000003979,False,P,0.000000000000000000,295.318619993386221267,0.00,0.00,96.480000000000003979,0.000000000000000000,507.005772083333340561,-660.731272089947083259,0.000000000000000000,448.000000000000000000,506.328537440951208737,-660.731272089947083259,,447.677234642382131824
2026-04-22,12,2026-04-22T04:30:00Z,2026-04-23T05:14:48Z,69.920000000000001705,69.920000000000001705,False,N,0.000000000000000000,-348.709301463705116930,0.00,0.00,,,507.379861454640149532,-1304.422991741482974248,0.000000000000000000,448.000000000000000000,507.379861454640149532,-1303.422991741482974248,,448.000000000000000000
2026-04-22,13,2026-04-22T05:00:00Z,2026-04-23T05:44:45Z,129.370000000000004547,129.370000000000004547,False,P,0.000000000000000000,129.089363690476176316,0.00,0.00,129.370000000000004547,1.000000000000000000,636.810020593434387592,-955.217582736291433321,0.000000000000000000,448.000000000000000000,636.171479821834736867,-955.217582736291433321,,447.638540771599650725
2026-04-22,14,2026-04-22T05:30:00Z,2026-04-23T06:14:42Z,134.092309478859078808,134.092309478859078808,False,P,0.000000000000000000,424.786978903508781968,0.00,0.00,134.056000000000011596,1.000000000000000000,760.129738290764294106,-782.844069665033316596,0.000000000000000000,448.000000000000000000,759.129738290764294106,-782.844069665033316596,,448.000000000000000000
2026-04-22,15,2026-04-22T06:00:00Z,2026-04-23T06:44:42Z,100.099999999999994316,100.099999999999994316,False,P,0.000000000000000000,22.419876721186252411,0.00,0.00,,,549.364157397645954006,-526.461119730492214330,0.000000000000000000,0.000000000000000000,548.364157397645954006,-526.461119730492214330,,
2026-04-22,16,2026-04-22T06:30:00Z,2026-04-23T07:14:29Z,101.659999999999996589,101.659999999999996589,False,P,0.000000000000000000,60.804166666666667140,0.00,0.00,101.659999999999996589,0.000000000000000000,547.500000000000000000,-486.695833333333325754,0.000000000000000000,0.000000000000000000,546.500000000000000000,-486.695833333333325754,,
2026-04-22,17,2026-04-22T07:00:00Z,2026-04-23T07:44:25Z,51.030000000000001137,51.030000000000001137,False,N,0.000000000000000000,-239.091666666666668561,0.00,0.00,,,547.500000000000000000,-786.591666666666696983,0.000000000000000000,0.000000000000000000,547.500000000000000000,-785.591666666666696983,,
2026-04-22,18,2026-04-22T07:30:00Z,2026-04-23T08:14:55Z,51.030000000000001137,51.030000000000001137,False,N,0.000000000000000000,-94.144458569104813250,0.00,0.00,,,548.105580546296323519,-642.227963420956712071,0.000000000000000000,0.000000000000000000,548.105580546296323519,-641.227963420956712071,,
2026-04-22,19,2026-04-22T08:00:00Z,2026-04-23T08:44:35Z,50.109999999999999432,50.109999999999999432,False,P,0.000000000000000000,62.453472222222224275,0.00,0.00,50.109999999999999432,0.000000000000000000,547.504861111111154059,-235.096527777777765778,-250.000000000000000000,0.000000000000000000,546.504861111111154059,-235.096527777777765778,-250.000000000000000000,
2026-04-22,20,2026-04-22T08:30:00Z,2026-04-23T09:14:28Z,30.609999999999999432,30.609999999999999432,False,P,0.000000000000000000,140.246552361111099572,0.00,0.00,30.609999999999999432,0.000000000000000000,525.277893333333281589,-135.031256527777770771,-250.000000000000000000,0.000000000000000000,524.277893333333281589,-135.031256527777770771,-250.000000000000000000,
2026-04-22,21,2026-04-22T09:00:00Z,2026-04-23T09:44:26Z,-6.059999999999999609,-6.059999999999999609,False,N,0.000000000000000000,-254.711111111111108585,0.00,0.00,,,353.055555555555542924,-57.766666666666665719,-550.000000000000000000,0.000000000000000000,353.055555555555542924,-57.766666666666665719,-549.000000000000000000,
2026-04-22,22,2026-04-22T09:30:00Z,2026-04-23T10:14:39Z,-6.059999999999999609,-6.059999999999999609,False,N,0.000000000000000000,-256.746908749999988686,0.00,0.00,,,347.658027777777761003,-54.399688750000002813,-550.000000000000000000,0.000000000000000000,347.658027777777761003,-54.399688750000002813,-549.000000000000000000,
2026-04-22,23,2026-04-22T10:00:00Z,2026-04-23T10:44:40Z,-9.179999999999999716,-9.179999999999999716,False,N,0.000000000000000000,-309.699999903846162397,0.00,0.00,,,347.500000000000000000,-107.258333237179485309,-550.000000000000000000,0.000000000000000000,347.500000000000000000,-107.258333237179485309,-549.000000000000000000,
2026-04-22,24,2026-04-22T10:30:00Z,2026-04-23T11:14:27Z,-10.000000000000000000,-10.000000000000000000,False,N,0.000000000000000000,-390.745833333333337123,0.00,0.00,,,347.504166666666662877,-188.462500000000005684,-550.000000000000000000,0.000000000000000000,347.504166666666662877,-188.462500000000005684,-549.000000000000000000,
2026-04-22,25,2026-04-22T11:00:00Z,2026-04-23T11:44:28Z,-20.219999999999998863,-20.219999999999998863,False,N,0.000000000000000000,-395.544722222222219443,0.00,0.00,,,347.599166666666690162,-443.144722222222242181,-300.000000000000000000,0.000000000000000000,347.599166666666690162,-443.144722222222242181,-299.000000000000000000,
2026-04-22,26,2026-04-22T11:30:00Z,2026-04-23T12:14:33Z,-21.539999999999999147,-21.539999999999999147,False,N,0.000000000000000000,-467.850924557613154775,0.00,0.00,,,347.670327494995831330,-516.161996800382667061,-300.000000000000000000,0.000000000000000000,347.670327494995831330,-516.161996800382667061,-299.000000000000000000,
2026-04-22,27,2026-04-22T12:00:00Z,2026-04-23T12:50:42Z,-21.920000000000001705,-21.920000000000001705,False,N,0.000000000000000000,-245.523405972222235505,0.00,0.00,,,359.638747638888901292,-305.855411675398158877,-300.000000000000000000,0.000000000000000000,359.638747638888901292,-305.855411675398158877,-299.000000000000000000,
2026-04-22,28,2026-04-22T12:30:00Z,2026-04-23T13:14:49Z,-27.500000000000000000,-27.500000000000000000,False,N,0.000000000000000000,-434.983267417169940927,0.00,0.00,,,382.542774446162468394,-517.899468336518680189,-300.000000000000000000,0.000000000000000000,382.542774446162468394,-516.899468336518680189,-300.000000000000000000,
2026-04-22,29,2026-04-22T13:00:00Z,2026-04-23T13:44:42Z,-30.839999999999999858,-30.839999999999999858,False,N,0.000000000000000000,-666.679201031746060835,0.00,0.00,,,358.946550000000002001,-725.623017559523759701,-300.000000000000000000,0.000000000000000000,358.946550000000002001,-724.623017559523759701,-300.000000000000000000,
2026-04-22,30,2026-04-22T13:30:00Z,2026-04-23T14:14:37Z,-82.420000000000001705,-82.420000000000001705,False,N,0.000000000000000000,-738.228824792339992200,0.00,0.00,,,283.940642822125539624,-722.357493939165465235,-300.000000000000000000,0.000000000000000000,283.940642822125539624,-721.357493939165465235,-300.000000000000000000,
2026-04-22,31,2026-04-22T14:00:00Z,2026-04-23T14:44:40Z,-40.000000000000000000,-40.000000000000000000,False,N,0.000000000000000000,-452.371944444444466171,0.00,0.00,,,232.533333333333331439,-384.905277777777769188,-300.000000000000000000,0.000000000000000000,232.533333333333331439,-383.905277777777769188,-300.000000000000000000,
2026-04-22,32,2026-04-22T14:30:00Z,2026-04-23T15:14:33Z,-27.500000000000000000,-27.500000000000000000,False,N,0.000000000000000000,-322.421388888888884594,0.00,0.00,,,212.066666666666662877,-234.488055555555547471,-300.000000000000000000,0.000000000000000000,212.066666666666662877,-233.488055555555547471,-300.000000000000000000,
2026-04-22,33,2026-04-22T15:00:00Z,2026-04-23T15:44:30Z,115.000000000000000000,115.000000000000000000,False,P,0.000000000000000000,14.228888888888889142,0.00,0.00,,,128.583333333333342807,-114.354444444444439455,0.000000000000000000,0.000000000000000000,127.583333333333328596,-114.354444444444439455,,
2026-04-22,34,2026-04-22T15:30:00Z,2026-04-23T16:14:32Z,146.292138343598765005,146.292138343598765005,False,P,0.000000000000000000,381.055700136295058655,0.00,0.00,145.708333333333342807,1.000000000000000000,382.312795190128383638,-0.986757692722222246,0.000000000000000000,0.000000000000000000,381.312795190128383638,-0.986757692722222246,,
2026-04-22,35,2026-04-22T16:00:00Z,2026-04-23T16:44:35Z,149.000000000000000000,149.000000000000000000,False,P,0.000000000000000000,96.640117890211641338,0.00,0.00,,,266.290850648148136770,-168.897662480158743392,0.000000000000000000,0.000000000000000000,265.290850648148136770,-168.897662480158743392,,
2026-04-22,36,2026-04-22T16:30:00Z,2026-04-23T17:14:26Z,149.000000000000000000,149.000000000000000000,False,P,0.000000000000000000,102.447308201058206123,0.00,0.00,,,334.697784391534412407,-232.253253968253972062,0.000000000000000000,0.000000000000000000,333.697784391534412407,-232.253253968253972062,,
2026-04-22,37,2026-04-22T17:00:00Z,2026-04-23T17:44:35Z,140.000000000000000000,140.000000000000000000,False,P,0.000000000000000000,201.327263432539695032,0.00,0.00,,,478.979168194444469009,-277.893571428571419801,0.000000000000000000,0.000000000000000000,477.979168194444469009,-277.893571428571419801,,
2026-04-22,38,2026-04-22T17:30:00Z,2026-04-23T18:14:33Z,149.000000000000000000,149.000000000000000000,False,P,0.000000000000000000,525.955147818627438028,0.00,0.00,,,678.218736290849619763,-152.210397124183003825,0.000000000000000000,0.000000000000000000,677.218736290849619763,-152.210397124183003825,,
2026-04-22,39,2026-04-22T18:00:00Z,2026-04-23T18:44:30Z,135.000000000000000000,135.000000000000000000,False,P,0.000000000000000000,238.908405555555560795,0.00,0.00,,,737.053669861111075079,-498.553666666666686069,0.000000000000000000,0.000000000000000000,736.053669861111075079,-498.553666666666686069,,
2026-04-22,40,2026-04-22T18:30:00Z,2026-04-23T19:14:32Z,140.000000000000000000,140.000000000000000000,False,P,0.000000000000000000,318.406493055555529281,0.00,0.00,,,656.286203055555574792,-337.827869722222203563,0.000000000000000000,0.000000000000000000,655.286203055555574792,-337.827869722222203563,,
2026-04-22,41,2026-04-22T19:00:00Z,2026-04-23T19:44:30Z,88.099999999999994316,88.099999999999994316,False,N,0.000000000000000000,-59.966674027777777667,0.00,0.00,,,346.800000000000011369,-406.841674027777798983,0.000000000000000000,0.000000000000000000,346.800000000000011369,-405.841674027777798983,,
2026-04-22,42,2026-04-22T19:30:00Z,2026-04-23T20:14:29Z,140.000000000000000000,140.000000000000000000,False,P,0.000000000000000000,44.761666805555556437,0.00,0.00,,,310.000000000000000000,-265.528333194444428500,0.000000000000000000,0.000000000000000000,309.000000000000000000,-265.528333194444428500,,
2026-04-22,43,2026-04-22T20:00:00Z,2026-04-23T20:44:33Z,88.510000000000005116,88.510000000000005116,False,N,0.000000000000000000,-20.916299506172840950,0.00,0.00,,,310.798958333333359860,-331.956091172839478531,0.000000000000000000,0.000000000000000000,310.798958333333359860,-330.956091172839478531,,
2026-04-22,44,2026-04-22T20:30:00Z,2026-04-23T21:14:34Z,73.000000000000000000,73.000000000000000000,False,N,0.000000000000000000,-443.736172894651645038,0.00,0.00,,,329.844097222222217169,-773.737214561318296546,0.000000000000000000,0.000000000000000000,329.844097222222217169,-772.737214561318296546,,
2026-04-22,45,2026-04-22T21:00:00Z,2026-04-23T21:44:30Z,140.000000000000000000,140.000000000000000000,False,P,0.000000000000000000,163.562792684537697596,0.00,0.00,,,472.019444444444445708,-308.910467815462311592,0.000000000000000000,0.000000000000000000,471.019444444444445708,-308.910467815462311592,,
2026-04-22,46,2026-04-22T21:30:00Z,2026-04-23T22:14:36Z,140.000000000000000000,140.000000000000000000,False,P,0.000000000000000000,114.254384273166451180,0.00,0.00,140.000000000000000000,1.000000000000000000,451.091700937499979318,-337.773507219889097541,0.000000000000000000,0.000000000000000000,450.091700937499979318,-337.773507219889097541,,
2026-04-22,47,2026-04-22T22:00:00Z,2026-04-23T22:44:36Z,78.920000000000001705,78.920000000000001705,False,N,0.000000000000000000,-54.499140303030301880,0.00,0.00,,,560.554166666666674246,-953.386640303030276300,0.000000000000000000,338.000000000000000000,560.554166666666674246,-952.386640303030276300,,338.000000000000000000
2026-04-22,48,2026-04-22T22:30:00Z,2026-04-23T23:14:36Z,88.510000000000005116,88.510000000000005116,False,N,0.000000000000000000,-17.831232667857907614,0.00,0.00,,,544.004629761874980431,-900.533257112302294445,0.000000000000000000,338.000000000000000000,544.004629761874980431,-899.533257112302294445,,338.000000000000000000
2026-04-23,1,2026-04-22T23:00:00Z,2026-04-23T23:44:35Z,86.480000000000003979,86.480000000000003979,False,P,0.000000000000000000,67.723083685897435657,0.00,0.00,86.480000000000003979,0.000000000000000000,407.000000000000000000,-678.178272147435905026,0.000000000000000000,338.000000000000000000,406.000000000000000000,-678.178272147435905026,,338.000000000000000000
2026-04-23,2,2026-04-22T23:30:00Z,2026-04-24T00:14:31Z,81.640000000000000568,81.640000000000000568,False,N,0.000000000000000000,-98.416670833333327550,0.00,0.00,,,407.000000000000000000,-843.616670833333387236,0.000000000000000000,338.000000000000000000,407.000000000000000000,-842.616670833333387236,,338.000000000000000000
2026-04-23,3,2026-04-23T00:00:00Z,2026-04-24T00:44:31Z,70.319999999999993179,70.319999999999993179,False,N,0.000000000000000000,-122.393689646464650878,0.00,0.00,,,407.000000000000000000,-867.718689646464667931,0.000000000000000000,338.000000000000000000,407.000000000000000000,-866.718689646464667931,,338.000000000000000000
2026-04-23,4,2026-04-23T00:30:00Z,2026-04-24T01:14:31Z,88.939999999999997726,88.939999999999997726,False,P,0.000000000000000000,104.774961720779216989,0.00,0.00,88.939999999999997726,0.000000000000000000,407.000000000000000000,-641.066704945887408940,0.000000000000000000,338.000000000000000000,406.000000000000000000,-641.066704945887408940,,338.000000000000000000
2026-04-23,5,2026-04-23T01:00:00Z,2026-04-24T01:44:37Z,86.450000000000002842,86.450000000000002842,False,N,0.000000000000000000,-112.977431706349207730,0.00,0.00,,,407.000000595238077494,-858.429515039682542010,0.000000000000000000,338.000000000000000000,407.000000595238077494,-857.429515039682542010,,338.000000000000000000
2026-04-23,6,2026-04-23T01:30:00Z,2026-04-24T02:15:31Z,86.219999999999998863,86.219999999999998863,False,N,0.000000000000000000,-103.452722816919234106,0.00,0.00,,,407.000000007888218079,-849.435682969424647126,0.000000000000000000,338.000000000000000000,407.000000007888218079,-848.435682969424647126,,338.000000000000000000
2026-04-23,7,2026-04-23T02:00:00Z,2026-04-24T02:44:30Z,75.680000000000006821,75.680000000000006821,False,N,0.000000000000000000,-175.779960317460307806,0.00,0.00,,,407.050011358024676156,-921.463293650793616507,0.000000000000000000,338.000000000000000000,407.050011358024676156,-920.463293650793616507,,338.000000000000000000
2026-04-23,8,2026-04-23T02:30:00Z,2026-04-24T03:14:27Z,66.000000000000000000,66.000000000000000000,False,N,0.000000000000000000,-189.979764285714281868,0.00,0.00,,,407.161505555555550018,-935.613889007936563758,0.000000000000000000,338.000000000000000000,407.161505555555550018,-934.613889007936563758,,338.000000000000000000
2026-04-23,9,2026-04-23T03:00:00Z,2026-04-24T03:44:27Z,65.000000000000000000,65.000000000000000000,False,N,0.000000000000000000,-146.258189429083074629,0.00,0.00,,,407.000000000000000000,-892.041522762416434489,0.000000000000000000,338.000000000000000000,407.000000000000000000,-891.041522762416434489,,338.000000000000000000
2026-04-23,10,2026-04-23T03:30:00Z,2026-04-24T04:14:27Z,81.810000000000002274,81.810000000000002274,False,N,0.000000000000000000,-18.860725855119824246,0.00,0.00,,,407.000000000000000000,-764.077948077342057331,0.000000000000000000,338.000000000000000000,407.000000000000000000,-763.077948077342057331,,338.000000000000000000
2026-04-23,11,2026-04-23T04:00:00Z,2026-04-24T04:44:30Z,68.445689611626136184,68.445689611626136184,False,N,0.000000000000000000,-69.876188809523810619,0.00,0.00,,,407.000000000000000000,-577.159522142857099425,0.000000000000000000,100.000000000000000000,407.000000000000000000,-576.159522142857099425,,100.000000000000000000
2026-04-23,12,2026-04-23T04:30:00Z,2026-04-24T05:14:34Z,105.090000000000003411,105.090000000000003411,False,P,0.000000000000000000,180.717857142857155850,0.00,0.00,105.090000000000003411,0.000000000000000000,407.000000000000000000,-226.282142857142844150,0.000000000000000000,0.000000000000000000,406.000000000000000000,-226.282142857142844150,,
2026-04-23,13,2026-04-23T05:00:00Z,2026-04-24T05:44:35Z,133.849999999999994316,133.849999999999994316,False,P,0.000000000000000000,304.983666249999998854,0.00,0.00,133.849999999999994316,1.000000000000000000,456.915849305555582305,-151.807516388888899428,0.000000000000000000,0.000000000000000000,455.915849305555582305,-151.807516388888899428,,
2026-04-23,14,2026-04-23T05:30:00Z,2026-04-24T06:14:24Z,157.000000000000000000,157.000000000000000000,False,P,0.000000000000000000,234.319478524114771290,0.00,0.00,157.000000000000000000,1.000000000000000000,408.266932339743561897,-173.960983559218561822,0.000000000000000000,0.000000000000000000,407.266932339743561897,-173.960983559218561822,,
2026-04-23,15,2026-04-23T06:00:00Z,2026-04-24T06:44:27Z,157.000000000000000000,157.000000000000000000,False,P,0.000000000000000000,162.112252857142863149,0.00,0.00,,,375.515397083333311912,-213.149919365079369982,0.000000000000000000,0.000000000000000000,374.515397083333311912,-213.149919365079369982,,
2026-04-23,16,2026-04-23T06:30:00Z,2026-04-24T07:14:27Z,114.349999999999994316,114.349999999999994316,False,P,0.000000000000000000,106.038183214285709255,0.00,0.00,,,455.758029563492073066,-349.819132757936529288,0.000000000000000000,0.000000000000000000,454.758029563492073066,-349.819132757936529288,,
2026-04-23,17,2026-04-23T07:00:00Z,2026-04-24T07:44:29Z,169.300000000000011369,169.300000000000011369,False,P,0.000000000000000000,652.033856776642210207,0.00,0.00,169.300000000000011369,1.000000000000000000,760.890636369530852789,-108.786435794157654300,0.000000000000000000,0.000000000000000000,759.890636369530852789,-108.786435794157654300,,
2026-04-23,18,2026-04-23T07:30:00Z,2026-04-24T08:14:44Z,159.400000000000005684,159.400000000000005684,False,P,0.000000000000000000,351.116874473710311122,0.00,0.00,,,486.104334890377003831,-134.945562472222235328,0.000000000000000000,0.000000000000000000,485.104334890377003831,-134.945562472222235328,,
2026-04-23,19,2026-04-23T08:00:00Z,2026-04-24T08:44:29Z,160.944624863436104079,160.944624863436104079,False,P,0.000000000000000000,176.210600777317466736,0.00,0.00,,,291.416173543017919201,-115.349956627351986072,0.000000000000000000,0.000000000000000000,290.416173543017919201,-115.349956627351986072,,
2026-04-23,20,2026-04-23T08:30:00Z,2026-04-24T09:14:42Z,66.000000000000000000,66.000000000000000000,False,N,0.000000000000000000,-162.482085555555556766,0.00,0.00,,,143.534025555555558640,-305.825694444444422970,0.000000000000000000,0.000000000000000000,143.534025555555558640,-304.825694444444422970,,
2026-04-23,21,2026-04-23T09:00:00Z,2026-04-24T09:44:35Z,76.900000000000005684,76.900000000000005684,False,N,0.000000000000000000,-48.829999999999998295,0.00,0.00,,,109.500000000000000000,-158.604999999999989768,0.000000000000000000,0.000000000000000000,109.500000000000000000,-157.604999999999989768,,
2026-04-23,22,2026-04-23T09:30:00Z,2026-04-24T10:14:43Z,76.900000000000005684,76.900000000000005684,False,N,0.000000000000000000,-34.063888888888889994,0.00,0.00,,,145.533333333333331439,-179.849702380952379599,0.000000000000000000,0.000000000000000000,145.533333333333331439,-178.849702380952379599,,
2026-04-23,23,2026-04-23T10:00:00Z,2026-04-24T10:44:36Z,113.599999999999994316,113.599999999999994316,False,P,0.000000000000000000,86.798336388888884585,0.00,0.00,,,391.050000000000011369,-304.524996944444467317,0.000000000000000000,0.000000000000000000,390.050000000000011369,-304.524996944444467317,,
2026-04-23,24,2026-04-23T10:30:00Z,2026-04-24T11:14:41Z,114.000000000000000000,114.000000000000000000,False,P,0.000000000000000000,158.394378194444442443,0.00,0.00,,,574.450000247954562838,-416.723329848484866034,0.000000000000000000,0.000000000000000000,573.450000247954562838,-416.723329848484866034,,
2026-04-23,25,2026-04-23T11:00:00Z,2026-04-24T11:44:40Z,114.000000000000000000,114.000000000000000000,False,P,0.000000000000000000,320.397222222222239907,0.00,0.00,114.000000000000000000,1.000000000000000000,548.200000000000045475,-228.506666666666660603,0.000000000000000000,0.000000000000000000,547.200000000000045475,-228.506666666666660603,,
2026-04-23,26,2026-04-23T11:30:00Z,2026-04-24T12:14:30Z,114.000000000000000000,114.000000000000000000,False,P,0.000000000000000000,222.741668055555550154,0.00,0.00,114.000000000000000000,1.000000000000000000,557.500000000000000000,-335.241665277777769916,0.000000000000000000,0.000000000000000000,556.500000000000000000,-335.241665277777769916,,
2026-04-23,27,2026-04-23T12:00:00Z,2026-04-24T12:45:53Z,114.000000000000000000,114.000000000000000000,False,P,0.000000000000000000,258.258332361111115461,0.00,0.00,114.000000000000000000,1.000000000000000000,557.500000000000000000,-299.425000972222221662,0.000000000000000000,0.000000000000000000,556.500000000000000000,-299.425000972222221662,,
2026-04-23,28,2026-04-23T12:30:00Z,2026-04-24T13:14:43Z,114.000000000000000000,114.000000000000000000,False,P,0.000000000000000000,305.883333333333325754,0.00,0.00,114.000000000000000000,1.000000000000000000,557.500000000000000000,-252.074999999999988631,0.000000000000000000,0.000000000000000000,556.500000000000000000,-252.074999999999988631,,
2026-04-23,29,2026-04-23T13:00:00Z,2026-04-24T13:44:43Z,109.599999999999994316,109.599999999999994316,False,P,0.000000000000000000,78.502630694444448523,0.00,0.00,,,557.732783611111130995,-479.632785972222222881,0.000000000000000000,0.000000000000000000,556.732783611111130995,-479.632785972222222881,,
2026-04-23,30,2026-04-23T13:30:00Z,2026-04-24T14:14:40Z,109.599999999999994316,109.599999999999994316,False,P,0.000000000000000000,68.527973888888894294,0.00,0.00,,,557.588317314834398530,-489.463320833333341398,0.000000000000000000,0.000000000000000000,556.588317314834398530,-489.463320833333341398,,
2026-04-23,31,2026-04-23T14:00:00Z,2026-04-24T14:44:39Z,114.000000000000000000,114.000000000000000000,False,P,0.000000000000000000,318.806536289682526331,0.00,0.00,,,760.309957676587259812,-92.431632083333326477,-350.000000000000000000,0.000000000000000000,759.309957676587259812,-92.431632083333326477,-350.000000000000000000,
2026-04-23,32,2026-04-23T14:30:00Z,2026-04-24T15:14:33Z,113.750000000000000000,113.750000000000000000,False,P,0.000000000000000000,115.691666666666662877,0.00,0.00,,,570.641666666666651508,-105.158333333333331439,-350.000000000000000000,0.000000000000000000,569.641666666666651508,-105.158333333333331439,-350.000000000000000000,
2026-04-23,33,2026-04-23T15:00:00Z,2026-04-24T15:44:33Z,72.000000000000000000,72.000000000000000000,False,N,0.000000000000000000,-109.184759555388893659,0.00,0.00,,,549.643092888722208045,-309.255592888722219413,-350.000000000000000000,0.000000000000000000,549.643092888722208045,-308.255592888722219413,-350.000000000000000000,
2026-04-23,34,2026-04-23T15:30:00Z,2026-04-24T16:14:33Z,109.599999999999994316,109.599999999999994316,False,P,0.000000000000000000,12.624120833333332570,0.00,0.00,,,614.033331249999946522,-251.750000000000000000,-350.000000000000000000,0.000000000000000000,613.033331249999946522,-251.750000000000000000,-350.000000000000000000,
2026-04-23,35,2026-04-23T16:00:00Z,2026-04-24T16:44:36Z,109.599999999999994316,109.599999999999994316,False,P,0.000000000000000000,55.682346148238494266,0.00,0.00,,,402.897659529106533682,-347.001210226106138634,0.000000000000000000,0.000000000000000000,401.897659529106533682,-347.001210226106138634,,
2026-04-23,36,2026-04-23T16:30:00Z,2026-04-24T17:14:31Z,139.000000000000000000,139.000000000000000000,False,P,0.000000000000000000,87.326546116596645675,0.00,0.00,,,432.554234033730153897,-346.103560083800175562,0.000000000000000000,0.000000000000000000,431.554234033730153897,-346.103560083800175562,,
2026-04-23,37,2026-04-23T17:00:00Z,2026-04-24T17:44:33Z,97.870000000000004547,97.870000000000004547,False,N,0.000000000000000000,-5.664033849206349558,0.00,0.00,,,375.523714027777771207,-381.027367182539705937,0.000000000000000000,0.000000000000000000,375.523714027777771207,-380.027367182539705937,,
2026-04-23,38,2026-04-23T17:30:00Z,2026-04-24T18:14:30Z,139.000000000000000000,139.000000000000000000,False,P,0.000000000000000000,306.816665833333331648,0.00,0.00,139.000000000000000000,1.000000000000000000,455.208336527777760239,-148.516670694444457013,0.000000000000000000,0.000000000000000000,454.208336527777760239,-148.516670694444457013,,
2026-04-23,39,2026-04-23T18:00:00Z,2026-04-24T18:44:34Z,139.000000000000000000,139.000000000000000000,False,P,0.000000000000000000,293.753824949874683625,0.00,0.00,139.000000000000000000,1.000000000000000000,489.925004810985797121,-196.674998800125308662,0.000000000000000000,0.000000000000000000,488.925004810985797121,-196.674998800125308662,,
2026-04-23,40,2026-04-23T18:30:00Z,2026-04-24T19:14:31Z,140.000000000000000000,140.000000000000000000,False,P,0.000000000000000000,175.758333333333325754,0.00,0.00,140.000000000000000000,1.000000000000000000,264.675000000000011369,-89.083333333333328596,0.000000000000000000,0.000000000000000000,263.675000000000011369,-89.083333333333328596,,
2026-04-23,41,2026-04-23T19:00:00Z,2026-04-24T19:44:30Z,132.750000000000000000,132.750000000000000000,False,P,0.000000000000000000,149.500000000000000000,0.00,0.00,132.750000000000000000,0.000000000000000000,238.000000000000000000,-88.500000000000000000,0.000000000000000000,0.000000000000000000,237.000000000000000000,-88.500000000000000000,,
2026-04-23,42,2026-04-23T19:30:00Z,2026-04-24T20:14:36Z,145.000000000000000000,145.000000000000000000,False,P,0.000000000000000000,215.602654722222212058,0.00,0.00,,,316.865400833333353603,-100.832073055555554220,0.000000000000000000,0.000000000000000000,315.865400833333353603,-100.832073055555554220,,
2026-04-23,43,2026-04-23T20:00:00Z,2026-04-24T20:44:38Z,142.000000000000000000,142.000000000000000000,False,P,0.000000000000000000,492.775040277777804931,0.00,0.00,,,582.411374166666632846,-89.308049305555556430,0.000000000000000000,0.000000000000000000,581.411374166666632846,-89.308049305555556430,,
2026-04-23,44,2026-04-23T20:30:00Z,2026-04-24T21:14:30Z,140.000000000000000000,140.000000000000000000,False,P,0.000000000000000000,356.802395727339160203,0.00,0.00,,,453.597361005116965771,-96.490973849922596628,0.000000000000000000,0.000000000000000000,452.597361005116965771,-96.490973849922596628,,
2026-04-23,45,2026-04-23T21:00:00Z,2026-04-24T21:44:29Z,124.746673782352047510,124.746673782352047510,False,P,0.000000000000000000,67.891944444444447981,0.00,0.00,124.719999999999998863,1.000000000000000000,298.041666666666685614,-229.574722222222220580,0.000000000000000000,0.000000000000000000,297.041666666666685614,-229.574722222222220580,,
2026-04-23,46,2026-04-23T21:30:00Z,2026-04-24T22:14:35Z,87.090000000000003411,87.090000000000003411,False,N,0.000000000000000000,-5.818486296296295990,0.00,0.00,,,337.900002222222212822,-344.618486296296282489,0.000000000000000000,0.000000000000000000,337.900002222222212822,-343.618486296296282489,,
2026-04-23,47,2026-04-23T22:00:00Z,2026-04-24T22:44:32Z,82.000000000000000000,82.000000000000000000,False,N,0.000000000000000000,-112.877998755411255161,0.00,0.00,,,174.217620833333342034,-525.548425607263084203,0.000000000000000000,238.000000000000000000,174.217620833333342034,-524.548425607263084203,,238.000000000000000000
2026-04-23,48,2026-04-23T22:30:00Z,2026-04-24T23:14:31Z,82.349999999999994316,82.349999999999994316,False,N,0.000000000000000000,-61.084595959595958448,0.00,0.00,,,298.983333333333348492,-598.067929292929306939,0.000000000000000000,238.000000000000000000,298.983333333333348492,-597.067929292929306939,,238.000000000000000000
2026-04-24,1,2026-04-23T23:00:00Z,2026-04-24T23:44:34Z,92.599999999999994316,92.599999999999994316,False,P,0.000000000000000000,216.934617504279486866,0.00,0.00,92.599999999999994316,0.000000000000000000,398.750000000000000000,-420.157049162387181696,0.000000000000000000,238.000000000000000000,398.271745301908993042,-420.157049162387181696,,237.478254698091006958
2026-04-24,2,2026-04-23T23:30:00Z,2026-04-25T00:14:30Z,96.700000000000002842,96.700000000000002842,False,P,0.000000000000000000,198.730857259570484530,0.00,0.00,96.700000000000002842,0.000000000000000000,315.391666666666651508,-355.310809407096144241,0.000000000000000000,238.000000000000000000,315.130341706620299647,-355.310809407096144241,,237.261324960046351862
2026-04-24,3,2026-04-24T00:00:00Z,2026-04-25T00:44:30Z,80.010000000000005116,80.010000000000005116,False,N,0.000000000000000000,-163.294018379120871032,0.00,0.00,,,235.802104374999998981,-637.135043934676446042,0.000000000000000000,238.000000000000000000,235.802104374999998981,-636.135043934676446042,,238.000000000000000000
2026-04-24,4,2026-04-24T00:30:00Z,2026-04-25T01:14:30Z,88.590000000000003411,88.590000000000003411,False,N,0.000000000000000000,-80.122579365079360514,0.00,0.00,,,197.500000000000000000,-515.622579365079332092,0.000000000000000000,238.000000000000000000,197.500000000000000000,-514.622579365079332092,,238.000000000000000000
2026-04-24,5,2026-04-24T01:00:00Z,2026-04-25T01:44:38Z,90.810000000000002274,90.810000000000002274,False,P,0.000000000000000000,1.767023809523809552,0.00,0.00,90.810000000000002274,0.000000000000000000,197.500000000000000000,-433.932976190476210832,0.000000000000000000,238.000000000000000000,197.500000000000000000,-433.932976190476210832,,237.000000000000000000
2026-04-24,6,2026-04-24T01:30:00Z,2026-04-25T02:15:40Z,89.810000000000002274,89.810000000000002274,False,P,0.000000000000000000,197.124399618714619464,0.00,0.00,89.810000000000002274,0.000000000000000000,302.958333333333314386,-344.809070381285380336,0.000000000000000000,238.000000000000000000,302.423349670543188950,-344.809070381285380336,,237.534983662790182279
2026-04-24,7,2026-04-24T02:00:00Z,2026-04-25T02:44:28Z,84.909999999999996589,84.909999999999996589,False,N,0.000000000000000000,-40.541717139342139831,0.00,0.00,,,469.941666666666662877,-748.850050472675434321,0.000000000000000000,238.000000000000000000,469.941666666666662877,-747.850050472675434321,,238.000000000000000000
2026-04-24,8,2026-04-24T02:30:00Z,2026-04-25T03:14:29Z,80.650000000000005684,80.650000000000005684,False,N,0.000000000000000000,-41.544860185185186197,0.00,0.00,,,452.916666666666685614,-732.728193518518537530,0.000000000000000000,238.000000000000000000,452.916666666666685614,-731.728193518518537530,,238.000000000000000000
2026-04-24,9,2026-04-24T03:00:00Z,2026-04-25T03:44:26Z,80.750000000000000000,80.750000000000000000,False,N,0.000000000000000000,-124.096316368816374620,0.00,0.00,,,308.858333333333348492,-671.129649702149663426,0.000000000000000000,238.000000000000000000,308.858333333333348492,-670.129649702149663426,,238.000000000000000000
2026-04-24,10,2026-04-24T03:30:00Z,2026-04-25T04:14:26Z,80.750000000000000000,80.750000000000000000,False,N,0.000000000000000000,-103.189577865190358352,0.00,0.00,,,198.541666666666657193,-540.117911198523643179,0.000000000000000000,238.000000000000000000,198.541666666666657193,-539.117911198523643179,,238.000000000000000000
2026-04-24,11,2026-04-24T04:00:00Z,2026-04-25T04:44:29Z,80.750000000000000000,80.750000000000000000,False,N,0.000000000000000000,-282.600229259259265291,0.00,0.00,,,198.291666666666657193,-481.039466203703682368,0.000000000000000000,0.000000000000000000,198.291666666666657193,-480.039466203703682368,,
2026-04-24,12,2026-04-24T04:30:00Z,2026-04-25T05:14:28Z,96.909999999999996589,96.909999999999996589,False,P,0.000000000000000000,55.808336111111110256,0.00,0.00,96.909999999999996589,0.000000000000000000,197.500000000000000000,-142.433330555555556884,0.000000000000000000,0.000000000000000000,196.500000000000000000,-142.433330555555556884,,
2026-04-24,13,2026-04-24T05:00:00Z,2026-04-25T05:44:25Z,123.469999999999998863,123.469999999999998863,False,P,0.000000000000000000,116.231736944444449477,0.00,0.00,123.469999999999998863,1.000000000000000000,238.966673194444439332,-122.470833333333331439,0.000000000000000000,0.000000000000000000,237.966673194444439332,-122.470833333333331439,,
2026-04-24,14,2026-04-24T05:30:00Z,2026-04-25T06:14:27Z,122.609999999999999432,122.609999999999999432,False,P,0.000000000000000000,49.602772829106278607,0.00,0.00,122.609999999999999432,1.000000000000000000,246.062524079106282215,-196.097942569444455785,0.000000000000000000,0.000000000000000000,245.062524079106282215,-196.097942569444455785,,
2026-04-24,15,2026-04-24T06:00:00Z,2026-04-25T06:44:26Z,80.769999999999996021,80.769999999999996021,False,N,0.000000000000000000,-6.244631111111111466,0.00,0.00,,,193.124119457070719363,-198.984541944444430328,0.000000000000000000,0.000000000000000000,193.124119457070719363,-197.984541944444430328,,
2026-04-24,16,2026-04-24T06:30:00Z,2026-04-25T07:14:30Z,136.855601902430635164,136.855601902430635164,False,P,0.000000000000000000,3.117860138888888688,0.00,0.00,,,160.891670555555549527,-157.633333333333325754,0.000000000000000000,0.000000000000000000,159.891670555555549527,-157.633333333333325754,,
2026-04-24,17,2026-04-24T07:00:00Z,2026-04-25T07:44:28Z,87.469999999999998863,87.469999999999998863,False,N,0.000000000000000000,-25.459373333333331857,0.00,0.00,,,154.350001666666656774,-179.799999861111103883,0.000000000000000000,0.000000000000000000,154.350001666666656774,-178.799999861111103883,,
2026-04-24,18,2026-04-24T07:30:00Z,2026-04-25T08:14:28Z,87.480000000000003979,87.480000000000003979,False,N,0.000000000000000000,-56.917800833333330957,0.00,0.00,,,205.588637638888883430,-262.105303750000018681,0.000000000000000000,0.000000000000000000,205.588637638888883430,-261.105303750000018681,,
2026-04-24,19,2026-04-24T08:00:00Z,2026-04-25T08:44:28Z,80.780000000000001137,80.780000000000001137,False,N,0.000000000000000000,-84.217828988095234877,0.00,0.00,,,145.362666666666655146,-229.716328988095227714,0.000000000000000000,0.000000000000000000,145.362666666666655146,-228.716328988095227714,,
2026-04-24,20,2026-04-24T08:30:00Z,2026-04-25T09:14:30Z,101.890000000000000568,101.890000000000000568,False,P,0.000000000000000000,26.656077957393485178,0.00,0.00,101.890000000000000568,0.000000000000000000,329.926116111111127793,-303.425866487050939213,0.000000000000000000,0.000000000000000000,328.926116111111127793,-303.425866487050939213,,
2026-04-24,21,2026-04-24T09:00:00Z,2026-04-25T09:44:26Z,80.790000000000006253,80.790000000000006253,False,N,0.000000000000000000,-81.864953785031048028,0.00,0.00,,,451.291946843434345737,-533.389959955982703832,0.000000000000000000,0.000000000000000000,451.291946843434345737,-532.389959955982703832,,
2026-04-24,22,2026-04-24T09:30:00Z,2026-04-25T10:14:25Z,80.790000000000006253,80.790000000000006253,False,N,0.000000000000000000,-31.473899700435730153,0.00,0.00,,,468.208749302832245576,-499.091098077342053330,0.000000000000000000,0.000000000000000000,468.208749302832245576,-498.091098077342053330,,
2026-04-24,23,2026-04-24T10:00:00Z,2026-04-25T10:44:27Z,120.000000000000000000,120.000000000000000000,False,P,0.000000000000000000,429.721467330961047537,0.00,0.00,,,640.292026638888842172,-210.414773224594512158,0.000000000000000000,0.000000000000000000,639.292026638888842172,-210.414773224594512158,,
2026-04-24,24,2026-04-24T10:30:00Z,2026-04-25T11:14:31Z,134.830000000000012506,134.830000000000012506,False,P,0.000000000000000000,536.156755243378029263,0.00,0.00,134.830000000000012506,1.000000000000000000,622.064400367647067469,-85.654078369065771881,0.000000000000000000,0.000000000000000000,621.064400367647067469,-85.654078369065771881,,
2026-04-24,25,2026-04-24T11:00:00Z,2026-04-25T11:44:26Z,120.000000000000000000,120.000000000000000000,False,P,0.000000000000000000,353.476276519607836235,0.00,0.00,,,586.459609852941184727,-83.017063333333339870,-150.000000000000000000,0.000000000000000000,585.459609852941184727,-83.017063333333339870,-150.000000000000000000,
2026-04-24,26,2026-04-24T11:30:00Z,2026-04-25T12:14:23Z,78.099999999999994316,78.099999999999994316,False,N,0.000000000000000000,-8.675014444444444806,0.00,0.00,,,347.500000000000000000,-206.175014444444457240,-150.000000000000000000,0.000000000000000000,347.500000000000000000,-205.175014444444457240,-150.000000000000000000,
2026-04-24,27,2026-04-24T12:00:00Z,2026-04-25T12:44:26Z,74.099999999999994316,74.099999999999994316,False,N,0.000000000000000000,-25.383333333333332860,0.00,0.00,,,347.500000000000000000,-223.133333333333325754,-150.000000000000000000,0.000000000000000000,347.500000000000000000,-222.133333333333325754,-150.000000000000000000,
2026-04-24,28,2026-04-24T12:30:00Z,2026-04-25T13:14:26Z,75.000000000000000000,75.000000000000000000,False,N,0.000000000000000000,-28.601957731481480351,0.00,0.00,,,364.584467638888895635,-243.358624398148151613,-150.000000000000000000,0.000000000000000000,364.584467638888895635,-242.358624398148151613,-150.000000000000000000,
2026-04-24,29,2026-04-24T13:00:00Z,2026-04-25T13:44:31Z,120.000000000000000000,120.000000000000000000,False,P,0.000000000000000000,436.637554228395060818,0.00,0.00,,,670.120887561728409310,-83.481075833333335368,-150.000000000000000000,0.000000000000000000,669.120887561728409310,-83.481075833333335368,-150.000000000000000000,
2026-04-24,30,2026-04-24T13:30:00Z,2026-04-25T14:14:24Z,99.480000000000003979,99.480000000000003979,False,P,0.000000000000000000,112.125000000000000000,0.00,0.00,99.480000000000003979,0.000000000000000000,347.541666666666685614,-85.808333333333337123,-150.000000000000000000,0.000000000000000000,346.541666666666685614,-85.808333333333337123,-150.000000000000000000,
2026-04-24,31,2026-04-24T14:00:00Z,2026-04-25T14:44:25Z,118.900000000000005684,118.900000000000005684,False,P,0.000000000000000000,117.741666666666660035,0.00,0.00,118.900000000000005684,1.000000000000000000,351.791666666666685614,-84.724999999999994316,-150.000000000000000000,0.000000000000000000,350.791666666666685614,-84.724999999999994316,-150.000000000000000000,
2026-04-24,32,2026-04-24T14:30:00Z,2026-04-25T15:14:58Z,79.000000000000000000,79.000000000000000000,False,N,0.000000000000000000,-79.692121666666665192,0.00,0.00,,,347.770455000000026757,-277.633788333333313858,-150.000000000000000000,0.000000000000000000,347.770455000000026757,-276.633788333333313858,-150.000000000000000000,
2026-04-24,33,2026-04-24T15:00:00Z,2026-04-25T15:44:28Z,150.000000000000000000,150.000000000000000000,False,P,0.000000000000000000,37.781250000000000000,0.00,0.00,,,314.141666666666651508,-276.685416666666640140,0.000000000000000000,0.000000000000000000,313.141666666666651508,-276.685416666666640140,,
2026-04-24,34,2026-04-24T15:30:00Z,2026-04-25T16:14:29Z,92.629999999999995453,92.629999999999995453,False,N,0.000000000000000000,-66.516221457431456088,0.00,0.00,,,384.058796250000000327,-450.774554790764796053,0.000000000000000000,0.000000000000000000,384.058796250000000327,-449.774554790764796053,,
2026-04-24,35,2026-04-24T16:00:00Z,2026-04-25T16:44:33Z,93.319999999999993179,93.319999999999993179,False,N,0.000000000000000000,-60.778083630952380645,0.00,0.00,,,399.316792916666656765,-459.894967519841259218,0.000000000000000000,0.000000000000000000,399.316792916666656765,-458.894967519841259218,,
2026-04-24,36,2026-04-24T16:30:00Z,2026-04-25T17:14:24Z,94.280000000000001137,94.280000000000001137,False,N,0.000000000000000000,-140.580280714285720478,0.00,0.00,,,407.654852638888883121,-548.216083214285731628,0.000000000000000000,0.000000000000000000,407.654852638888883121,-547.216083214285731628,,
2026-04-24,37,2026-04-24T17:00:00Z,2026-04-25T17:44:27Z,136.000000000000000000,136.000000000000000000,False,P,0.000000000000000000,2.894456200396825274,0.00,0.00,,,512.461930305555597442,-509.864880327380944891,0.000000000000000000,0.000000000000000000,511.461930305555540599,-509.864880327380944891,,
2026-04-24,38,2026-04-24T17:30:00Z,2026-04-25T18:14:27Z,136.000000000000000000,136.000000000000000000,False,P,0.000000000000000000,38.086813511904765051,0.00,0.00,,,518.202547500000036962,-480.152868710317477507,0.000000000000000000,0.000000000000000000,517.202547500000036962,-480.152868710317477507,,
2026-04-24,39,2026-04-24T18:00:00Z,2026-04-25T18:44:27Z,136.000000000000000000,136.000000000000000000,False,P,0.000000000000000000,14.759130555555556086,0.00,0.00,,,318.750003055555566789,-304.941664722222242290,0.000000000000000000,0.000000000000000000,317.750003055555566789,-304.941664722222242290,,
2026-04-24,40,2026-04-24T18:30:00Z,2026-04-25T19:14:35Z,129.000000000000000000,129.000000000000000000,False,P,0.000000000000000000,14.294176080246913330,0.00,0.00,,,340.187500308641972424,-325.914157253086443689,0.000000000000000000,0.000000000000000000,339.187500308641972424,-325.914157253086443689,,
2026-04-24,41,2026-04-24T19:00:00Z,2026-04-25T19:44:30Z,129.000000000000000000,129.000000000000000000,False,P,0.000000000000000000,46.237475471916972936,0.00,0.00,,,314.066652666361392221,-267.306674041971916722,0.000000000000000000,0.000000000000000000,313.066652666361392221,-267.306674041971916722,,
2026-04-24,42,2026-04-24T19:30:00Z,2026-04-25T20:14:28Z,129.000000000000000000,129.000000000000000000,False,P,0.000000000000000000,42.566670277777774345,0.00,0.00,,,295.000003472222203982,-252.533329722222219971,0.000000000000000000,0.000000000000000000,294.000003472222203982,-252.533329722222219971,,
2026-04-24,43,2026-04-24T20:00:00Z,2026-04-25T20:44:27Z,129.000000000000000000,129.000000000000000000,False,P,0.000000000000000000,17.000000000000000000,0.00,0.00,,,283.000000000000000000,-266.074999999999988631,0.000000000000000000,0.000000000000000000,282.000000000000000000,-266.074999999999988631,,
2026-04-24,44,2026-04-24T20:30:00Z,2026-04-25T21:14:26Z,129.000000000000000000,129.000000000000000000,False,P,0.000000000000000000,3.924020545843045937,0.00,0.00,,,372.316592926379200890,-368.717358683954955723,0.000000000000000000,0.000000000000000000,371.316592926379200890,-368.717358683954955723,,
2026-04-24,45,2026-04-24T21:00:00Z,2026-04-25T21:44:26Z,96.200000000000002842,96.200000000000002842,False,N,0.000000000000000000,-36.237444583333335402,0.00,0.00,,,452.395777777777766460,-488.920777916666679630,0.000000000000000000,0.000000000000000000,452.395777777777766460,-487.920777916666679630,,
2026-04-24,46,2026-04-24T21:30:00Z,2026-04-25T22:14:44Z,103.319999999999993179,103.319999999999993179,False,P,0.000000000000000000,139.724744501424510190,0.00,0.00,103.319999999999993179,0.100000000000000006,335.300000071225099418,-196.006665925925915417,0.000000000000000000,0.000000000000000000,334.300000071225099418,-196.006665925925915417,,
2026-04-24,47,2026-04-24T22:00:00Z,2026-04-25T22:44:28Z,107.790000000000006253,107.790000000000006253,False,P,0.000000000000000000,49.183333333333330017,0.00,0.00,107.790000000000006253,0.000000000000000000,338.000000000000000000,-288.906944444444434339,0.000000000000000000,0.000000000000000000,337.000000000000000000,-288.906944444444434339,,
2026-04-24,48,2026-04-24T22:30:00Z,2026-04-25T23:14:32Z,103.900000000000005684,103.900000000000005684,False,P,0.000000000000000000,97.825000000000002842,0.00,0.00,103.900000000000005684,0.000000000000000000,338.000000000000000000,-240.358333333333320070,0.000000000000000000,0.000000000000000000,337.000000000000000000,-240.358333333333320070,,
2026-04-25,1,2026-04-24T23:00:00Z,2026-04-25T23:44:28Z,95.670000000000001705,95.670000000000001705,False,N,0.000000000000000000,-3.008333333333333304,0.00,0.00,,,338.000000000000000000,-341.041666666666685614,0.000000000000000000,0.000000000000000000,338.000000000000000000,-340.041666666666685614,,
2026-04-25,2,2026-04-24T23:30:00Z,2026-04-26T00:14:35Z,105.359999999999999432,105.359999999999999432,False,P,0.000000000000000000,34.766666666666665719,0.00,0.00,105.359999999999999432,0.000000000000000000,338.000000000000000000,-303.233333333333348492,0.000000000000000000,0.000000000000000000,337.000000000000000000,-303.233333333333348492,,
2026-04-25,3,2026-04-25T00:00:00Z,2026-04-26T00:44:26Z,113.069999999999993179,113.069999999999993179,False,P,0.000000000000000000,281.612962962962967595,0.00,0.00,113.069999999999993179,0.000000000000000000,380.961296296296268338,-99.390000000000000568,0.000000000000000000,0.000000000000000000,379.961296296296268338,-99.390000000000000568,,
2026-04-25,4,2026-04-25T00:30:00Z,2026-04-26T01:14:27Z,115.870000000000004547,115.870000000000004547,False,P,0.000000000000000000,281.046666666666681067,0.00,0.00,115.870000000000004547,0.000000000000000000,435.516666666666651508,-154.761666666666656056,0.000000000000000000,0.000000000000000000,434.516666666666651508,-154.761666666666656056,,
2026-04-25,5,2026-04-25T01:00:00Z,2026-04-26T01:44:28Z,88.879999999999995453,88.879999999999995453,False,N,0.000000000000000000,-43.783333333333331439,0.00,0.00,,,435.500000000000000000,-479.308333333333337123,0.000000000000000000,0.000000000000000000,435.500000000000000000,-478.308333333333337123,,
2026-04-25,6,2026-04-25T01:30:00Z,2026-04-26T02:15:38Z,104.640000000000000568,104.640000000000000568,False,P,0.000000000000000000,86.442499999999995453,0.00,0.00,104.640000000000000568,0.000000000000000000,435.500000000000000000,-349.057500000000004547,0.000000000000000000,0.000000000000000000,434.500000000000000000,-349.057500000000004547,,
2026-04-25,7,2026-04-25T02:00:00Z,2026-04-26T02:44:34Z,86.000000000000000000,86.000000000000000000,False,N,0.000000000000000000,-35.197348484848482997,0.00,0.00,,,435.500000000000000000,-470.697348484848475891,0.000000000000000000,0.000000000000000000,435.500000000000000000,-469.697348484848475891,,
2026-04-25,8,2026-04-25T02:30:00Z,2026-04-26T03:14:33Z,81.900000000000005684,81.900000000000005684,False,N,0.000000000000000000,-34.015151515151515582,0.00,0.00,,,435.500000000000000000,-469.556818181818186986,0.000000000000000000,0.000000000000000000,435.500000000000000000,-468.556818181818186986,,
2026-04-25,9,2026-04-25T03:00:00Z,2026-04-26T03:44:34Z,106.620000000000004547,106.620000000000004547,False,P,0.000000000000000000,84.094760312151620951,0.00,0.00,106.620000000000004547,1.000000000000000000,486.625000000000000000,-402.530239687848393260,0.000000000000000000,0.000000000000000000,485.625000000000000000,-402.530239687848393260,,
2026-04-25,10,2026-04-25T03:30:00Z,2026-04-26T04:14:30Z,87.439999999999997726,87.439999999999997726,False,P,0.000000000000000000,40.695454545454545325,0.00,0.00,87.439999999999997726,0.000000000000000000,440.975000000000022737,-400.204545454545439043,0.000000000000000000,0.000000000000000000,439.975000000000022737,-400.204545454545439043,,
2026-04-25,11,2026-04-25T04:00:00Z,2026-04-26T04:44:31Z,88.459999999999993747,88.459999999999993747,False,P,0.000000000000000000,96.582002801120452773,0.00,0.00,88.459999999999993747,0.000000000000000000,374.500000000000000000,-277.917997198879561438,0.000000000000000000,0.000000000000000000,373.500000000000000000,-277.917997198879561438,,
2026-04-25,12,2026-04-25T04:30:00Z,2026-04-26T05:14:25Z,93.209999999999993747,93.209999999999993747,False,P,0.000000000000000000,171.849999999999994316,0.00,0.00,93.209999999999993747,0.000000000000000000,337.716666666666640140,-165.816666666666662877,0.000000000000000000,0.000000000000000000,336.716666666666640140,-165.816666666666662877,,
2026-04-25,13,2026-04-25T05:00:00Z,2026-04-26T05:44:34Z,94.400000000000005684,94.400000000000005684,False,P,0.000000000000000000,12.772222222222222143,0.00,0.00,94.400000000000005684,0.000000000000000000,335.500000000000000000,-322.727777777777760093,0.000000000000000000,0.000000000000000000,334.500000000000000000,-322.727777777777760093,,
2026-04-25,14,2026-04-25T05:30:00Z,2026-04-26T06:14:29Z,97.530000000000001137,97.530000000000001137,False,P,0.000000000000000000,39.097619047619048160,0.00,0.00,97.530000000000001137,0.000000000000000000,335.500000000000000000,-296.827380952380963208,0.000000000000000000,0.000000000000000000,334.500000000000000000,-296.827380952380963208,,
2026-04-25,15,2026-04-25T06:00:00Z,2026-04-26T06:44:30Z,82.659999999999996589,82.659999999999996589,False,N,0.000000000000000000,-121.021031746031752618,0.00,0.00,,,300.708333333333314386,-422.104365079365095426,0.000000000000000000,0.000000000000000000,300.708333333333314386,-421.104365079365095426,,
2026-04-25,16,2026-04-25T06:30:00Z,2026-04-26T07:14:30Z,82.659999999999996589,82.659999999999996589,False,N,0.000000000000000000,-77.534920634920638349,0.00,0.00,,,238.000000000000000000,-315.584920634920649718,0.000000000000000000,0.000000000000000000,238.000000000000000000,-314.584920634920649718,,
2026-04-25,17,2026-04-25T07:00:00Z,2026-04-26T07:44:53Z,82.250000000000000000,82.250000000000000000,False,N,0.000000000000000000,-47.242981666666665319,0.00,0.00,,,261.925000000000011369,-309.458340000000021064,0.000000000000000000,0.000000000000000000,261.925000000000011369,-308.458340000000021064,,
2026-04-25,18,2026-04-25T07:30:00Z,2026-04-26T08:14:28Z,82.250000000000000000,82.250000000000000000,False,N,0.000000000000000000,-88.349995555555551618,0.00,0.00,,,238.472727499999990641,-326.964389722222222190,0.000000000000000000,0.000000000000000000,238.472727499999990641,-325.964389722222222190,,
2026-04-25,19,2026-04-25T08:00:00Z,2026-04-26T08:44:31Z,116.219999999999998863,116.219999999999998863,False,P,0.000000000000000000,249.775135000000005903,0.00,0.00,116.219999999999998863,1.000000000000000000,347.753986666666662586,-97.353982222222228415,0.000000000000000000,0.000000000000000000,346.753986666666662586,-97.353982222222228415,,
2026-04-25,20,2026-04-25T08:30:00Z,2026-04-26T09:14:31Z,109.019999999999996021,109.019999999999996021,False,P,0.000000000000000000,176.079587652318338087,0.00,0.00,109.019999999999996021,1.000000000000000000,299.372222222222205801,-122.922217903237211090,0.000000000000000000,0.000000000000000000,298.372222222222205801,-122.922217903237211090,,
2026-04-25,21,2026-04-25T09:00:00Z,2026-04-26T09:44:29Z,154.000000000000000000,154.000000000000000000,False,P,0.000000000000000000,381.822702465277757256,0.00,0.00,,,470.797702542664978864,-88.605393530418723458,0.000000000000000000,0.000000000000000000,469.797702542664978864,-88.605393530418723458,,
2026-04-25,22,2026-04-25T09:30:00Z,2026-04-26T10:14:32Z,154.000000000000000000,154.000000000000000000,False,P,0.000000000000000000,530.611577638888888941,0.00,0.00,,,644.621994305555517712,-113.741439166666665983,0.000000000000000000,0.000000000000000000,643.621994305555517712,-113.741439166666665983,,
2026-04-25,23,2026-04-25T10:00:00Z,2026-04-26T10:44:28Z,125.000000000000000000,125.000000000000000000,False,P,0.000000000000000000,196.388563836805559504,0.00,0.00,125.000000000000000000,1.000000000000000000,588.522853836805552419,-91.509798282450077522,-300.000000000000000000,0.000000000000000000,587.522853836805552419,-91.509798282450077522,-300.000000000000000000,
2026-04-25,24,2026-04-25T10:30:00Z,2026-04-26T11:14:29Z,130.000000000000000000,130.000000000000000000,False,P,0.000000000000000000,220.987834027777779511,0.00,0.00,,,612.688892777777823540,-91.422222222222217169,-300.000000000000000000,0.000000000000000000,611.688892777777823540,-91.422222222222217169,-300.000000000000000000,
2026-04-25,25,2026-04-25T11:00:00Z,2026-04-26T11:44:32Z,116.018919162257247990,116.018919162257247990,False,P,0.000000000000000000,26.263095238095239381,0.00,0.00,113.423333333333332007,1.000000000000000000,515.013095238095274908,-189.003333333333330302,-300.000000000000000000,0.000000000000000000,514.013095238095274908,-189.003333333333330302,-300.000000000000000000,
2026-04-25,26,2026-04-25T11:30:00Z,2026-04-26T12:14:29Z,109.900000000000005684,109.900000000000005684,False,P,0.000000000000000000,150.616349206349212864,0.00,0.00,109.900000000000005684,1.000000000000000000,576.879834054834077506,-126.338484848484853273,-300.000000000000000000,0.000000000000000000,575.879834054834077506,-126.338484848484853273,-300.000000000000000000,
2026-04-25,27,2026-04-25T12:00:00Z,2026-04-26T12:44:29Z,109.900000000000005684,109.900000000000005684,False,P,0.000000000000000000,75.677239646464641964,0.00,0.00,109.900000000000005684,1.000000000000000000,514.988666386622639948,-139.435385073491318053,-300.000000000000000000,0.000000000000000000,513.988666386622639948,-139.435385073491318053,-300.000000000000000000,
2026-04-25,28,2026-04-25T12:30:00Z,2026-04-26T13:14:27Z,130.000000000000000000,130.000000000000000000,False,P,0.000000000000000000,144.387499999999988631,0.00,0.00,,,550.414743888888892798,-105.964744444444448845,-300.000000000000000000,0.000000000000000000,549.414743888888892798,-105.964744444444448845,-300.000000000000000000,
2026-04-25,29,2026-04-25T13:00:00Z,2026-04-26T13:44:31Z,130.000000000000000000,130.000000000000000000,False,P,0.000000000000000000,396.963032045454554009,0.00,0.00,,,788.946920934343438603,-92.191460069444445935,-300.000000000000000000,0.000000000000000000,787.946920934343438603,-92.191460069444445935,-300.000000000000000000,
2026-04-25,30,2026-04-25T13:30:00Z,2026-04-26T14:14:35Z,73.120000000000004547,73.120000000000004547,False,N,0.000000000000000000,-97.262122979797979383,0.00,0.00,,,520.654543686868692021,-318.266666666666651508,-300.000000000000000000,0.000000000000000000,520.654543686868692021,-317.266666666666651508,-300.000000000000000000,
2026-04-25,31,2026-04-25T14:00:00Z,2026-04-26T14:44:35Z,83.530000000000001137,83.530000000000001137,False,N,0.000000000000000000,-2.527934914529914590,0.00,0.00,,,497.723127222222217370,-350.761268247863256420,-150.000000000000000000,0.000000000000000000,497.723127222222217370,-349.761268247863256420,-150.000000000000000000,
2026-04-25,32,2026-04-25T14:30:00Z,2026-04-26T15:14:35Z,40.000000000000000000,40.000000000000000000,False,N,0.000000000000000000,-733.930470879629638148,0.00,0.00,,,497.534722222222228538,-1081.625470879629574483,-150.000000000000000000,0.000000000000000000,497.534722222222228538,-1080.625470879629574483,-150.000000000000000000,
2026-04-25,33,2026-04-25T15:00:00Z,2026-04-26T15:44:36Z,60.000000000000000000,60.000000000000000000,False,N,0.000000000000000000,-140.694242046764713905,0.00,0.00,,,500.200956353006517929,-641.166588991209096093,0.000000000000000000,0.000000000000000000,500.200956353006517929,-640.166588991209096093,,
2026-04-25,34,2026-04-25T15:30:00Z,2026-04-26T16:14:35Z,70.000000000000000000,70.000000000000000000,False,N,0.000000000000000000,-245.875821055555547900,0.00,0.00,,,478.908640012406749520,-725.355290500000023712,0.000000000000000000,0.000000000000000000,478.908640012406749520,-724.355290500000023712,,
2026-04-25,35,2026-04-25T16:00:00Z,2026-04-26T16:44:39Z,82.250000000000000000,82.250000000000000000,False,N,0.000000000000000000,-223.071299444444434812,0.00,0.00,,,353.625000555555573101,-577.129156666666631281,0.000000000000000000,0.000000000000000000,353.625000555555573101,-576.129156666666631281,,
2026-04-25,36,2026-04-25T16:30:00Z,2026-04-26T17:14:36Z,130.311975580870665681,130.311975580870665681,False,P,0.000000000000000000,140.926257452636974676,0.00,0.00,129.843180555555562705,1.000000000000000000,323.122357921146942772,-183.677030396825387015,0.000000000000000000,0.000000000000000000,322.122357921146942772,-183.677030396825387015,,
2026-04-25,37,2026-04-25T17:00:00Z,2026-04-26T17:44:35Z,129.159999999999996589,129.159999999999996589,False,P,0.000000000000000000,32.276350514255334190,0.00,0.00,,,404.338439193940644145,-372.762607949383550476,0.000000000000000000,0.000000000000000000,403.338439193940644145,-372.762607949383550476,,
2026-04-25,38,2026-04-25T17:30:00Z,2026-04-26T18:14:37Z,129.289999999999992042,129.289999999999992042,False,P,0.000000000000000000,100.910647453703703036,0.00,0.00,129.289999999999992042,1.000000000000000000,298.926388194444427882,-197.917129629629641840,0.000000000000000000,0.000000000000000000,297.926388194444427882,-197.917129629629641840,,
2026-04-25,39,2026-04-25T18:00:00Z,2026-04-26T18:44:35Z,138.000000000000000000,138.000000000000000000,False,P,0.000000000000000000,70.532407407407404776,0.00,0.00,138.000000000000000000,1.000000000000000000,257.774999999999977263,-187.075925925925929505,0.000000000000000000,0.000000000000000000,256.774999999999977263,-187.075925925925929505,,
2026-04-25,40,2026-04-25T18:30:00Z,2026-04-26T19:14:33Z,138.000000000000000000,138.000000000000000000,False,P,0.000000000000000000,165.750000000000000000,0.00,0.00,138.000000000000000000,1.000000000000000000,254.250000000000000000,-88.500000000000000000,0.000000000000000000,0.000000000000000000,253.250000000000000000,-88.500000000000000000,,
2026-04-25,41,2026-04-25T19:00:00Z,2026-04-26T19:44:44Z,103.000000000000000000,103.000000000000000000,False,N,0.000000000000000000,-15.800416666666666998,0.00,0.00,,,238.000002499999993688,-254.216666666666668561,0.000000000000000000,0.000000000000000000,238.000002499999993688,-253.216666666666668561,,
2026-04-25,42,2026-04-25T19:30:00Z,2026-04-26T20:14:38Z,103.010000000000005116,103.010000000000005116,False,N,0.000000000000000000,-23.666665555555557177,0.00,0.00,,,275.500002777777751817,-299.624998888888910642,0.000000000000000000,0.000000000000000000,275.500002777777751817,-298.624998888888910642,,
2026-04-25,43,2026-04-25T20:00:00Z,2026-04-26T20:44:40Z,130.919999999999987494,130.919999999999987494,False,P,0.000000000000000000,132.502999722222227774,0.00,0.00,130.919999999999987494,1.000000000000000000,260.424999722222196397,-127.875005000000001587,0.000000000000000000,0.000000000000000000,259.424999722222196397,-127.875005000000001587,,
2026-04-25,44,2026-04-25T20:30:00Z,2026-04-26T21:14:34Z,97.569999999999993179,97.569999999999993179,False,N,0.000000000000000000,-22.350000000000001421,0.00,0.00,,,238.750000000000000000,-260.949999999999988631,0.000000000000000000,0.000000000000000000,238.750000000000000000,-259.949999999999988631,,
2026-04-25,45,2026-04-25T21:00:00Z,2026-04-26T21:44:38Z,126.909999999999996589,126.909999999999996589,False,P,0.000000000000000000,165.969647083333342152,0.00,0.00,126.909999999999996589,1.000000000000000000,298.224019027777785595,-131.917352499999992688,0.000000000000000000,0.000000000000000000,297.224019027777785595,-131.917352499999992688,,
2026-04-25,46,2026-04-25T21:30:00Z,2026-04-26T22:14:39Z,91.549999999999997158,91.549999999999997158,False,N,0.000000000000000000,-15.003242119883040573,0.00,0.00,,,238.453539758771938750,-253.928539758771933066,0.000000000000000000,0.000000000000000000,238.453539758771938750,-252.928539758771933066,,
2026-04-25,47,2026-04-25T22:00:00Z,2026-04-26T22:44:38Z,79.459999999999993747,79.459999999999993747,False,N,0.000000000000000000,-156.809831154684104604,0.00,0.00,,,389.379629629629619103,-146.670001013071896523,-400.000000000000000000,0.000000000000000000,389.379629629629619103,-146.670001013071896523,-399.000000000000000000,
2026-04-25,48,2026-04-25T22:30:00Z,2026-04-26T23:14:37Z,77.579999999999998295,77.579999999999998295,False,N,0.000000000000000000,-129.383333333333325754,0.00,0.00,,,359.441666666666662877,-88.500000000000000000,-400.000000000000000000,0.000000000000000000,359.441666666666662877,-88.500000000000000000,-399.000000000000000000,
2026-04-26,1,2026-04-25T23:00:00Z,2026-04-26T23:44:37Z,104.870000000000004547,104.870000000000004547,False,P,0.000000000000000000,1.024166666666666670,0.00,0.00,,,489.694999999999993179,-88.500000000000000000,-400.000000000000000000,0.000000000000000000,488.694999999999993179,-88.500000000000000000,-400.000000000000000000,
2026-04-26,2,2026-04-25T23:30:00Z,2026-04-27T00:14:36Z,113.439680981075412092,113.439680981075412092,False,P,0.000000000000000000,27.508333333333332860,0.00,0.00,,,516.539999999999963620,-88.500000000000000000,-400.000000000000000000,0.000000000000000000,515.539999999999963620,-88.500000000000000000,-400.000000000000000000,
2026-04-26,3,2026-04-26T00:00:00Z,2026-04-27T00:44:37Z,109.540000000000006253,109.540000000000006253,False,P,0.000000000000000000,16.591666666666665009,0.00,0.00,,,505.170833333333348492,-88.504166666666662877,-400.000000000000000000,0.000000000000000000,504.170833333333348492,-88.504166666666662877,-400.000000000000000000,
2026-04-26,4,2026-04-26T00:30:00Z,2026-04-27T01:14:35Z,79.450000000000002842,79.450000000000002842,False,N,0.000000000000000000,-22.850513333333331900,0.00,0.00,,,466.084529722222214332,-88.501190416666659644,-400.000000000000000000,0.000000000000000000,466.084529722222214332,-88.501190416666659644,-399.000000000000000000,
2026-04-26,5,2026-04-26T01:00:00Z,2026-04-27T01:44:37Z,80.629999999999995453,80.629999999999995453,False,N,0.000000000000000000,-42.481666666666669130,0.00,0.00,,,446.524999999999977263,-88.500000000000000000,-400.000000000000000000,0.000000000000000000,446.524999999999977263,-88.500000000000000000,-399.000000000000000000,
2026-04-26,6,2026-04-26T01:30:00Z,2026-04-27T02:19:18Z,81.150000000000005684,81.150000000000005684,False,N,0.000000000000000000,-65.092594398148150958,0.00,0.00,,,493.208331527777772862,-158.200925925925929505,-400.000000000000000000,0.000000000000000000,493.208331527777772862,-157.200925925925929505,-400.000000000000000000,
2026-04-26,7,2026-04-26T02:00:00Z,2026-04-27T02:44:31Z,89.140000000000000568,89.140000000000000568,False,N,0.000000000000000000,-4.417685982152777413,0.00,0.00,,,469.180729087291638280,-173.227953303576384769,-300.000000000000000000,0.000000000000000000,469.180729087291638280,-172.227953303576384769,-300.000000000000000000,
2026-04-26,8,2026-04-26T02:30:00Z,2026-04-27T03:14:30Z,81.150000000000005684,81.150000000000005684,False,N,0.000000000000000000,-120.548333333333332007,0.00,0.00,,,445.000000000000000000,-265.973333333333357587,-300.000000000000000000,0.000000000000000000,445.000000000000000000,-264.973333333333357587,-300.000000000000000000,
2026-04-26,9,2026-04-26T03:00:00Z,2026-04-27T03:44:27Z,92.400000000000005684,92.400000000000005684,False,P,0.000000000000000000,26.835897306104545379,0.00,0.00,92.400000000000005684,0.000000000000000000,470.453929166666682704,-94.118031860562126667,-350.000000000000000000,0.000000000000000000,469.453929166666682704,-94.118031860562126667,-350.000000000000000000,
2026-04-26,10,2026-04-26T03:30:00Z,2026-04-27T04:14:26Z,92.900000000000005684,92.900000000000005684,False,P,0.000000000000000000,50.756528888888887252,0.00,0.00,92.900000000000005684,0.000000000000000000,574.526808333333292467,-173.910137777777777046,-350.000000000000000000,0.000000000000000000,573.526808333333292467,-173.910137777777777046,-350.000000000000000000,
2026-04-26,11,2026-04-26T04:00:00Z,2026-04-27T04:44:32Z,96.950000000000002842,96.950000000000002842,False,P,0.000000000000000000,54.647653674863384765,0.00,0.00,96.950000000000002842,0.000000000000000000,587.544010549863401138,-282.985679658469962305,-250.000000000000000000,0.000000000000000000,586.544010549863401138,-282.985679658469962305,-250.000000000000000000,
2026-04-26,12,2026-04-26T04:30:00Z,2026-04-27T05:14:27Z,96.390000000000000568,96.390000000000000568,False,P,0.000000000000000000,94.765624166666668771,0.00,0.00,96.390000000000000568,0.000000000000000000,587.509374999999977263,-242.876042500000011159,-250.000000000000000000,0.000000000000000000,586.509374999999977263,-242.876042500000011159,-250.000000000000000000,
2026-04-26,13,2026-04-26T05:00:00Z,2026-04-27T05:44:28Z,120.000000000000000000,120.000000000000000000,False,P,0.000000000000000000,99.001417500000002292,0.00,0.00,,,648.338586666666628844,-299.721919166666680212,-250.000000000000000000,0.000000000000000000,647.338586666666628844,-299.721919166666680212,-250.000000000000000000,
2026-04-26,14,2026-04-26T05:30:00Z,2026-04-27T06:14:28Z,97.409999999999996589,97.409999999999996589,False,P,0.000000000000000000,133.614087301587289858,0.00,0.00,97.409999999999996589,0.000000000000000000,587.500000000000000000,-204.185912698412693089,-250.000000000000000000,0.000000000000000000,586.500000000000000000,-204.185912698412693089,-250.000000000000000000,
2026-04-26,15,2026-04-26T06:00:00Z,2026-04-27T06:44:27Z,81.829999999999998295,81.829999999999998295,False,N,0.000000000000000000,-130.218253968253975472,0.00,0.00,,,587.500000000000000000,-717.868253968253952735,0.000000000000000000,0.000000000000000000,587.500000000000000000,-716.868253968253952735,,
2026-04-26,16,2026-04-26T06:30:00Z,2026-04-27T07:14:25Z,77.340000000000003411,77.340000000000003411,False,N,0.000000000000000000,-128.903494166666661158,0.00,0.00,,,587.747937638888856782,-717.031271944444483779,0.000000000000000000,0.000000000000000000,587.747937638888856782,-716.031271944444483779,,
2026-04-26,17,2026-04-26T07:00:00Z,2026-04-27T07:44:25Z,93.379999999999995453,93.379999999999995453,False,P,0.000000000000000000,5.927348299369195495,0.00,0.00,93.379999999999995453,0.000000000000000000,587.500004809605115952,-581.777576006186336599,0.000000000000000000,0.000000000000000000,586.500004809605115952,-581.777576006186336599,,
2026-04-26,18,2026-04-26T07:30:00Z,2026-04-27T08:14:27Z,91.629999999999995453,91.629999999999995453,False,P,0.000000000000000000,78.803571666666670126,0.00,0.00,91.629999999999995453,0.000000000000000000,587.529762499999947067,-508.938094999999975698,0.000000000000000000,0.000000000000000000,586.529762499999947067,-508.938094999999975698,,
2026-04-26,19,2026-04-26T08:00:00Z,2026-04-27T08:44:31Z,94.519999999999996021,94.519999999999996021,False,P,0.000000000000000000,48.991542209499577609,0.00,0.00,94.519999999999996021,0.000000000000000000,572.294577096055945731,-523.701513623833761812,0.000000000000000000,0.000000000000000000,571.294577096055945731,-523.701513623833761812,,
2026-04-26,20,2026-04-26T08:30:00Z,2026-04-27T09:14:27Z,77.650000000000005684,77.650000000000005684,False,N,0.000000000000000000,-167.281507870370376168,0.00,0.00,,,390.331129444444457022,-557.942259537036989059,0.000000000000000000,0.000000000000000000,390.331129444444457022,-556.942259537036989059,,
2026-04-26,21,2026-04-26T09:00:00Z,2026-04-27T09:44:30Z,73.900000000000005684,73.900000000000005684,False,N,0.000000000000000000,-312.807698611111106857,0.00,0.00,,,347.620603055555534411,-660.592266388888901929,0.000000000000000000,0.000000000000000000,347.620603055555534411,-659.592266388888901929,,
2026-04-26,22,2026-04-26T09:30:00Z,2026-04-27T10:15:09Z,73.670000000000001705,73.670000000000001705,False,N,0.000000000000000000,-285.785722777777777992,0.00,0.00,,,347.920259027777774463,-634.282760555555569226,0.000000000000000000,0.000000000000000000,347.920259027777774463,-633.282760555555569226,,
2026-04-26,23,2026-04-26T10:00:00Z,2026-04-27T10:44:28Z,68.540000000000006253,68.540000000000006253,False,N,0.000000000000000000,-135.230205277777770334,0.00,0.00,,,367.333332777777798128,-502.445827916666644342,0.000000000000000000,0.000000000000000000,367.333332777777798128,-501.445827916666644342,,
2026-04-26,24,2026-04-26T10:30:00Z,2026-04-27T11:14:26Z,84.000000000000000000,84.000000000000000000,False,P,0.000000000000000000,13.585073472222221724,0.00,0.00,84.000000000000000000,0.000000000000000000,347.517708333333359860,-334.284371249999992415,0.000000000000000000,0.000000000000000000,346.517708333333359860,-334.284371249999992415,,
2026-04-26,25,2026-04-26T11:00:00Z,2026-04-27T11:44:27Z,101.493745965545727472,101.493745965545727472,False,P,0.000000000000000000,15.216668750000000188,0.00,0.00,,,520.668939861111084610,-155.185604444444436467,-350.000000000000000000,0.000000000000000000,519.668939861111084610,-155.185604444444436467,-350.000000000000000000,
2026-04-26,26,2026-04-26T11:30:00Z,2026-04-27T12:14:29Z,110.000000000000000000,110.000000000000000000,False,P,0.000000000000000000,216.715558333333319752,0.00,0.00,,,590.785255555555522733,-24.469697222222222877,-350.000000000000000000,0.000000000000000000,589.785255555555522733,-24.469697222222222877,-350.000000000000000000,
2026-04-26,27,2026-04-26T12:00:00Z,2026-04-27T12:53:22Z,114.000000000000000000,114.000000000000000000,False,P,0.000000000000000000,135.587594333333328223,0.00,0.00,,,526.111389777777731069,-90.787501222222218189,-300.000000000000000000,0.000000000000000000,525.111389777777731069,-90.787501222222218189,-300.000000000000000000,
2026-04-26,28,2026-04-26T12:30:00Z,2026-04-27T13:14:26Z,107.219999999999998863,107.219999999999998863,False,P,0.000000000000000000,295.740704099821755335,0.00,0.00,,,685.113431372549030129,-88.999393939393939945,-300.000000000000000000,0.000000000000000000,684.113431372549030129,-88.999393939393939945,-300.000000000000000000,
2026-04-26,29,2026-04-26T13:00:00Z,2026-04-27T13:44:27Z,155.000000000000000000,155.000000000000000000,False,P,0.000000000000000000,143.240782828282817718,0.00,0.00,155.000000000000000000,1.000000000000000000,447.746944664488012222,-104.761717021390367677,-200.000000000000000000,0.000000000000000000,446.746944664488012222,-104.761717021390367677,-200.000000000000000000,
2026-04-26,30,2026-04-26T13:30:00Z,2026-04-27T14:14:29Z,117.253849176071412330,117.253849176071412330,False,P,0.000000000000000000,96.572811401515153307,0.00,0.00,117.124166666666667425,1.000000000000000000,406.459848484848464523,-109.870834166666668352,-200.000000000000000000,0.000000000000000000,405.459848484848464523,-109.870834166666668352,-200.000000000000000000,
2026-04-26,31,2026-04-26T14:00:00Z,2026-04-27T14:44:44Z,120.000000000000000000,120.000000000000000000,False,P,0.000000000000000000,207.568788308629763151,0.00,0.00,,,796.411134896794010274,-88.618805935990337730,-500.000000000000000000,0.000000000000000000,795.411134896794010274,-88.618805935990337730,-500.000000000000000000,
2026-04-26,32,2026-04-26T14:30:00Z,2026-04-27T15:14:59Z,115.000000000000000000,115.000000000000000000,False,P,0.000000000000000000,92.108333333333334281,0.00,0.00,,,681.108333333333348492,-88.741666666666660035,-500.000000000000000000,0.000000000000000000,680.108333333333348492,-88.741666666666660035,-500.000000000000000000,
2026-04-26,33,2026-04-26T15:00:00Z,2026-04-27T15:44:43Z,128.330000000000012506,128.330000000000012506,False,P,0.000000000000000000,154.266936805555559431,0.00,0.00,,,842.883603472222262099,-88.708603472222222308,-600.000000000000000000,0.000000000000000000,841.883603472222262099,-88.708603472222222308,-600.000000000000000000,
2026-04-26,34,2026-04-26T15:30:00Z,2026-04-27T16:14:35Z,128.330000000000012506,128.330000000000012506,False,P,0.000000000000000000,166.377934768970192181,0.00,0.00,,,855.170540732384779403,-88.663939277777771508,-600.000000000000000000,0.000000000000000000,854.170540732384779403,-88.663939277777771508,-600.000000000000000000,
2026-04-26,35,2026-04-26T16:00:00Z,2026-04-27T16:44:44Z,136.750000000000000000,136.750000000000000000,False,P,0.000000000000000000,298.164166666666687888,0.00,0.00,136.750000000000000000,1.000000000000000000,461.680833333333339397,-163.516666666666679930,0.000000000000000000,0.000000000000000000,460.680833333333339397,-163.516666666666679930,,
2026-04-26,36,2026-04-26T16:30:00Z,2026-04-27T17:14:40Z,136.750000000000000000,136.750000000000000000,False,P,0.000000000000000000,25.994107142857142634,0.00,0.00,,,448.000000000000000000,-422.272559523809547954,0.000000000000000000,0.000000000000000000,447.000000000000000000,-422.272559523809547954,,
2026-04-26,37,2026-04-26T17:00:00Z,2026-04-27T17:44:38Z,169.000000000000000000,169.000000000000000000,False,P,0.000000000000000000,268.716527142857160015,0.00,0.00,,,475.713288750000003802,-207.660418551587298452,0.000000000000000000,0.000000000000000000,474.713288750000003802,-207.660418551587298452,,
2026-04-26,38,2026-04-26T17:30:00Z,2026-04-27T18:14:37Z,136.750000000000000000,136.750000000000000000,False,P,0.000000000000000000,82.095237424357335954,0.00,0.00,,,497.367261970550487149,-415.363095908975992643,0.000000000000000000,0.000000000000000000,496.367261970550487149,-415.363095908975992643,,
2026-04-26,39,2026-04-26T18:00:00Z,2026-04-27T18:44:32Z,136.750000000000000000,136.750000000000000000,False,P,0.000000000000000000,46.833333333333335702,0.00,0.00,,,474.000000000000000000,-427.475000000000022737,0.000000000000000000,0.000000000000000000,473.000000000000000000,-427.475000000000022737,,
2026-04-26,40,2026-04-26T18:30:00Z,2026-04-27T19:14:40Z,136.750000000000000000,136.750000000000000000,False,P,0.000000000000000000,141.499165555555549645,0.00,0.00,,,372.074997777777753072,-231.000002777777780238,0.000000000000000000,0.000000000000000000,371.074997777777753072,-231.000002777777780238,,
2026-04-26,41,2026-04-26T19:00:00Z,2026-04-27T19:44:37Z,96.670000000000001705,96.670000000000001705,False,N,0.000000000000000000,-232.440149999999988495,0.00,0.00,,,300.841666666666640140,-533.340001666666694291,0.000000000000000000,0.000000000000000000,300.841666666666640140,-532.340001666666694291,,
2026-04-26,42,2026-04-26T19:30:00Z,2026-04-27T20:14:35Z,95.772260051039154405,95.772260051039154405,False,N,0.000000000000000000,-22.341670992063491497,0.00,0.00,,,271.549995674603167117,-294.001670158730178173,0.000000000000000000,0.000000000000000000,271.549995674603167117,-293.001670158730178173,,
2026-04-26,43,2026-04-26T20:00:00Z,2026-04-27T20:44:38Z,94.819999999999993179,94.819999999999993179,False,N,0.000000000000000000,-2.483333333333333393,0.00,0.00,,,266.850000000000022737,-269.449999999999988631,0.000000000000000000,0.000000000000000000,266.850000000000022737,-268.449999999999988631,,
2026-04-26,44,2026-04-26T20:30:00Z,2026-04-27T21:14:41Z,88.920000000000001705,88.920000000000001705,False,N,0.000000000000000000,-53.491666666666667140,0.00,0.00,,,278.666666666666685614,-332.158333333333359860,0.000000000000000000,0.000000000000000000,278.666666666666685614,-331.158333333333359860,,
2026-04-26,45,2026-04-26T21:00:00Z,2026-04-27T21:44:36Z,88.769999999999996021,88.769999999999996021,False,N,0.000000000000000000,-9.578569761904761393,0.00,0.00,,,329.166666666666685614,-338.820236428571433862,0.000000000000000000,0.000000000000000000,329.166666666666685614,-337.820236428571433862,,
2026-04-26,46,2026-04-26T21:30:00Z,2026-04-27T22:14:34Z,82.049999999999997158,82.049999999999997158,False,N,0.000000000000000000,-129.915668363095250015,0.00,0.00,,,273.288899305555560204,-403.309079960317433233,0.000000000000000000,0.000000000000000000,273.288899305555560204,-402.309079960317433233,,
2026-04-26,47,2026-04-26T22:00:00Z,2026-04-27T22:45:08Z,82.099999999999994316,82.099999999999994316,False,N,0.000000000000000000,-34.868809583333330693,0.00,0.00,,,236.381666666666660603,-271.325000694444440796,0.000000000000000000,0.000000000000000000,236.381666666666660603,-270.325000694444440796,,
2026-04-26,48,2026-04-26T22:30:00Z,2026-04-27T23:14:36Z,116.170000000000001705,116.170000000000001705,False,P,0.000000000000000000,57.420211944444446317,0.00,0.00,,,286.404321752236000975,-228.837644283605271767,0.000000000000000000,0.000000000000000000,285.404321752236000975,-228.837644283605271767,,
2026-04-27,1,2026-04-26T23:00:00Z,2026-04-27T23:44:46Z,130.000000000000000000,130.000000000000000000,False,P,0.000000000000000000,72.904166666666668561,0.00,0.00,,,245.316666666666662877,-172.579166666666679930,0.000000000000000000,0.000000000000000000,244.316666666666662877,-172.579166666666679930,,
2026-04-27,2,2026-04-26T23:30:00Z,2026-04-28T00:14:38Z,114.060000000000002274,114.060000000000002274,False,P,0.000000000000000000,146.522500000000007958,0.00,0.00,,,293.801666666666676520,-147.279166666666668561,0.000000000000000000,0.000000000000000000,292.801666666666676520,-147.279166666666668561,,
2026-04-27,3,2026-04-27T00:00:00Z,2026-04-28T00:44:39Z,82.099999999999994316,82.099999999999994316,False,N,0.000000000000000000,-14.880411944444444927,0.00,0.00,,,242.076501250000006848,-257.043158333333337850,0.000000000000000000,0.000000000000000000,242.076501250000006848,-256.043158333333337850,,
2026-04-27,4,2026-04-27T00:30:00Z,2026-04-28T01:14:41Z,82.200000000000002842,82.200000000000002842,False,N,0.000000000000000000,-14.584166944444444169,0.00,0.00,,,227.458333055555556257,-242.050833333333343944,0.000000000000000000,0.000000000000000000,227.458333055555556257,-241.050833333333343944,,
2026-04-27,5,2026-04-27T01:00:00Z,2026-04-28T01:44:41Z,82.200000000000002842,82.200000000000002842,False,N,0.000000000000000000,-20.391666944444445164,0.00,0.00,,,180.498966666666660785,-200.890633611111098844,0.000000000000000000,0.000000000000000000,180.498966666666660785,-199.890633611111098844,,
2026-04-27,6,2026-04-27T01:30:00Z,2026-04-28T02:16:11Z,82.099999999999994316,82.099999999999994316,False,N,0.000000000000000000,-107.095833333333331439,0.00,0.00,,,120.000000000000000000,-227.095833333333331439,0.000000000000000000,0.000000000000000000,120.000000000000000000,-226.095833333333331439,,
2026-04-27,7,2026-04-27T02:00:00Z,2026-04-28T02:44:54Z,113.950000000000002842,113.950000000000002842,False,P,0.000000000000000000,1.625170151086336778,0.00,0.00,,,248.356959396526718820,-246.625866654469206196,0.000000000000000000,0.000000000000000000,247.356959396526718820,-246.625866654469206196,,
2026-04-27,8,2026-04-27T02:30:00Z,2026-04-28T03:14:37Z,82.189999999999997726,82.189999999999997726,False,N,0.000000000000000000,-68.075000000000002842,0.00,0.00,,,192.375000000000000000,-260.483333333333348492,0.000000000000000000,0.000000000000000000,192.375000000000000000,-259.483333333333348492,,
2026-04-27,9,2026-04-27T03:00:00Z,2026-04-28T03:44:42Z,118.443399660113954042,118.443399660113954042,False,P,0.000000000000000000,20.216982870370369341,0.00,0.00,,,169.171612500000009049,-148.904887962962959591,0.000000000000000000,0.000000000000000000,168.171612500000009049,-148.904887962962959591,,
2026-04-27,10,2026-04-27T03:30:00Z,2026-04-28T04:14:37Z,82.189999999999997726,82.189999999999997726,False,N,0.000000000000000000,-128.995050651041680112,0.00,0.00,,,200.446650781250014006,-329.416924348958332303,0.000000000000000000,0.000000000000000000,200.446650781250014006,-328.416924348958332303,,
2026-04-27,11,2026-04-27T04:00:00Z,2026-04-28T04:44:34Z,139.000000000000000000,139.000000000000000000,False,P,0.000000000000000000,144.075805555555547244,0.00,0.00,,,363.346413666666649078,-219.574194444444458441,0.000000000000000000,0.000000000000000000,362.346413666666649078,-219.574194444444458441,,
2026-04-27,12,2026-04-27T04:30:00Z,2026-04-28T05:14:35Z,130.000000000000000000,130.000000000000000000,False,P,0.000000000000000000,32.270180306397307390,0.00,0.00,,,401.883333336394457547,-369.996486360269386751,0.000000000000000000,0.000000000000000000,400.883333336394457547,-369.996486360269386751,,
2026-04-27,13,2026-04-27T05:00:00Z,2026-04-28T05:44:54Z,93.250000000000000000,93.250000000000000000,False,N,0.000000000000000000,-40.227958641975305909,0.00,0.00,,,340.000000000000000000,-380.319625308642002892,0.000000000000000000,0.000000000000000000,340.000000000000000000,-379.319625308642002892,,
2026-04-27,14,2026-04-27T05:30:00Z,2026-04-28T06:16:01Z,139.000000000000000000,139.000000000000000000,False,P,0.000000000000000000,69.191820515873018849,0.00,0.00,,,415.682068611111105838,-346.974847023809502389,0.000000000000000000,0.000000000000000000,414.682068611111105838,-346.974847023809502389,,
2026-04-27,15,2026-04-27T06:00:00Z,2026-04-28T06:44:34Z,89.519999999999996021,89.519999999999996021,False,N,0.000000000000000000,-6.237499999999999822,0.00,0.00,,,334.138888888888914153,-340.404166666666640140,0.000000000000000000,0.000000000000000000,334.138888888888914153,-339.404166666666640140,,
2026-04-27,16,2026-04-27T06:30:00Z,2026-04-28T07:14:35Z,82.920000000000001705,82.920000000000001705,False,N,0.000000000000000000,-59.646152777777778908,0.00,0.00,,,330.000584629629656774,-389.646152777777786014,0.000000000000000000,0.000000000000000000,330.000584629629656774,-388.646152777777786014,,
2026-04-27,17,2026-04-27T07:00:00Z,2026-04-28T07:44:43Z,82.250000000000000000,82.250000000000000000,False,N,0.000000000000000000,-213.188205128205140682,0.00,0.00,,,287.850000000000022737,-500.938205128205140682,0.000000000000000000,0.000000000000000000,287.850000000000022737,-499.938205128205140682,,
2026-04-27,18,2026-04-27T07:30:00Z,2026-04-28T08:14:40Z,82.099999999999994316,82.099999999999994316,False,N,0.000000000000000000,-416.591035399631209657,0.00,0.00,,,230.613722999999993135,-647.357184705186796236,0.000000000000000000,0.000000000000000000,230.613722999999993135,-646.357184705186796236,,
2026-04-27,19,2026-04-27T08:00:00Z,2026-04-28T08:44:36Z,82.209999999999993747,82.209999999999993747,False,N,0.000000000000000000,-800.251596320346266111,0.00,0.00,,,210.000000000000000000,-1010.251596320346266111,0.000000000000000000,0.000000000000000000,210.000000000000000000,-1009.251596320346266111,,
2026-04-27,20,2026-04-27T08:30:00Z,2026-04-28T09:14:33Z,82.209999999999993747,82.209999999999993747,False,N,0.000000000000000000,-571.416388106011595482,0.00,0.00,,,223.961846666666673400,-795.390081439344953651,0.000000000000000000,0.000000000000000000,223.961846666666673400,-794.390081439344953651,,
2026-04-27,21,2026-04-27T09:00:00Z,2026-04-28T09:44:34Z,82.209999999999993747,82.209999999999993747,False,N,0.000000000000000000,-579.969450450191516211,0.00,0.00,,,169.500005956112858030,-749.519450450191584423,0.000000000000000000,0.000000000000000000,169.500005956112858030,-748.519450450191584423,,
2026-04-27,22,2026-04-27T09:30:00Z,2026-04-28T10:14:36Z,15.000000000000000000,15.000000000000000000,False,N,0.000000000000000000,-545.819246071428551659,0.00,0.00,,,40.841666666666668561,-586.693651349206334089,0.000000000000000000,0.000000000000000000,40.841666666666668561,-585.693651349206334089,,
2026-04-27,23,2026-04-27T10:00:00Z,2026-04-28T10:44:37Z,15.000000000000000000,15.000000000000000000,False,N,0.000000000000000000,-379.913293650793661982,0.00,0.00,,,27.833333333333332149,-407.746626984126976367,0.000000000000000000,0.000000000000000000,27.833333333333332149,-406.746626984126976367,,
2026-04-27,24,2026-04-27T10:30:00Z,2026-04-28T11:14:37Z,80.209999999999993747,80.209999999999993747,False,N,0.000000000000000000,-41.111111111111114269,0.00,0.00,,,99.099999999999994316,-140.227777777777788515,0.000000000000000000,0.000000000000000000,99.099999999999994316,-139.227777777777788515,,
2026-04-27,25,2026-04-27T11:00:00Z,2026-04-28T11:44:34Z,80.209999999999993747,80.209999999999993747,False,N,0.000000000000000000,-191.712500000000005684,0.00,0.00,80.209999999999993747,1.000000000000000000,22.058333333333333570,-213.770833333333342807,0.000000000000000000,0.000000000000000000,22.058333333333333570,-212.770833333333342807,,
2026-04-27,26,2026-04-27T11:30:00Z,2026-04-28T12:14:37Z,80.209999999999993747,80.209999999999993747,False,N,0.000000000000000000,-115.225694444444442865,0.00,0.00,80.209999999999993747,1.000000000000000000,0.000000000000000000,-115.225694444444442865,0.000000000000000000,0.000000000000000000,0.000000000000000000,-114.225694444444442865,,
2026-04-27,27,2026-04-27T12:00:00Z,2026-04-28T12:47:17Z,-3.009999999999999787,-3.009999999999999787,False,N,0.000000000000000000,-282.072083333333353039,0.00,0.00,,,84.071666666666672540,-116.052083333333328596,-250.000000000000000000,0.000000000000000000,84.071666666666672540,-116.052083333333328596,-249.000000000000000000,
2026-04-27,28,2026-04-27T12:30:00Z,2026-04-28T13:14:37Z,15.000000000000000000,15.000000000000000000,False,N,0.000000000000000000,-2.921086481481481645,0.00,0.00,,,296.080024629629633637,-48.940164039351849112,-250.000000000000000000,0.000000000000000000,296.080024629629633637,-47.940164039351849112,-250.000000000000000000,
2026-04-27,29,2026-04-27T13:00:00Z,2026-04-28T13:44:38Z,15.000000000000000000,15.000000000000000000,False,N,0.000000000000000000,-21.522039166666665722,0.00,0.00,,,287.778030277777759238,-59.587474861111111579,-250.000000000000000000,0.000000000000000000,287.778030277777759238,-58.587474861111111579,-250.000000000000000000,
2026-04-27,30,2026-04-27T13:30:00Z,2026-04-28T14:14:28Z,100.000000000000000000,100.000000000000000000,False,P,0.000000000000000000,35.108123194444445403,0.00,0.00,,,395.098563055555530354,-110.532478888888888946,-250.000000000000000000,0.000000000000000000,394.098563055555530354,-110.532478888888888946,-250.000000000000000000,
2026-04-27,31,2026-04-27T14:00:00Z,2026-04-28T14:44:36Z,45.289999999999999147,45.289999999999999147,False,N,0.000000000000000000,-180.892630662437937872,0.00,0.00,,,321.468741846420471120,-102.756242187500006935,-400.000000000000000000,0.000000000000000000,321.468741846420471120,-102.756242187500006935,-399.000000000000000000,
2026-04-27,32,2026-04-27T14:30:00Z,2026-04-28T15:14:38Z,104.000000000000000000,104.000000000000000000,False,P,0.000000000000000000,32.935166022883926473,0.00,0.00,,,521.529064911772820778,-88.527232222222224323,-400.000000000000000000,0.000000000000000000,520.529064911772820778,-88.527232222222224323,-400.000000000000000000,
2026-04-27,33,2026-04-27T15:00:00Z,2026-04-28T15:44:55Z,80.049999999999997158,80.049999999999997158,False,N,0.000000000000000000,-7.480331541218638414,0.00,0.00,,,113.980779569892476388,-122.025000000000005684,0.000000000000000000,0.000000000000000000,113.980779569892476388,-121.025000000000005684,,
2026-04-27,34,2026-04-27T15:30:00Z,2026-04-28T16:14:38Z,113.000000000000000000,113.000000000000000000,False,P,0.000000000000000000,187.441292600781451938,0.00,0.00,,,343.921087536678896868,-156.842564121185176873,0.000000000000000000,0.000000000000000000,342.921087536678896868,-156.842564121185176873,,
2026-04-27,35,2026-04-27T16:00:00Z,2026-04-28T16:44:39Z,115.196225129896035355,115.196225129896035355,False,P,0.000000000000000000,290.143424073309347477,0.00,0.00,,,112.643426447900694143,-122.916757051282047541,0.000000000000000000,300.000000000000000000,112.358426447900697553,-122.916757051282047541,,299.285000000000025011
2026-04-27,36,2026-04-27T16:30:00Z,2026-04-28T17:14:37Z,140.000000000000000000,140.000000000000000000,False,P,0.000000000000000000,351.613626093604125344,0.00,0.00,,,202.265833593604099860,-150.679167656395890162,0.000000000000000000,300.000000000000000000,201.265833593604099860,-150.679167656395890162,,300.000000000000000000
2026-04-27,37,2026-04-27T17:00:00Z,2026-04-28T17:44:42Z,147.280000000000001137,147.280000000000001137,False,P,0.000000000000000000,581.498066987413494644,0.00,0.00,,,114.378339623593106467,-282.791669794686015393,0.000000000000000000,750.000000000000000000,114.378339623593106467,-282.791669794686015393,,749.000000000000000000
2026-04-27,38,2026-04-27T17:30:00Z,2026-04-28T18:14:41Z,147.439999999999997726,147.439999999999997726,False,P,0.000000000000000000,642.391666666666651508,0.00,0.00,,,120.741666666666660035,-228.433333333333337123,0.000000000000000000,750.000000000000000000,120.741666666666660035,-228.433333333333337123,,749.000000000000000000
2026-04-27,39,2026-04-27T18:00:00Z,2026-04-28T18:44:43Z,147.030000000000001137,147.030000000000001137,False,P,0.000000000000000000,273.141666666666651508,0.00,0.00,,,109.483333333333334281,-336.375000000000000000,0.000000000000000000,500.000000000000000000,109.483333333333334281,-336.375000000000000000,,499.000000000000000000
2026-04-27,40,2026-04-27T18:30:00Z,2026-04-28T19:14:54Z,140.000000000000000000,140.000000000000000000,False,P,0.000000000000000000,104.995206024492233610,0.00,0.00,,,119.520080835829361376,-514.499874129862064365,0.000000000000000000,500.000000000000000000,118.520080835829361376,-514.499874129862064365,,500.000000000000000000
2026-04-27,41,2026-04-27T19:00:00Z,2026-04-28T19:44:41Z,87.799999999999997158,87.799999999999997158,False,N,0.000000000000000000,-106.800102278265100608,0.00,0.00,,,287.099997222222214077,-393.519372556042867473,0.000000000000000000,0.000000000000000000,287.099997222222214077,-392.519372556042867473,,
2026-04-27,42,2026-04-27T19:30:00Z,2026-04-28T20:14:42Z,81.000000000000000000,81.000000000000000000,False,N,0.000000000000000000,-65.511089181286550343,0.00,0.00,,,306.503055555555533829,-372.078033625730995482,0.000000000000000000,0.000000000000000000,306.503055555555533829,-371.078033625730995482,,
2026-04-27,43,2026-04-27T20:00:00Z,2026-04-28T20:44:46Z,80.500000000000000000,80.500000000000000000,False,N,0.000000000000000000,-200.747777500000012196,0.00,0.00,,,346.156666666666694709,-547.012777499999970132,0.000000000000000000,0.000000000000000000,346.156666666666694709,-546.012777499999970132,,
2026-04-27,44,2026-04-27T20:30:00Z,2026-04-28T21:14:37Z,83.000000000000000000,83.000000000000000000,False,N,0.000000000000000000,-70.104655833333339388,0.00,0.00,,,271.508666666666670153,-341.596989166666674009,0.000000000000000000,0.000000000000000000,271.508666666666670153,-340.596989166666674009,,
2026-04-27,45,2026-04-27T21:00:00Z,2026-04-28T21:44:41Z,124.000000000000000000,124.000000000000000000,False,P,0.000000000000000000,37.176190476190477341,0.00,0.00,,,320.133333333333325754,-282.957142857142855519,0.000000000000000000,0.000000000000000000,319.133333333333325754,-282.957142857142855519,,
2026-04-27,46,2026-04-27T21:30:00Z,2026-04-28T22:14:44Z,124.000000000000000000,124.000000000000000000,False,P,0.000000000000000000,31.020190814659198253,0.00,0.00,,,488.707539444444421406,-457.829809185340820932,0.000000000000000000,0.000000000000000000,487.707539444444421406,-457.829809185340820932,,
2026-04-27,47,2026-04-27T22:00:00Z,2026-04-28T22:44:42Z,122.000000000000000000,122.000000000000000000,False,P,0.000000000000000000,67.128362161645441120,0.00,0.00,,,464.794708499631724408,-397.657903393910089562,0.000000000000000000,0.000000000000000000,463.794708499631724408,-397.657903393910089562,,
2026-04-27,48,2026-04-27T22:30:00Z,2026-04-28T23:14:46Z,82.829999999999998295,82.829999999999998295,False,N,0.000000000000000000,-97.887502777777783081,0.00,0.00,,,562.924999999999954525,-660.787502777777831398,0.000000000000000000,0.000000000000000000,562.924999999999954525,-659.787502777777831398,,
2026-04-28,1,2026-04-27T23:00:00Z,2026-04-28T23:44:52Z,79.890000000000000568,79.890000000000000568,False,N,0.000000000000000000,-353.430794351851830015,0.00,0.00,,,586.537051249999990432,-939.891047486772436059,0.000000000000000000,0.000000000000000000,586.537051249999990432,-938.891047486772436059,,
2026-04-28,2,2026-04-27T23:30:00Z,2026-04-29T00:14:41Z,77.500000000000000000,77.500000000000000000,False,N,0.000000000000000000,-425.855918858024665496,0.00,0.00,,,682.338930972222215132,-1108.206069969135796782,0.000000000000000000,0.000000000000000000,682.338930972222215132,-1107.206069969135796782,,
2026-04-28,3,2026-04-28T00:00:00Z,2026-04-29T00:44:48Z,78.239999999999994884,78.239999999999994884,False,N,0.000000000000000000,-348.859471230158703747,0.00,0.00,,,661.505700000000047112,-1010.987249007936497947,0.000000000000000000,0.000000000000000000,661.505700000000047112,-1009.987249007936497947,,
2026-04-28,4,2026-04-28T00:30:00Z,2026-04-29T01:14:41Z,80.409999999999996589,80.409999999999996589,False,N,0.000000000000000000,-25.752395416666665540,0.00,0.00,,,675.034239166666679921,-700.859238876259269091,0.000000000000000000,0.000000000000000000,675.034239166666679921,-699.859238876259269091,,
2026-04-28,5,2026-04-28T01:00:00Z,2026-04-29T01:44:46Z,73.168794701785742518,73.168794701785742518,False,N,0.000000000000000000,-297.129850733294460952,0.00,0.00,,,576.229446458333313785,-873.156044379127820321,0.000000000000000000,0.000000000000000000,576.229446458333313785,-872.156044379127820321,,
2026-04-28,6,2026-04-28T01:30:00Z,2026-04-29T02:16:20Z,80.409999999999996589,80.409999999999996589,False,N,0.000000000000000000,-26.345088319115095743,0.00,0.00,,,688.508471527777828669,-715.104124569115128907,0.000000000000000000,0.000000000000000000,688.508471527777828669,-714.104124569115128907,,
2026-04-28,7,2026-04-28T02:00:00Z,2026-04-29T02:45:01Z,66.510000000000005116,66.510000000000005116,False,N,0.000000000000000000,-340.374246388888877846,0.00,0.00,,,594.494464444444474793,-934.991976666666687379,0.000000000000000000,0.000000000000000000,594.494464444444474793,-933.991976666666687379,,
2026-04-28,8,2026-04-28T02:30:00Z,2026-04-29T03:14:42Z,65.209999999999993747,65.209999999999993747,False,N,0.000000000000000000,-410.525384823232343479,0.00,0.00,,,576.222903080808123377,-987.201973320707111270,0.000000000000000000,0.000000000000000000,576.222903080808123377,-986.201973320707111270,,
2026-04-28,9,2026-04-28T03:00:00Z,2026-04-29T03:44:43Z,65.209999999999993747,65.209999999999993747,False,N,0.000000000000000000,-487.312308173757855911,0.00,0.00,,,576.148534167347634138,-1062.977164423757812983,0.000000000000000000,0.000000000000000000,576.148534167347634138,-1061.977164423757812983,,
2026-04-28,10,2026-04-28T03:30:00Z,2026-04-29T04:14:43Z,65.209999999999993747,65.209999999999993747,False,N,0.000000000000000000,-376.679821772529578539,0.00,0.00,,,576.840928163618741564,-953.332599550307350000,0.000000000000000000,0.000000000000000000,576.840928163618741564,-952.332599550307350000,,
2026-04-28,11,2026-04-28T04:00:00Z,2026-04-29T04:44:41Z,65.209999999999993747,65.209999999999993747,False,N,0.000000000000000000,-316.711566778403209810,0.00,0.00,,,576.545159941143538163,-893.224423181181009568,0.000000000000000000,0.000000000000000000,576.545159941143538163,-892.224423181181009568,,
2026-04-28,12,2026-04-28T04:30:00Z,2026-04-29T05:15:12Z,65.209999999999993747,65.209999999999993747,False,N,0.000000000000000000,-323.973397435897425112,0.00,0.00,,,575.637500000000045475,-899.865064102564133464,0.000000000000000000,0.000000000000000000,575.637500000000045475,-898.865064102564133464,,
2026-04-28,13,2026-04-28T05:00:00Z,2026-04-29T05:44:41Z,69.430000000000006821,69.430000000000006821,False,N,0.000000000000000000,-288.416117129629640203,0.00,0.00,,,575.836078657407369974,-864.233304629629628835,0.000000000000000000,0.000000000000000000,575.836078657407369974,-863.233304629629628835,,
2026-04-28,14,2026-04-28T05:30:00Z,2026-04-29T06:14:36Z,71.560000000000002274,71.560000000000002274,False,N,0.000000000000000000,-286.832669066059736451,0.00,0.00,,,578.544831550309936574,-865.857674533125305061,0.000000000000000000,0.000000000000000000,578.544831550309936574,-864.857674533125305061,,
2026-04-28,15,2026-04-28T06:00:00Z,2026-04-29T06:44:53Z,73.400000000000005684,73.400000000000005684,False,N,0.000000000000000000,-256.381597222222239907,0.00,0.00,,,633.863541666666719721,-890.478472222222194432,0.000000000000000000,0.000000000000000000,633.863541666666719721,-889.478472222222194432,,
2026-04-28,16,2026-04-28T06:30:00Z,2026-04-29T07:14:39Z,116.140000000000000568,116.140000000000000568,False,P,0.000000000000000000,42.394338856837606500,0.00,0.00,,,752.188888888888868678,-710.077883365384650460,0.000000000000000000,0.000000000000000000,751.188888888888868678,-710.077883365384650460,,
2026-04-28,17,2026-04-28T07:00:00Z,2026-04-29T07:44:39Z,132.000000000000000000,132.000000000000000000,False,P,0.000000000000000000,98.581666666666663446,0.00,0.00,,,527.769444444444388864,-429.187777777777796473,0.000000000000000000,0.000000000000000000,526.769444444444388864,-429.187777777777796473,,
2026-04-28,18,2026-04-28T07:30:00Z,2026-04-29T08:14:36Z,132.000000000000000000,132.000000000000000000,False,P,0.000000000000000000,81.891154945054950076,0.00,0.00,,,523.614285714285756512,-441.931464102564120822,0.000000000000000000,0.000000000000000000,522.614285714285756512,-441.931464102564120822,,
2026-04-28,19,2026-04-28T08:00:00Z,2026-04-29T08:44:36Z,132.000000000000000000,132.000000000000000000,False,P,0.000000000000000000,137.444973086996327538,0.00,0.00,,,458.427385535714279285,-321.062872032051302540,0.000000000000000000,0.000000000000000000,457.427385535714279285,-321.062872032051302540,,
2026-04-28,20,2026-04-28T08:30:00Z,2026-04-29T09:14:35Z,135.000000000000000000,135.000000000000000000,False,P,0.000000000000000000,185.373685972222233431,0.00,0.00,,,314.949999583333351438,-129.386667361111108221,0.000000000000000000,0.000000000000000000,313.949999583333351438,-129.386667361111108221,,
2026-04-28,21,2026-04-28T09:00:00Z,2026-04-29T09:44:34Z,135.000000000000000000,135.000000000000000000,False,P,0.000000000000000000,136.515979861111105720,0.00,0.00,,,407.526033888888889578,-271.067700694444454257,0.000000000000000000,0.000000000000000000,406.526033888888889578,-271.067700694444454257,,
2026-04-28,22,2026-04-28T09:30:00Z,2026-04-29T10:14:39Z,135.000000000000000000,135.000000000000000000,False,P,0.000000000000000000,367.228204305555550491,0.00,0.00,,,586.341894861111086357,-219.200226666666679876,0.000000000000000000,0.000000000000000000,585.341894861111086357,-219.200226666666679876,,
2026-04-28,23,2026-04-28T10:00:00Z,2026-04-29T10:44:39Z,135.000000000000000000,135.000000000000000000,False,P,0.000000000000000000,252.940035833333325854,0.00,0.00,,,342.025002083333333758,-89.050001111111114938,0.000000000000000000,0.000000000000000000,341.025002083333333758,-89.050001111111114938,,
2026-04-28,24,2026-04-28T10:30:00Z,2026-04-29T11:15:09Z,135.000000000000000000,135.000000000000000000,False,P,0.000000000000000000,346.467394583333316405,0.00,0.00,,,435.406525138888866877,-88.773187500000005912,0.000000000000000000,0.000000000000000000,434.406525138888866877,-88.773187500000005912,,
2026-04-28,25,2026-04-28T11:00:00Z,2026-04-29T11:44:42Z,135.000000000000000000,135.000000000000000000,False,P,0.000000000000000000,352.968934305555535502,0.00,0.00,,,442.400600972222207474,-89.250596527777773304,0.000000000000000000,0.000000000000000000,441.400600972222207474,-89.250596527777773304,,
2026-04-28,26,2026-04-28T11:30:00Z,2026-04-29T12:14:45Z,135.000000000000000000,135.000000000000000000,False,P,0.000000000000000000,388.739963730158706312,0.00,0.00,,,477.840317202380958861,-89.162926527777784713,0.000000000000000000,0.000000000000000000,476.840317202380958861,-89.162926527777784713,,
2026-04-28,27,2026-04-28T12:00:00Z,2026-04-29T12:45:03Z,135.000000000000000000,135.000000000000000000,False,P,0.000000000000000000,409.559255061668807230,0.00,0.00,,,565.214876610860073924,-155.832116717589912014,0.000000000000000000,0.000000000000000000,564.214876610860073924,-155.832116717589912014,,
2026-04-28,28,2026-04-28T12:30:00Z,2026-04-29T13:14:31Z,120.000000000000000000,120.000000000000000000,False,P,0.000000000000000000,360.871579920634928840,0.00,0.00,,,538.222028392857168910,-177.637509722222233677,0.000000000000000000,0.000000000000000000,537.222028392857168910,-177.637509722222233677,,
2026-04-28,29,2026-04-28T13:00:00Z,2026-04-29T13:44:28Z,120.000000000000000000,120.000000000000000000,False,P,0.000000000000000000,364.112475575396842942,0.00,0.00,,,535.380490310243999375,-170.726914742063485164,0.000000000000000000,0.000000000000000000,534.380490310243999375,-170.726914742063485164,,
2026-04-28,30,2026-04-28T13:30:00Z,2026-04-29T14:14:47Z,120.000000000000000000,120.000000000000000000,False,P,0.000000000000000000,412.800427222222197088,0.00,0.00,,,634.686857361111151477,-222.178538981481494829,0.000000000000000000,0.000000000000000000,633.686857361111151477,-222.178538981481494829,,
2026-04-28,31,2026-04-28T14:00:00Z,2026-04-29T14:44:36Z,114.000000000000000000,114.000000000000000000,False,P,0.000000000000000000,192.675729863986106238,0.00,0.00,,,617.495686108236100154,-425.034580274902793917,0.000000000000000000,0.000000000000000000,616.495686108236100154,-425.034580274902793917,,
2026-04-28,32,2026-04-28T14:30:00Z,2026-04-29T15:14:33Z,115.400000000000005684,115.400000000000005684,False,P,0.000000000000000000,227.742510559269561554,0.00,0.00,,,720.090227786200898663,-492.377727535968517714,0.000000000000000000,0.000000000000000000,719.090227786200898663,-492.377727535968517714,,
2026-04-28,33,2026-04-28T15:00:00Z,2026-04-29T15:44:46Z,83.810000000000002274,83.810000000000002274,False,N,0.000000000000000000,-173.580425367579863405,0.00,0.00,,,585.014741418650828564,-758.364754911230647849,0.000000000000000000,0.000000000000000000,585.014741418650828564,-757.364754911230647849,,
2026-04-28,34,2026-04-28T15:30:00Z,2026-04-29T16:15:48Z,77.000000000000000000,77.000000000000000000,False,N,0.000000000000000000,-126.101544212962963343,0.00,0.00,,,513.629683680555558567,-640.310704490740704387,0.000000000000000000,0.000000000000000000,513.629683680555558567,-639.310704490740704387,,
2026-04-28,35,2026-04-28T16:00:00Z,2026-04-29T16:44:40Z,81.000000000000000000,81.000000000000000000,False,N,0.000000000000000000,-236.502872500155348234,0.00,0.00,,,501.038574997481134687,-737.258019415359967752,0.000000000000000000,0.000000000000000000,501.038574997481134687,-736.258019415359967752,,
2026-04-28,36,2026-04-28T16:30:00Z,2026-04-29T17:14:27Z,85.000000000000000000,85.000000000000000000,False,N,0.000000000000000000,-164.614318541666676765,0.00,0.00,,,444.457720555555567898,-609.167096319444453911,0.000000000000000000,0.000000000000000000,444.457720555555567898,-608.167096319444453911,,
2026-04-28,37,2026-04-28T17:00:00Z,2026-04-29T17:44:39Z,113.000000000000000000,113.000000000000000000,False,P,0.000000000000000000,81.782653472222222035,0.00,0.00,,,239.138889305555551346,-157.765610416666675064,0.000000000000000000,0.000000000000000000,238.138889305555551346,-157.765610416666675064,,
2026-04-28,38,2026-04-28T17:30:00Z,2026-04-29T18:14:26Z,118.000000000000000000,118.000000000000000000,False,P,0.000000000000000000,7.280555555555555891,0.00,0.00,,,190.316666666666662877,-183.294444444444451392,0.000000000000000000,0.000000000000000000,189.316666666666662877,-183.294444444444451392,,
2026-04-28,39,2026-04-28T18:00:00Z,2026-04-29T18:44:36Z,100.000000000000000000,100.000000000000000000,False,N,0.000000000000000000,-8.832043136446886322,0.00,0.00,,,322.940405891330897248,-331.578572164224681273,0.000000000000000000,0.000000000000000000,322.940405891330897248,-330.578572164224681273,,
2026-04-28,40,2026-04-28T18:30:00Z,2026-04-29T19:14:27Z,119.980000000000003979,119.980000000000003979,False,P,0.000000000000000000,29.926701431623932592,0.00,0.00,,,159.675846543631109853,-129.923048244957271891,0.000000000000000000,0.000000000000000000,158.675846543631109853,-129.923048244957271891,,
2026-04-28,41,2026-04-28T19:00:00Z,2026-04-29T19:44:33Z,121.109999999999999432,121.109999999999999432,False,P,0.000000000000000000,102.127349764784952413,0.00,0.00,121.109999999999999432,1.000000000000000000,211.367488653673831323,-108.637586944444450410,0.000000000000000000,0.000000000000000000,210.367488653673831323,-108.637586944444450410,,
2026-04-28,42,2026-04-28T19:30:00Z,2026-04-29T20:14:28Z,110.260000000000005116,110.260000000000005116,False,P,0.000000000000000000,49.296506698736088481,0.00,0.00,110.260000000000005116,1.000000000000000000,312.720134893180556901,-263.226530208333315386,0.000000000000000000,0.000000000000000000,311.720134893180556901,-263.226530208333315386,,
2026-04-28,43,2026-04-28T20:00:00Z,2026-04-29T20:44:31Z,99.810000000000002274,99.810000000000002274,False,P,0.000000000000000000,118.113742826353515625,0.00,0.00,99.810000000000002274,1.000000000000000000,477.030185326353546316,-358.276388611111087812,0.000000000000000000,0.000000000000000000,476.030185326353546316,-358.276388611111087812,,
2026-04-28,44,2026-04-28T20:30:00Z,2026-04-29T21:14:26Z,118.055895995056758352,118.055895995056758352,False,P,0.000000000000000000,305.964483117539089108,0.00,0.00,117.121195807999995964,1.000000000000000000,621.768306903391248852,-315.836282887482980186,0.000000000000000000,0.000000000000000000,620.768306903391248852,-315.836282887482980186,,
2026-04-28,45,2026-04-28T21:00:00Z,2026-04-29T21:44:34Z,94.620000000000004547,94.620000000000004547,False,P,0.000000000000000000,50.936886059322034725,0.00,0.00,94.620000000000004547,0.000000000000000000,635.225431059322090732,-584.688542083333345545,0.000000000000000000,0.000000000000000000,634.225431059322090732,-584.688542083333345545,,
2026-04-28,46,2026-04-28T21:30:00Z,2026-04-29T22:14:32Z,89.280000000000001137,89.280000000000001137,False,P,0.000000000000000000,130.085905216572513154,0.00,0.00,89.280000000000001137,0.000000000000000000,673.802866466572481841,-543.925256388888897163,0.000000000000000000,0.000000000000000000,672.802866466572481841,-543.925256388888897163,,
2026-04-28,47,2026-04-28T22:00:00Z,2026-04-29T22:44:37Z,84.230000000000003979,84.230000000000003979,False,P,0.000000000000000000,167.116349722222224727,0.00,0.00,84.230000000000003979,0.000000000000000000,744.257054444444406727,-427.313442777777765968,-150.000000000000000000,0.000000000000000000,743.257054444444406727,-427.313442777777765968,-150.000000000000000000,
2026-04-28,48,2026-04-28T22:30:00Z,2026-04-29T23:14:34Z,96.829999999999998295,96.829999999999998295,False,P,0.000000000000000000,246.655257519841256908,0.00,0.00,96.829999999999998295,1.000000000000000000,932.009027777777760093,-535.494742480158720355,-150.000000000000000000,0.000000000000000000,931.009027777777760093,-535.494742480158720355,-150.000000000000000000,
2026-04-29,1,2026-04-28T23:00:00Z,2026-04-29T23:44:39Z,97.861694612093032219,97.861694612093032219,False,P,0.000000000000000000,433.929166666666674246,0.00,0.00,97.681250000000005684,1.000000000000000000,861.659166666666692436,-277.870833333333337123,-150.000000000000000000,0.000000000000000000,860.659166666666692436,-277.870833333333337123,-150.000000000000000000,
2026-04-29,2,2026-04-28T23:30:00Z,2026-04-30T00:15:38Z,106.302280786742272767,106.302280786742272767,False,P,0.000000000000000000,456.743055555555542924,0.00,0.00,105.891333333333335531,1.000000000000000000,927.996717361111109312,-321.364217361111116134,-150.000000000000000000,0.000000000000000000,926.996717361111109312,-321.364217361111116134,-150.000000000000000000,
2026-04-29,3,2026-04-29T00:00:00Z,2026-04-30T00:45:30Z,136.000000000000000000,136.000000000000000000,False,P,0.000000000000000000,791.250761742424288059,0.00,0.00,136.000000000000000000,1.000000000000000000,1023.822338547979825307,-82.756576805555553733,-150.000000000000000000,0.000000000000000000,1022.822338547979825307,-82.756576805555553733,-150.000000000000000000,
2026-04-29,4,2026-04-29T00:30:00Z,2026-04-30T01:14:29Z,110.450000000000002842,110.450000000000002842,False,P,0.000000000000000000,832.770185462791232567,0.00,0.00,110.450000000000002842,1.000000000000000000,983.291603796124491055,-0.317364044784580523,-150.000000000000000000,0.000000000000000000,982.291603796124491055,-0.317364044784580523,-150.000000000000000000,
2026-04-29,5,2026-04-29T01:00:00Z,2026-04-30T01:44:31Z,109.171246361022596716,109.171246361022596716,False,P,0.000000000000000000,1011.654835972222258533,0.00,0.00,109.004249999999998977,1.000000000000000000,1163.948992500000031214,-2.173977638888888730,-150.000000000000000000,0.000000000000000000,1162.948992500000031214,-2.173977638888888730,-150.000000000000000000,
2026-04-29,6,2026-04-29T01:30:00Z,2026-04-30T02:17:01Z,108.150000000000005684,108.150000000000005684,False,P,0.000000000000000000,555.993333333333339397,0.00,0.00,108.150000000000005684,0.000000000000000000,786.558333333333280279,-80.670833333333334281,-150.000000000000000000,0.000000000000000000,785.558333333333280279,-80.670833333333334281,-150.000000000000000000,
2026-04-29,7,2026-04-29T02:00:00Z,2026-04-30T02:44:50Z,99.700000000000002842,99.700000000000002842,False,P,0.000000000000000000,200.422245555555548435,0.00,0.00,99.700000000000002842,0.000000000000000000,785.019424305555503452,-284.736087777777754582,-300.000000000000000000,0.000000000000000000,784.019424305555503452,-284.736087777777754582,-300.000000000000000000,
2026-04-29,8,2026-04-29T02:30:00Z,2026-04-30T03:14:35Z,96.532101982834618070,96.532101982834618070,False,P,0.000000000000000000,96.586441944444445085,0.00,0.00,95.612759840645139775,0.921772222222222215,798.543661111111077844,-401.785330277777802621,-300.000000000000000000,0.000000000000000000,797.543661111111077844,-401.785330277777802621,-300.000000000000000000,
2026-04-29,9,2026-04-29T03:00:00Z,2026-04-30T03:44:31Z,95.019999999999996021,95.019999999999996021,False,P,0.000000000000000000,154.050759305555544643,0.00,0.00,95.019999999999996021,0.000000000000000000,836.157572777777772899,-282.795074027777786796,-400.000000000000000000,0.000000000000000000,835.157572777777772899,-282.795074027777786796,-400.000000000000000000,
2026-04-29,10,2026-04-29T03:30:00Z,2026-04-30T04:14:33Z,95.560000000000002274,95.560000000000002274,False,P,0.000000000000000000,254.430566805555542942,0.00,0.00,95.560000000000002274,0.000000000000000000,842.827766527777725969,-188.652766527777771444,-400.000000000000000000,0.000000000000000000,841.827766527777725969,-188.652766527777771444,-400.000000000000000000,
2026-04-29,11,2026-04-29T04:00:00Z,2026-04-30T04:44:31Z,125.000000000000000000,125.000000000000000000,False,P,0.000000000000000000,705.983333333333348492,0.00,0.00,125.000000000000000000,1.000000000000000000,887.667487361111056998,-182.442487361111119526,0.000000000000000000,0.000000000000000000,886.667487361111056998,-182.442487361111119526,,
2026-04-29,12,2026-04-29T04:30:00Z,2026-04-30T05:14:36Z,125.000000000000000000,125.000000000000000000,False,P,0.000000000000000000,204.083303703703705878,0.00,0.00,125.000000000000000000,1.000000000000000000,895.595590359843868100,-691.262242129629612464,0.000000000000000000,0.000000000000000000,894.595590359843868100,-691.262242129629612464,,
2026-04-29,13,2026-04-29T05:00:00Z,2026-04-30T05:44:37Z,126.000000000000000000,126.000000000000000000,False,P,0.000000000000000000,452.812894105339125872,0.00,0.00,126.000000000000000000,1.000000000000000000,914.562455872372083832,-461.502235975829080417,0.000000000000000000,0.000000000000000000,913.562455872372083832,-461.502235975829080417,,
2026-04-29,14,2026-04-29T05:30:00Z,2026-04-30T06:14:35Z,126.000000000000000000,126.000000000000000000,False,P,0.000000000000000000,445.945200440947928655,0.00,0.00,126.000000000000000000,1.000000000000000000,897.247813013244353897,-451.457194559052084060,0.000000000000000000,0.000000000000000000,896.247813013244353897,-451.457194559052084060,,
2026-04-29,15,2026-04-29T06:00:00Z,2026-04-30T06:44:29Z,126.000000000000000000,126.000000000000000000,False,P,0.000000000000000000,406.977706589291074124,0.00,0.00,126.000000000000000000,1.000000000000000000,760.252363468347425624,-353.448960077375602395,0.000000000000000000,0.000000000000000000,759.252363468347425624,-353.448960077375602395,,
2026-04-29,16,2026-04-29T06:30:00Z,2026-04-30T07:14:32Z,135.000000000000000000,135.000000000000000000,False,P,0.000000000000000000,398.234838541666647416,0.00,0.00,,,786.674999999999954525,-388.448494791666689707,0.000000000000000000,0.000000000000000000,785.674999999999954525,-388.448494791666689707,,
2026-04-29,17,2026-04-29T07:00:00Z,2026-04-30T07:44:29Z,125.000000000000000000,125.000000000000000000,False,P,0.000000000000000000,248.056044764718080842,0.00,0.00,,,735.191666666666719721,-487.135621901948582035,0.000000000000000000,0.000000000000000000,734.191666666666719721,-487.135621901948582035,,
2026-04-29,18,2026-04-29T07:30:00Z,2026-04-30T08:14:30Z,65.319999999999993179,65.319999999999993179,False,N,0.000000000000000000,-27.709720406732891718,0.00,0.00,,,718.366666666666674246,-746.143053740066193313,0.000000000000000000,0.000000000000000000,718.366666666666674246,-745.143053740066193313,,
2026-04-29,19,2026-04-29T08:00:00Z,2026-04-30T08:44:32Z,32.000000000000000000,32.000000000000000000,False,N,0.000000000000000000,-59.009999714015776817,0.00,0.00,,,588.333333355263107478,-647.443333047349142362,0.000000000000000000,0.000000000000000000,588.333333355263107478,-646.443333047349142362,,
2026-04-29,20,2026-04-29T08:30:00Z,2026-04-30T09:14:32Z,119.000000000000000000,119.000000000000000000,False,P,0.000000000000000000,88.950519233974063127,0.00,0.00,,,463.272078749999991487,-374.332814099359268312,0.000000000000000000,0.000000000000000000,462.272078749999991487,-374.332814099359268312,,
2026-04-29,21,2026-04-29T09:00:00Z,2026-04-30T09:44:33Z,120.000000000000000000,120.000000000000000000,False,P,0.000000000000000000,212.703385694444449427,0.00,0.00,,,557.458830694444486653,-344.796614305555578994,0.000000000000000000,0.000000000000000000,556.458830694444486653,-344.796614305555578994,,
2026-04-29,22,2026-04-29T09:30:00Z,2026-04-30T10:14:47Z,126.000000000000000000,126.000000000000000000,False,P,0.000000000000000000,551.141664507575796961,0.00,0.00,126.000000000000000000,1.000000000000000000,620.850000340909105034,-69.975002159090905707,0.000000000000000000,0.000000000000000000,619.850000340909105034,-69.975002159090905707,,
2026-04-29,23,2026-04-29T10:00:00Z,2026-04-30T10:44:37Z,120.000000000000000000,120.000000000000000000,False,P,0.000000000000000000,313.250000000000000000,0.00,0.00,,,563.250000000000000000,0.000000000000000000,-250.000000000000000000,0.000000000000000000,562.250000000000000000,0.000000000000000000,-250.000000000000000000,
2026-04-29,24,2026-04-29T10:30:00Z,2026-04-30T11:14:31Z,120.000000000000000000,120.000000000000000000,False,P,0.000000000000000000,266.441665138888879483,0.00,0.00,,,544.850000000000022737,-28.716668194444444850,-250.000000000000000000,0.000000000000000000,543.850000000000022737,-28.716668194444444850,-250.000000000000000000,
2026-04-29,25,2026-04-29T11:00:00Z,2026-04-30T11:44:32Z,5.440000000000000391,5.440000000000000391,False,N,0.000000000000000000,-199.031669880952392759,0.00,0.00,,,470.155356210317449950,-419.203692380952361418,-250.000000000000000000,0.000000000000000000,470.155356210317449950,-418.203692380952361418,-250.000000000000000000,
2026-04-29,26,2026-04-29T11:30:00Z,2026-04-30T12:14:35Z,15.109999999999999432,15.109999999999999432,False,N,0.000000000000000000,-66.773488611111105229,0.00,0.00,,,449.340106805555535630,-266.515096805555572246,-250.000000000000000000,0.000000000000000000,449.340106805555535630,-265.515096805555572246,-250.000000000000000000,
2026-04-29,27,2026-04-29T12:00:00Z,2026-04-30T12:48:14Z,120.000000000000000000,120.000000000000000000,False,P,0.000000000000000000,3.802308279914529798,0.00,0.00,,,448.500000000000000000,-46.133332514245012135,-400.000000000000000000,0.000000000000000000,447.500000000000000000,-46.133332514245012135,-400.000000000000000000,
2026-04-29,28,2026-04-29T12:30:00Z,2026-04-30T13:14:38Z,120.000000000000000000,120.000000000000000000,False,P,0.000000000000000000,44.938603749999998627,0.00,0.00,,,453.521812916666647197,-8.813479722222222534,-400.000000000000000000,0.000000000000000000,452.521812916666647197,-8.813479722222222534,-400.000000000000000000,
2026-04-29,29,2026-04-29T13:00:00Z,2026-04-30T13:44:43Z,120.000000000000000000,120.000000000000000000,False,P,0.000000000000000000,146.580091111111102009,0.00,0.00,,,453.708333333333314386,-8.141668333333333507,-300.000000000000000000,0.000000000000000000,452.708333333333314386,-8.141668333333333507,-300.000000000000000000,
2026-04-29,30,2026-04-29T13:30:00Z,2026-04-30T14:14:41Z,11.679999999999999716,11.679999999999999716,False,N,0.000000000000000000,-75.716471944444450060,0.00,0.00,,,448.934166666666669698,-224.950837083333340161,-300.000000000000000000,0.000000000000000000,448.934166666666669698,-224.950837083333340161,-299.000000000000000000,
2026-04-29,31,2026-04-29T14:00:00Z,2026-04-30T14:44:40Z,120.000000000000000000,120.000000000000000000,False,P,0.000000000000000000,81.240666250000003856,0.00,0.00,,,448.500000000000000000,-68.458342916666666156,-300.000000000000000000,0.000000000000000000,447.500000000000000000,-68.458342916666666156,-300.000000000000000000,
2026-04-29,32,2026-04-29T14:30:00Z,2026-04-30T15:14:34Z,15.849999999999999645,15.849999999999999645,False,N,0.000000000000000000,-167.679686674140697278,0.00,0.00,,,448.500001666689797730,-316.512499868585166496,-300.000000000000000000,0.000000000000000000,448.500001666689797730,-316.512499868585166496,-299.000000000000000000,
2026-04-29,33,2026-04-29T15:00:00Z,2026-04-30T15:44:34Z,120.000000000000000000,120.000000000000000000,False,P,0.000000000000000000,21.918153031788598639,0.00,0.00,,,495.468640043496918679,-173.860659928030315768,-300.000000000000000000,0.000000000000000000,494.468640043496918679,-173.860659928030315768,-300.000000000000000000,
2026-04-29,34,2026-04-29T15:30:00Z,2026-04-30T16:16:04Z,24.199999999999999289,24.199999999999999289,False,N,0.000000000000000000,-218.476964805608417919,0.00,0.00,,,532.234436957245293343,-450.896386971187041581,-300.000000000000000000,0.000000000000000000,532.234436957245293343,-450.896386971187041581,-299.000000000000000000,
2026-04-29,35,2026-04-29T16:00:00Z,2026-04-30T16:44:41Z,55.880000000000002558,55.880000000000002558,False,N,0.000000000000000000,-136.822505672886734374,0.00,0.00,,,634.461605360128260145,-770.878533917975005352,0.000000000000000000,0.000000000000000000,634.461605360128260145,-769.878533917975005352,,
2026-04-29,36,2026-04-29T16:30:00Z,2026-04-30T17:14:39Z,120.000000000000000000,120.000000000000000000,False,P,0.000000000000000000,23.918574738733489937,0.00,0.00,,,660.088755155400122021,-636.577413023504277589,0.000000000000000000,0.000000000000000000,659.088755155400122021,-636.577413023504277589,,
2026-04-29,37,2026-04-29T17:00:00Z,2026-04-30T17:44:46Z,127.799999999999997158,127.799999999999997158,False,P,0.000000000000000000,116.704513888888882889,0.00,0.00,,,721.721252361111055507,-606.067916666666633319,0.000000000000000000,0.000000000000000000,720.721252361111055507,-606.067916666666633319,,
2026-04-29,38,2026-04-29T17:30:00Z,2026-04-30T18:14:36Z,97.390000000000000568,97.390000000000000568,False,N,0.000000000000000000,-6.556242916666666254,0.00,0.00,,,738.500000694444452165,-745.308326250000050095,0.000000000000000000,0.000000000000000000,738.500000694444452165,-744.308326250000050095,,
2026-04-29,39,2026-04-29T18:00:00Z,2026-04-30T18:44:38Z,129.300000000000011369,129.300000000000011369,False,P,0.000000000000000000,395.450002499999982319,0.00,0.00,,,738.500000000000000000,-668.099997499999972206,0.000000000000000000,325.000000000000000000,738.500000000000000000,-668.099997499999972206,,324.000000000000000000
2026-04-29,40,2026-04-29T18:30:00Z,2026-04-30T19:14:37Z,127.799999999999997158,127.799999999999997158,False,P,0.000000000000000000,179.014279727891874927,0.00,0.00,,,745.333331383219274358,-891.000004022108100799,0.000000000000000000,325.000000000000000000,744.333331383219274358,-891.000004022108100799,,325.000000000000000000
2026-04-29,41,2026-04-29T19:00:00Z,2026-04-30T19:44:52Z,127.799999999999997158,127.799999999999997158,False,P,0.000000000000000000,450.258331805555542360,0.00,0.00,,,738.500000000000000000,-613.241668194444400797,0.000000000000000000,325.000000000000000000,737.500000000000000000,-613.241668194444400797,,325.000000000000000000
2026-04-29,42,2026-04-29T19:30:00Z,2026-04-30T20:14:37Z,120.000000000000000000,120.000000000000000000,False,P,0.000000000000000000,23.641666111111110382,0.00,0.00,,,739.750000000000000000,-716.366667222222190503,0.000000000000000000,0.000000000000000000,738.750000000000000000,-716.366667222222190503,,
2026-04-29,43,2026-04-29T20:00:00Z,2026-04-30T20:44:41Z,127.799999999999997158,127.799999999999997158,False,P,0.000000000000000000,222.720833055555544888,0.00,0.00,,,808.750000000000000000,-586.295833055555590363,0.000000000000000000,0.000000000000000000,807.750000000000000000,-586.295833055555590363,,
2026-04-29,44,2026-04-29T20:30:00Z,2026-04-30T21:14:39Z,127.799999999999997158,127.799999999999997158,False,P,0.000000000000000000,191.442124166666673091,0.00,0.00,,,728.376701944444448600,-537.176459166666631972,0.000000000000000000,0.000000000000000000,727.376701944444448600,-537.176459166666631972,,
2026-04-29,45,2026-04-29T21:00:00Z,2026-04-30T21:44:41Z,78.650000000000005684,78.650000000000005684,False,N,0.000000000000000000,-10.156952509002975304,0.00,0.00,,,844.358072832141942854,-854.477656987231171115,0.000000000000000000,0.000000000000000000,844.358072832141942854,-853.477656987231171115,,
2026-04-29,46,2026-04-29T21:30:00Z,2026-04-30T22:14:43Z,127.799999999999997158,127.799999999999997158,False,P,0.000000000000000000,135.931746732131188082,0.00,0.00,,,869.913679563492109992,-734.218172485040554420,0.000000000000000000,0.000000000000000000,868.913679563492109992,-734.218172485040554420,,
2026-04-29,47,2026-04-29T22:00:00Z,2026-04-30T22:44:43Z,69.819999999999993179,69.819999999999993179,False,N,0.000000000000000000,-60.549139709595962699,0.00,0.00,,,891.183146944444388282,-952.031639709595992827,0.000000000000000000,0.000000000000000000,891.183146944444388282,-951.031639709595992827,,
2026-04-29,48,2026-04-29T22:30:00Z,2026-04-30T23:14:43Z,106.200000000000002842,106.200000000000002842,False,P,0.000000000000000000,142.822461111111124410,0.00,0.00,106.200000000000002842,0.122955972222222223,947.924278333333290902,-804.749285138888922120,0.000000000000000000,0.000000000000000000,946.924278333333290902,-804.749285138888922120,,
2026-04-30,1,2026-04-29T23:00:00Z,2026-04-30T23:44:49Z,86.120000000000004547,86.120000000000004547,False,P,0.000000000000000000,304.581315434027771971,0.00,0.00,86.120000000000004547,0.000000000000000000,991.244402343750039108,-686.661072343749992797,0.000000000000000000,0.000000000000000000,990.244402343750039108,-686.661072343749992797,,
2026-04-30,2,2026-04-29T23:30:00Z,2026-05-01T00:14:41Z,101.061608886531217877,101.061608886531217877,False,P,0.000000000000000000,169.088768679718867816,0.00,0.00,99.848453172165065439,0.498949444444444445,991.580178333333378760,-822.413516668339980242,0.000000000000000000,0.000000000000000000,990.580178333333378760,-822.413516668339980242,,
2026-04-30,3,2026-04-30T00:00:00Z,2026-05-01T00:44:47Z,85.283267152312632220,85.283267152312632220,False,P,0.000000000000000000,68.157358626541665103,0.00,0.00,85.241176470588229108,0.424999999999999989,991.914000266389280114,-923.763984290124994914,0.000000000000000000,0.000000000000000000,990.914000266389280114,-923.763984290124994914,,
2026-04-30,4,2026-04-30T00:30:00Z,2026-05-01T01:14:44Z,92.510000000000005116,92.510000000000005116,False,P,0.000000000000000000,142.381431292328699101,0.00,0.00,92.510000000000005116,0.200000000000000011,993.638573846560234415,-850.851902041004677812,0.000000000000000000,0.000000000000000000,992.638573846560234415,-850.851902041004677812,,
2026-04-30,5,2026-04-30T01:00:00Z,2026-05-01T01:44:54Z,54.479999999999996874,54.479999999999996874,False,N,0.000000000000000000,-15.218009583333333978,0.00,0.00,,,990.435231388888837500,-756.393567638888839610,-250.000000000000000000,0.000000000000000000,990.435231388888837500,-756.393567638888839610,-249.000000000000000000,
2026-04-30,6,2026-04-30T01:30:00Z,2026-05-01T02:16:25Z,43.729999999999996874,43.729999999999996874,False,N,0.000000000000000000,-102.287166388888891788,0.00,0.00,,,990.262162638888867150,-842.578835833333300798,-250.000000000000000000,0.000000000000000000,990.262162638888867150,-842.578835833333300798,-249.000000000000000000,
2026-04-30,7,2026-04-30T02:00:00Z,2026-05-01T02:44:45Z,50.500000000000000000,50.500000000000000000,False,N,0.000000000000000000,-52.702772361111108523,0.00,0.00,,,990.000000833333388073,-443.208327916666689816,-600.000000000000000000,0.000000000000000000,990.000000833333388073,-443.208327916666689816,-599.000000000000000000,
2026-04-30,8,2026-04-30T02:30:00Z,2026-05-01T03:14:44Z,43.740000000000001990,43.740000000000001990,False,N,0.000000000000000000,-102.700000000000002842,0.00,0.00,,,990.000000000000000000,-492.783333333333359860,-600.000000000000000000,0.000000000000000000,990.000000000000000000,-492.783333333333359860,-599.000000000000000000,
2026-04-30,9,2026-04-30T03:00:00Z,2026-05-01T03:44:45Z,30.329999999999998295,30.329999999999998295,False,N,0.000000000000000000,-73.799999999999997158,0.00,0.00,,,1018.700000000000045475,-492.500000000000000000,-600.000000000000000000,0.000000000000000000,1018.700000000000045475,-492.500000000000000000,-599.000000000000000000,
2026-04-30,10,2026-04-30T03:30:00Z,2026-05-01T04:14:38Z,30.329999999999998295,30.329999999999998295,False,N,0.000000000000000000,-102.500000000000000000,0.00,0.00,,,990.000000000000000000,-492.500000000000000000,-600.000000000000000000,0.000000000000000000,990.000000000000000000,-492.500000000000000000,-599.000000000000000000,
2026-04-30,11,2026-04-30T04:00:00Z,2026-05-01T04:44:43Z,75.000000000000000000,75.000000000000000000,False,N,0.000000000000000000,-82.216666666666668561,0.00,0.00,,,1009.608333333333348492,-491.925000000000011369,-600.000000000000000000,0.000000000000000000,1009.608333333333348492,-491.925000000000011369,-599.000000000000000000,
2026-04-30,12,2026-04-30T04:30:00Z,2026-05-01T05:14:43Z,65.829999999999998295,65.829999999999998295,False,P,0.000000000000000000,88.667494583333336777,0.00,0.00,65.829999999999998295,0.000000000000000000,990.000004166666712990,-302.317505416666676865,-600.000000000000000000,0.000000000000000000,989.000004166666712990,-302.317505416666676865,-600.000000000000000000,
2026-04-30,13,2026-04-30T05:00:00Z,2026-05-01T05:44:47Z,137.849999999999994316,137.849999999999994316,False,P,0.000000000000000000,425.015783412698397115,0.00,0.00,137.849999999999994316,1.000000000000000000,1069.512012301587219554,-243.647917083333339860,-400.000000000000000000,0.000000000000000000,1068.512012301587219554,-243.647917083333339860,-400.000000000000000000,
2026-04-30,14,2026-04-30T05:30:00Z,2026-05-01T06:15:00Z,150.000000000000000000,150.000000000000000000,False,P,0.000000000000000000,635.054706618261320727,0.00,0.00,,,1112.034710622167040128,-76.246944444444437750,-400.000000000000000000,0.000000000000000000,1111.034710622167040128,-76.246944444444437750,-400.000000000000000000,
2026-04-30,15,2026-04-30T06:00:00Z,2026-05-01T06:44:49Z,137.849999999999994316,137.849999999999994316,False,P,0.000000000000000000,311.586810293574785646,0.00,0.00,,,991.792228218411423768,-680.122127190085279835,0.000000000000000000,0.000000000000000000,990.792228218411423768,-680.122127190085279835,,
2026-04-30,16,2026-04-30T06:30:00Z,2026-05-01T07:14:42Z,136.900000000000005684,136.900000000000005684,False,P,0.000000000000000000,165.050002181429817938,0.00,0.00,,,885.308333495370334276,-720.383331151903462342,0.000000000000000000,0.000000000000000000,884.308333495370334276,-720.383331151903462342,,
2026-04-30,17,2026-04-30T07:00:00Z,2026-05-01T07:44:47Z,137.849999999999994316,137.849999999999994316,False,P,0.000000000000000000,154.934779713623100861,0.00,0.00,,,687.195384629629643314,-532.745404128969539670,0.000000000000000000,0.000000000000000000,686.195384629629643314,-532.745404128969539670,,
2026-04-30,18,2026-04-30T07:30:00Z,2026-05-01T08:14:59Z,0.369999999999999996,0.369999999999999996,False,N,0.000000000000000000,-285.304081586012728167,0.00,0.00,,,538.530031835461159062,-824.855023306667135330,0.000000000000000000,0.000000000000000000,538.530031835461159062,-823.855023306667135330,,
2026-04-30,19,2026-04-30T08:00:00Z,2026-05-01T08:44:43Z,-9.400000000000000355,-9.400000000000000355,False,N,0.000000000000000000,-290.064844627122965903,0.00,0.00,,,499.125677602882149131,-789.423455738234110868,0.000000000000000000,0.000000000000000000,499.125677602882149131,-788.423455738234110868,,
2026-04-30,20,2026-04-30T08:30:00Z,2026-05-01T09:14:41Z,-14.019999999999999574,-14.019999999999999574,False,N,0.000000000000000000,-374.966490412248163011,0.00,0.00,,,487.683155129002614103,-863.233699312535918580,0.000000000000000000,0.000000000000000000,487.683155129002614103,-862.233699312535918580,,
2026-04-30,21,2026-04-30T09:00:00Z,2026-05-01T09:44:48Z,-19.559999999999998721,-19.559999999999998721,False,N,0.000000000000000000,-636.248575008545572018,0.00,0.00,,,476.422113929362922136,-1113.285447786323402397,0.000000000000000000,0.000000000000000000,476.422113929362922136,-1112.285447786323402397,,
2026-04-30,22,2026-04-30T09:30:00Z,2026-05-01T10:15:03Z,-21.640000000000000568,-21.640000000000000568,False,N,0.000000000000000000,-294.008352692922642291,0.00,0.00,,,488.401811719466365957,-874.974433684747396001,0.000000000000000000,92.500000000000000000,488.401811719466365957,-873.974433684747396001,,92.500000000000000000
2026-04-30,23,2026-04-30T10:00:00Z,2026-05-01T10:44:50Z,-25.000000000000000000,-25.000000000000000000,False,N,0.000000000000000000,-439.962764307275449482,0.00,0.00,,,474.290143826033158803,-1006.776256529497686643,0.000000000000000000,92.500000000000000000,474.290143826033158803,-1005.776256529497686643,,92.500000000000000000
2026-04-30,24,2026-04-30T10:30:00Z,2026-05-01T11:14:33Z,-22.000000000000000000,-22.000000000000000000,False,N,0.000000000000000000,-413.783030831476594358,0.00,0.00,,,489.717530777943409248,-995.634194993258461182,0.000000000000000000,92.500000000000000000,489.717530777943409248,-994.634194993258461182,,92.500000000000000000
2026-04-30,25,2026-04-30T11:00:00Z,2026-05-01T11:44:33Z,-28.140000000000000568,-28.140000000000000568,False,N,0.000000000000000000,-994.472777777777764641,0.00,0.00,,,498.679166666666674246,-586.905554861111113496,-1000.000000000000000000,92.500000000000000000,498.679166666666674246,-586.905554861111113496,-999.000000000000000000,92.500000000000000000
2026-04-30,26,2026-04-30T11:30:00Z,2026-05-01T12:14:32Z,-28.350133333333332075,-28.350133333333332075,False,N,0.000000000000000000,-1036.370235833333254050,0.00,0.00,,,519.800002361111069149,-648.533333333333303017,-1000.000000000000000000,92.500000000000000000,519.800002361111069149,-648.533333333333303017,-999.000000000000000000,92.500000000000000000
2026-04-30,27,2026-04-30T12:00:00Z,2026-05-01T12:44:31Z,-24.530000000000001137,-24.530000000000001137,False,N,0.000000000000000000,-641.254934861111109967,0.00,0.00,,,695.403676249999989523,-429.053954305555578230,-1000.000000000000000000,92.500000000000000000,695.403676249999989523,-429.053954305555578230,-999.000000000000000000,92.500000000000000000
2026-04-30,28,2026-04-30T12:30:00Z,2026-05-01T13:14:33Z,-25.440000000000001279,-25.440000000000001279,False,N,0.000000000000000000,-800.254563611111166210,0.00,0.00,,,522.200000555555561732,-414.976389444444464516,-1000.000000000000000000,92.500000000000000000,522.200000555555561732,-414.976389444444464516,-999.000000000000000000,92.500000000000000000
2026-04-30,29,2026-04-30T13:00:00Z,2026-05-01T13:44:37Z,-20.000000000000000000,-20.000000000000000000,False,N,0.000000000000000000,-148.118673916727686901,0.00,0.00,,,474.646770735460449941,-715.228161009519340041,0.000000000000000000,92.500000000000000000,474.646770735460449941,-714.228161009519340041,,92.500000000000000000
2026-04-30,30,2026-04-30T13:30:00Z,2026-05-01T14:14:32Z,-33.296201032845416989,-33.296201032845416989,False,N,0.000000000000000000,-348.363070513137756734,0.00,0.00,,,474.918100610500630410,-916.196999239078422761,0.000000000000000000,92.500000000000000000,474.918100610500630410,-915.196999239078422761,,92.500000000000000000
2026-04-30,31,2026-04-30T14:00:00Z,2026-05-01T14:44:36Z,-33.219999999999998863,-33.219999999999998863,False,N,0.000000000000000000,-907.336431944444484543,0.00,0.00,,,474.326543129553726885,-1474.495859027777669326,0.000000000000000000,92.500000000000000000,474.326543129553726885,-1473.495859027777669326,,92.500000000000000000
2026-04-30,32,2026-04-30T14:30:00Z,2026-05-01T15:14:35Z,-33.219999999999998863,-33.219999999999998863,False,N,0.000000000000000000,-883.824013024087207668,0.00,0.00,,,549.361129149413045525,-1525.464737101955961407,0.000000000000000000,92.500000000000000000,549.361129149413045525,-1524.464737101955961407,,92.500000000000000000
2026-04-30,33,2026-04-30T15:00:00Z,2026-05-01T15:44:34Z,-30.239999999999998437,-30.239999999999998437,False,N,0.000000000000000000,-718.638161632271021517,0.00,0.00,,,716.943537322395627598,-1526.729465972222214987,-1.370000000000000107,92.500000000000000000,716.943537322395627598,-1525.729465972222214987,-1.370000000000000107,92.500000000000000000
2026-04-30,34,2026-04-30T15:30:00Z,2026-05-01T16:14:44Z,-14.019999999999999574,-14.019999999999999574,False,N,0.000000000000000000,-445.413514253603693760,0.00,0.00,,,895.229171024174092963,-1432.431972658730046533,-0.579999999999999960,92.500000000000000000,895.229171024174092963,-1431.431972658730046533,-0.579999999999999960,92.500000000000000000
2026-04-30,35,2026-04-30T16:00:00Z,2026-05-01T16:44:38Z,112.900000000000005684,112.900000000000005684,False,P,0.000000000000000000,11.623884149304769764,0.00,0.00,,,1176.430828593749311040,-1164.843743838854379646,0.000000000000000000,0.000000000000000000,1175.430828593749311040,-1164.843743838854379646,,
2026-04-30,36,2026-04-30T16:30:00Z,2026-05-01T17:14:38Z,112.900000000000005684,112.900000000000005684,False,P,0.000000000000000000,85.623591398268402486,0.00,0.00,,,1207.315608620490593239,-1121.647579845238169582,0.000000000000000000,0.000000000000000000,1206.315608620490593239,-1121.647579845238169582,,
2026-04-30,37,2026-04-30T17:00:00Z,2026-05-01T17:44:45Z,137.900000000000005684,137.900000000000005684,False,P,0.000000000000000000,199.769561173469384130,0.00,0.00,,,1498.267894522488177245,-1298.213610790816346707,0.000000000000000000,0.000000000000000000,1497.267894522488177245,-1298.213610790816346707,,
2026-04-30,38,2026-04-30T17:30:00Z,2026-05-01T18:14:40Z,95.233987088958855338,95.233987088958855338,False,N,0.000000000000000000,-60.936078468906735850,0.00,0.00,95.433955533477444533,0.579312222222222228,1400.261025605532267946,-1460.915178955017836415,0.000000000000000000,0.000000000000000000,1400.261025605532267946,-1459.915178955017836415,,
2026-04-30,39,2026-04-30T18:00:00Z,2026-05-01T18:44:45Z,139.567669634732112627,139.567669634732112627,False,P,0.000000000000000000,71.324580561576354398,0.00,0.00,,,1516.312847953286109259,-1445.149412361111217251,0.000000000000000000,0.000000000000000000,1515.312847953286109259,-1445.149412361111217251,,
2026-04-30,40,2026-04-30T18:30:00Z,2026-05-01T19:14:43Z,141.250000000000000000,141.250000000000000000,False,P,0.000000000000000000,226.904059000896069165,0.00,0.00,,,1656.084366996923790794,-1429.042253472222228083,0.000000000000000000,0.000000000000000000,1655.084366996923790794,-1429.042253472222228083,,
2026-04-30,41,2026-04-30T19:00:00Z,2026-05-01T19:44:44Z,138.090000000000003411,138.090000000000003411,False,P,0.000000000000000000,46.511663546626984100,0.00,0.00,,,1475.473705768849185915,-1428.593514221230179828,0.000000000000000000,0.000000000000000000,1474.473705768849185915,-1428.593514221230179828,,
2026-04-30,42,2026-04-30T19:30:00Z,2026-05-01T20:14:44Z,138.080000000000012506,138.080000000000012506,False,P,0.000000000000000000,70.869295416666673759,0.00,0.00,,,1495.727943194444378605,-1424.605720555555535611,0.000000000000000000,0.000000000000000000,1494.727943194444378605,-1424.605720555555535611,,
2026-04-30,43,2026-04-30T20:00:00Z,2026-05-01T20:44:53Z,100.507836352779193589,100.507836352779193589,False,N,0.000000000000000000,-25.082734265873014579,0.00,0.00,103.533693333333332021,1.000000000000000000,1425.427169761904679035,-1450.411790416666690362,0.000000000000000000,0.000000000000000000,1425.427169761904679035,-1449.411790416666690362,,
2026-04-30,44,2026-04-30T20:30:00Z,2026-05-01T21:14:48Z,101.599999999999994316,101.599999999999994316,False,N,0.000000000000000000,-333.912305873015895941,0.00,0.00,101.599999999999994316,0.000000000000000000,1012.027416349206305313,-1345.735430694444403343,0.000000000000000000,0.000000000000000000,1012.027416349206305313,-1344.735430694444403343,,
2026-04-30,45,2026-04-30T21:00:00Z,2026-05-01T21:45:05Z,69.731781859232668808,69.731781859232668808,False,N,0.000000000000000000,-523.491056527777800511,0.00,0.00,70.536249999999995453,1.000000000000000000,840.192276805555593455,-1363.528384444444554902,0.000000000000000000,0.000000000000000000,840.192276805555593455,-1362.528384444444554902,,
2026-04-30,46,2026-04-30T21:30:00Z,2026-05-01T22:14:44Z,88.590000000000003411,88.590000000000003411,False,N,0.000000000000000000,-49.418292891414139945,0.00,0.00,88.590000000000003411,0.000000000000000000,1173.699415441919200020,-1222.210526988636274837,0.000000000000000000,0.000000000000000000,1173.699415441919200020,-1221.210526988636274837,,
2026-04-30,47,2026-04-30T22:00:00Z,2026-05-01T22:44:48Z,105.719999999999998863,105.719999999999998863,False,P,0.000000000000000000,209.057888953703695734,0.00,0.00,,,1286.645389509259302940,-1077.475943814814854704,0.000000000000000000,0.000000000000000000,1285.645389509259302940,-1077.475943814814854704,,
2026-04-30,48,2026-04-30T22:30:00Z,2026-05-01T23:15:35Z,116.900000000000005684,116.900000000000005684,False,P,0.000000000000000000,27.962345277777778563,0.00,0.00,,,880.733570208333389928,-853.656069861111063801,0.000000000000000000,0.000000000000000000,879.733570208333389928,-853.656069861111063801,,
